2025-11-04 13:05:29,053 - INFO - Setting up Elasticsearch client at: http://localhost:9200
2025-11-04 13:05:29,096 - INFO - Using device: cuda
2025-11-04 13:05:29,096 - INFO - Loading tokenizer: BAAI/bge-base-en-v1.5
2025-11-04 13:05:29,901 - INFO - Loading embedding model: BAAI/bge-base-en-v1.5
2025-11-04 13:05:30,442 - INFO - Loading reranker model: BAAI/bge-reranker-base
2025-11-04 13:07:33,665 - INFO - Setting up Elasticsearch client at: http://localhost:9200
2025-11-04 13:07:33,709 - INFO - Using device: cuda
2025-11-04 13:07:33,710 - INFO - Loading tokenizer: BAAI/bge-base-en-v1.5
2025-11-04 13:07:37,602 - INFO - Loading embedding model: BAAI/bge-base-en-v1.5
2025-11-04 13:07:41,441 - INFO - Loading reranker model: BAAI/bge-reranker-base
2025-11-04 13:09:10,472 - INFO - Setting up Elasticsearch client at: http://localhost:9200
2025-11-04 13:09:10,516 - INFO - Using device: cuda
2025-11-04 13:09:10,516 - INFO - Loading tokenizer: BAAI/bge-base-en-v1.5
2025-11-04 13:09:11,399 - INFO - Loading embedding model: BAAI/bge-base-en-v1.5
2025-11-04 13:09:11,988 - INFO - Loading reranker model: BAAI/bge-reranker-base
2025-11-04 13:10:53,639 - INFO - Setting up Elasticsearch client at: http://localhost:9200
2025-11-04 13:10:53,680 - INFO - Using device: cuda
2025-11-04 13:10:53,680 - INFO - Loading tokenizer: BAAI/bge-base-en-v1.5
2025-11-04 13:10:54,476 - INFO - Loading embedding model: BAAI/bge-base-en-v1.5
2025-11-04 13:10:55,480 - INFO - Loading reranker model: BAAI/bge-reranker-base
2025-11-04 13:11:01,489 - INFO - --- Query: 'What are the heviest and lightest elements in periodic table?' ---
2025-11-04 13:11:01,655 - INFO - Step 1: Retrieving top 20 hybrid results from Elasticsearch...
2025-11-04 13:11:01,867 - INFO - Step 2: Reranking 20 results...
2025-11-04 13:11:02,499 - INFO - Step 3: Applying 'small-to-big' retrieval logic...
2025-11-04 13:11:02,500 - INFO - Fetching parent chunk '2f9fae48-1974-44e1-be4b-381e5cd6e648' for child '1a63ba55-4390-4ef9-ae4f-29976426a0b0'
2025-11-04 13:11:02,524 - INFO - Fetching parent chunk 'd9397e29-c641-43cb-8939-44f386cd43b1' for child 'dfef914f-560d-4bcd-88a4-80f3c7a7daca'
2025-11-04 13:11:02,528 - INFO - Fetching parent chunk '482dd368-1e82-484b-a2e7-7814dc28d9f8' for child '2f9fae48-1974-44e1-be4b-381e5cd6e648'
2025-11-04 13:11:02,532 - INFO - Fetching parent chunk '9a0b71d2-592e-4018-9ec6-7dbfba9d2054' for child '2bdb3953-76af-4b08-b9eb-ab5dd8d1bfc4'
2025-11-04 13:11:02,536 - INFO - Fetching parent chunk 'e5221e95-326e-4617-a43b-3391133b3bbc' for child 'f7c6947e-d176-4646-a5d2-c8765e5020f2'
2025-11-04 13:11:02,541 - INFO - Retrieved 5 final context chunks.
2025-11-04 13:17:12,692 - INFO - Setting up Elasticsearch client at: http://localhost:9200
2025-11-04 13:17:12,735 - INFO - Using device: cuda
2025-11-04 13:17:12,735 - INFO - Loading tokenizer: BAAI/bge-base-en-v1.5
2025-11-04 13:17:13,677 - INFO - Loading embedding model: BAAI/bge-base-en-v1.5
2025-11-04 13:17:14,363 - INFO - Loading reranker model: BAAI/bge-reranker-base
2025-11-04 13:18:40,273 - INFO - Setting up Elasticsearch client at: http://localhost:9200
2025-11-04 13:18:40,321 - INFO - Using device: cuda
2025-11-04 13:18:40,322 - INFO - Loading tokenizer: BAAI/bge-base-en-v1.5
2025-11-04 13:18:41,597 - INFO - Loading embedding model: BAAI/bge-base-en-v1.5
2025-11-04 13:18:42,195 - INFO - Loading reranker model: BAAI/bge-reranker-base
2025-11-04 13:29:31,153 - INFO - Setting up Elasticsearch client at: http://localhost:9200
2025-11-04 13:29:31,194 - INFO - Using device: cuda
2025-11-04 13:29:31,194 - INFO - Loading tokenizer: BAAI/bge-base-en-v1.5
2025-11-04 13:29:33,364 - INFO - Loading embedding model: BAAI/bge-base-en-v1.5
2025-11-04 13:29:34,051 - INFO - Loading reranker model: BAAI/bge-reranker-base
2025-11-04 13:30:29,754 - INFO - Setting up Elasticsearch client at: http://localhost:9200
2025-11-04 13:30:29,791 - INFO - Using device: cuda
2025-11-04 13:30:29,791 - INFO - Loading tokenizer: BAAI/bge-base-en-v1.5
2025-11-04 13:30:31,008 - INFO - Loading embedding model: BAAI/bge-base-en-v1.5
2025-11-04 13:30:31,716 - INFO - Loading reranker model: BAAI/bge-reranker-base
2025-11-04 13:33:40,062 - INFO - Setting up Elasticsearch client at: http://localhost:9200
2025-11-04 13:33:40,111 - INFO - Using device: cuda
2025-11-04 13:33:40,111 - INFO - Loading tokenizer: BAAI/bge-base-en-v1.5
2025-11-04 13:33:41,993 - INFO - Loading embedding model: BAAI/bge-base-en-v1.5
2025-11-04 13:33:42,795 - INFO - Loading reranker model: BAAI/bge-reranker-base
2025-11-04 13:33:45,962 - INFO - --- Query: 'What are the heviest and lightest elements in periodic table?' ---
2025-11-04 13:33:46,152 - INFO - Step 1: Retrieving top 20 hybrid results from Elasticsearch...
2025-11-04 13:33:46,299 - INFO - Step 2: Reranking 20 results...
2025-11-04 13:33:46,920 - INFO - Step 3: Applying 'small-to-big' retrieval logic...
2025-11-04 13:33:46,920 - INFO - Fetching parent chunk '2f9fae48-1974-44e1-be4b-381e5cd6e648' for child '1a63ba55-4390-4ef9-ae4f-29976426a0b0'
2025-11-04 13:33:46,941 - INFO - Fetching parent chunk 'd9397e29-c641-43cb-8939-44f386cd43b1' for child 'dfef914f-560d-4bcd-88a4-80f3c7a7daca'
2025-11-04 13:33:46,945 - INFO - Fetching parent chunk '482dd368-1e82-484b-a2e7-7814dc28d9f8' for child '2f9fae48-1974-44e1-be4b-381e5cd6e648'
2025-11-04 13:33:46,950 - INFO - Fetching parent chunk '9a0b71d2-592e-4018-9ec6-7dbfba9d2054' for child '2bdb3953-76af-4b08-b9eb-ab5dd8d1bfc4'
2025-11-04 13:33:46,953 - INFO - Fetching parent chunk 'e5221e95-326e-4617-a43b-3391133b3bbc' for child 'f7c6947e-d176-4646-a5d2-c8765e5020f2'
2025-11-04 13:33:46,958 - INFO - Retrieved 5 final context chunks.
2025-11-04 13:33:47,955 - INFO - Reranker unloaded from GPU and memory cleared.
2025-11-04 13:36:24,326 - INFO - Setting up Elasticsearch client at: http://localhost:9200
2025-11-04 13:36:25,011 - INFO - Using device: cuda
2025-11-04 13:36:25,011 - INFO - Loading tokenizer: BAAI/bge-base-en-v1.5
2025-11-04 13:36:27,783 - INFO - Loading embedding model: BAAI/bge-base-en-v1.5
2025-11-04 13:36:28,432 - INFO - Loading reranker model: BAAI/bge-reranker-base
2025-11-04 13:36:32,671 - INFO - --- Query: 'Explain me the basics of periodic table' ---
2025-11-04 13:36:32,828 - INFO - Step 1: Retrieving top 20 hybrid results from Elasticsearch...
2025-11-04 13:36:32,873 - INFO - Step 2: Reranking 20 results...
2025-11-04 13:36:33,490 - INFO - Step 3: Applying 'small-to-big' retrieval logic...
2025-11-04 13:36:33,490 - INFO - Fetching parent chunk '1dcf5d6f-285a-48de-96ac-d882655f9b99' for child '2e886769-0d4b-4889-a20b-ca2ac0b1d77f'
2025-11-04 13:36:33,514 - INFO - Fetching parent chunk '47d89168-9968-4d5a-987e-d1b19e60a221' for child '7843daef-4e8e-4c4a-bcaa-03c4765d7405'
2025-11-04 13:36:33,519 - INFO - Fetching parent chunk '2e886769-0d4b-4889-a20b-ca2ac0b1d77f' for child '0f5fd2b6-b2ee-4206-995c-672be52f134c'
2025-11-04 13:36:33,524 - INFO - Fetching parent chunk 'd0b86469-bd96-41ae-9e1a-8042af18d0db' for child '82400f82-801c-44cb-914b-117c3465461a'
2025-11-04 13:36:33,530 - INFO - Retrieved 5 final context chunks.
2025-11-04 13:36:34,211 - INFO - Reranker unloaded from GPU and memory cleared.
2025-11-04 14:00:14,392 - INFO - Setting up Elasticsearch client at: http://localhost:9200
2025-11-04 14:00:14,428 - INFO - Using device: cuda
2025-11-04 14:00:14,428 - INFO - Loading tokenizer: BAAI/bge-base-en-v1.5
2025-11-04 14:00:15,350 - INFO - Loading embedding model: BAAI/bge-base-en-v1.5
2025-11-04 14:00:16,236 - INFO - Loading reranker model: BAAI/bge-reranker-base
2025-11-04 14:00:20,385 - INFO - --- Query: 'string' ---
2025-11-04 14:00:20,614 - INFO - Step 1: Retrieving top 20 hybrid results from Elasticsearch...
2025-11-04 14:00:20,782 - INFO - Step 2: Reranking 20 results...
2025-11-04 14:00:21,426 - INFO - Step 3: Applying 'small-to-big' retrieval logic...
2025-11-04 14:00:21,426 - INFO - Fetching parent chunk '4441ddfe-dd40-4054-94a3-681596bc7cb5' for child '67a9ca1e-6e0b-4751-924a-b529eeeb19c1'
2025-11-04 14:00:21,450 - INFO - Fetching parent chunk '1a623f13-9086-4b8e-ba5e-ddfc31673555' for child 'a174939f-593e-446c-b1c0-549fd326915f'
2025-11-04 14:00:21,454 - INFO - Fetching parent chunk '30cc0629-fe13-4416-8b07-f1271889faca' for child '3ed6cbd7-9de8-432f-8414-47cc2cfb0d2d'
2025-11-04 14:00:21,459 - INFO - Fetching parent chunk 'e9a707da-59f9-46cf-b397-ad797724b1d1' for child '9a34d6c4-e1d0-4d39-984f-1da11a2aa3da'
2025-11-04 14:00:21,467 - INFO - Retrieved 5 final context chunks.
2025-11-04 14:00:22,312 - INFO - Reranker unloaded from GPU and memory cleared.
2025-11-04 14:00:43,116 - INFO - Setting up Elasticsearch client at: http://localhost:9200
2025-11-04 14:00:43,142 - INFO - Using device: cuda
2025-11-04 14:00:43,142 - INFO - Loading tokenizer: BAAI/bge-base-en-v1.5
2025-11-04 14:00:44,197 - INFO - Loading embedding model: BAAI/bge-base-en-v1.5
2025-11-04 14:00:44,790 - INFO - Loading reranker model: BAAI/bge-reranker-base
2025-11-04 14:00:47,114 - INFO - --- Query: 'Explain properties of metals' ---
2025-11-04 14:00:47,139 - INFO - Step 1: Retrieving top 20 hybrid results from Elasticsearch...
2025-11-04 14:00:47,204 - INFO - Step 2: Reranking 20 results...
2025-11-04 14:00:47,825 - INFO - Step 3: Applying 'small-to-big' retrieval logic...
2025-11-04 14:00:47,825 - INFO - Fetching parent chunk '5110291e-86c7-4728-ac1b-52d75d3ec957' for child '13382a10-37e5-4ec3-8e6e-986f8b75ad51'
2025-11-04 14:00:47,838 - INFO - Fetching parent chunk '835b5235-6bd5-4273-b32a-16798b100a1f' for child '3c911799-8980-4f66-b1a9-4e2087c92539'
2025-11-04 14:00:47,841 - INFO - Fetching parent chunk '14e2b4c1-bf8a-4379-9718-207733630215' for child '35cf074f-931a-4d8d-b6f0-54012fa6daba'
2025-11-04 14:00:47,847 - INFO - Fetching parent chunk '3c911799-8980-4f66-b1a9-4e2087c92539' for child 'b4debb75-2afa-4803-8bc5-6cc6f6e623ac'
2025-11-04 14:00:47,851 - INFO - Retrieved 5 final context chunks.
2025-11-04 14:00:48,551 - INFO - Reranker unloaded from GPU and memory cleared.
2025-11-04 14:01:57,666 - INFO - Setting up Elasticsearch client at: http://localhost:9200
2025-11-04 14:01:57,705 - INFO - Using device: cuda
2025-11-04 14:01:57,705 - INFO - Loading tokenizer: BAAI/bge-base-en-v1.5
2025-11-04 14:01:58,506 - INFO - Loading embedding model: BAAI/bge-base-en-v1.5
2025-11-04 14:01:59,105 - INFO - Loading reranker model: BAAI/bge-reranker-base
2025-11-04 14:02:01,494 - INFO - --- Query: 'Explain the properties of metals' ---
2025-11-04 14:02:01,647 - INFO - Step 1: Retrieving top 20 hybrid results from Elasticsearch...
2025-11-04 14:02:01,788 - INFO - Step 2: Reranking 20 results...
2025-11-04 14:02:02,406 - INFO - Step 3: Applying 'small-to-big' retrieval logic...
2025-11-04 14:02:02,407 - INFO - Fetching parent chunk '5110291e-86c7-4728-ac1b-52d75d3ec957' for child '13382a10-37e5-4ec3-8e6e-986f8b75ad51'
2025-11-04 14:02:02,435 - INFO - Fetching parent chunk '14e2b4c1-bf8a-4379-9718-207733630215' for child '35cf074f-931a-4d8d-b6f0-54012fa6daba'
2025-11-04 14:02:02,440 - INFO - Fetching parent chunk '835b5235-6bd5-4273-b32a-16798b100a1f' for child '3c911799-8980-4f66-b1a9-4e2087c92539'
2025-11-04 14:02:02,445 - INFO - Fetching parent chunk '8558cd53-7865-4f9c-b898-3a8c034156a8' for child '34189151-252e-4111-98aa-26282fb9a63b'
2025-11-04 14:02:02,452 - INFO - Retrieved 5 final context chunks.
2025-11-04 14:02:03,251 - INFO - Reranker unloaded from GPU and memory cleared.
2025-11-04 14:03:00,043 - INFO - Setting up Elasticsearch client at: http://localhost:9200
2025-11-04 14:03:00,061 - INFO - Using device: cuda
2025-11-04 14:03:00,061 - INFO - Loading tokenizer: BAAI/bge-base-en-v1.5
2025-11-04 14:03:00,713 - INFO - Loading embedding model: BAAI/bge-base-en-v1.5
2025-11-04 14:03:01,471 - INFO - Loading reranker model: BAAI/bge-reranker-base
2025-11-04 14:03:04,762 - INFO - --- Query: 'Explain the properties of metals' ---
2025-11-04 14:03:04,781 - INFO - Step 1: Retrieving top 20 hybrid results from Elasticsearch...
2025-11-04 14:03:04,856 - INFO - Step 2: Reranking 20 results...
2025-11-04 14:03:05,487 - INFO - Step 3: Applying 'small-to-big' retrieval logic...
2025-11-04 14:03:05,487 - INFO - Fetching parent chunk '5110291e-86c7-4728-ac1b-52d75d3ec957' for child '13382a10-37e5-4ec3-8e6e-986f8b75ad51'
2025-11-04 14:03:05,506 - INFO - Fetching parent chunk '14e2b4c1-bf8a-4379-9718-207733630215' for child '35cf074f-931a-4d8d-b6f0-54012fa6daba'
2025-11-04 14:03:05,514 - INFO - Fetching parent chunk '835b5235-6bd5-4273-b32a-16798b100a1f' for child '3c911799-8980-4f66-b1a9-4e2087c92539'
2025-11-04 14:03:05,528 - INFO - Fetching parent chunk '8558cd53-7865-4f9c-b898-3a8c034156a8' for child '34189151-252e-4111-98aa-26282fb9a63b'
2025-11-04 14:03:05,535 - INFO - Retrieved 5 final context chunks.
2025-11-04 14:03:06,396 - INFO - Reranker unloaded from GPU and memory cleared.
2025-11-05 20:54:09,063 - INFO - Setting up Elasticsearch client at: http://localhost:9200
2025-11-05 20:54:09,067 - ERROR - Failed to connect to Elasticsearch: Could not connect to Elasticsearch.
2025-11-05 20:56:29,958 - INFO - Setting up Elasticsearch client at: http://localhost:9200
2025-11-05 20:56:30,039 - INFO - Using device: cuda
2025-11-05 20:56:30,039 - INFO - Loading tokenizer: BAAI/bge-base-en-v1.5
2025-11-05 20:56:31,675 - INFO - Loading embedding model: BAAI/bge-base-en-v1.5
2025-11-05 20:56:35,139 - INFO - Loading reranker model: BAAI/bge-reranker-base
2025-11-05 20:56:42,146 - INFO - --- Query: 'What is periodic table?' ---
2025-11-05 20:56:42,990 - INFO - Step 1: Retrieving top 20 hybrid results from Elasticsearch...
2025-11-05 20:56:43,051 - ERROR - Error querying Elasticsearch: BadRequestError(400, 'search_phase_execution_exception', 'failed to create query: the query vector has a different dimension [768] than the index vectors [1024]')
2025-11-05 21:04:25,074 - INFO - Setting up Elasticsearch client at: http://localhost:9200
2025-11-05 21:04:25,096 - INFO - Using device: cuda
2025-11-05 21:04:25,096 - INFO - Loading tokenizer: BAAI/bge-base-en-v1.5
2025-11-05 21:04:26,043 - INFO - Loading embedding model: BAAI/bge-base-en-v1.5
2025-11-05 21:04:26,597 - INFO - Loading reranker model: BAAI/bge-reranker-base
2025-11-05 21:04:29,259 - INFO - --- Query: 'What is periodic table?' ---
2025-11-05 21:04:29,407 - INFO - Step 1: Retrieving top 20 hybrid results from Elasticsearch...
2025-11-05 21:04:29,503 - INFO - Step 2: Reranking 20 results...
2025-11-05 21:04:30,140 - INFO - Step 3: Applying 'small-to-big' retrieval logic...
2025-11-05 21:04:30,140 - INFO - Fetching parent chunk 'e5221e95-326e-4617-a43b-3391133b3bbc' for child '84fb4e3a-31b2-4e01-8387-ecb86dd16fd8'
2025-11-05 21:04:30,146 - INFO - Fetching parent chunk '1dcf5d6f-285a-48de-96ac-d882655f9b99' for child '2e886769-0d4b-4889-a20b-ca2ac0b1d77f'
2025-11-05 21:04:30,150 - INFO - Fetching parent chunk '2e886769-0d4b-4889-a20b-ca2ac0b1d77f' for child '0f5fd2b6-b2ee-4206-995c-672be52f134c'
2025-11-05 21:04:30,154 - INFO - Fetching parent chunk '482dd368-1e82-484b-a2e7-7814dc28d9f8' for child 'e5221e95-326e-4617-a43b-3391133b3bbc'
2025-11-05 21:04:30,160 - INFO - Retrieved 5 final context chunks.
2025-11-05 21:04:31,307 - INFO - Reranker unloaded from GPU and memory cleared.
2025-11-05 21:46:37,277 - INFO - Setting up Elasticsearch client at: http://localhost:9200
2025-11-05 21:46:37,510 - INFO - Using device: cuda
2025-11-05 21:46:37,510 - INFO - Loading tokenizer: BAAI/bge-base-en-v1.5
2025-11-05 21:46:38,296 - INFO - Loading embedding model: BAAI/bge-base-en-v1.5
2025-11-05 21:46:39,146 - INFO - Loading reranker model: BAAI/bge-reranker-base
2025-11-05 21:48:35,247 - INFO - Setting up Elasticsearch client at: http://localhost:9200
2025-11-05 21:48:35,282 - INFO - Using device: cuda
2025-11-05 21:48:35,282 - INFO - Loading tokenizer: BAAI/bge-base-en-v1.5
2025-11-05 21:48:36,781 - INFO - Loading embedding model: BAAI/bge-base-en-v1.5
2025-11-05 21:48:37,588 - INFO - Loading reranker model: BAAI/bge-reranker-base
2025-11-05 21:49:28,813 - INFO - Setting up Elasticsearch client at: http://localhost:9200
2025-11-05 21:49:28,849 - INFO - Using device: cuda
2025-11-05 21:49:28,849 - INFO - Loading tokenizer: BAAI/bge-base-en-v1.5
2025-11-05 21:49:30,020 - INFO - Loading embedding model: BAAI/bge-base-en-v1.5
2025-11-05 21:49:30,865 - INFO - Loading reranker model: BAAI/bge-reranker-base
2025-11-05 21:49:43,646 - INFO - Setting up Elasticsearch client at: http://localhost:9200
2025-11-05 21:49:43,701 - INFO - Using device: cuda
2025-11-05 21:49:43,701 - INFO - Loading tokenizer: BAAI/bge-base-en-v1.5
2025-11-05 21:49:44,681 - INFO - Loading embedding model: BAAI/bge-base-en-v1.5
2025-11-05 21:49:45,293 - INFO - Loading reranker model: BAAI/bge-reranker-base
2025-11-05 21:50:48,665 - INFO - Setting up Elasticsearch client at: http://localhost:9200
2025-11-05 21:50:48,699 - INFO - Using device: cuda
2025-11-05 21:50:48,699 - INFO - Loading tokenizer: BAAI/bge-base-en-v1.5
2025-11-05 21:50:55,003 - INFO - Loading embedding model: BAAI/bge-base-en-v1.5
2025-11-05 21:50:55,692 - INFO - Loading reranker model: BAAI/bge-reranker-base
2025-11-05 21:51:44,549 - INFO - --- Query: 'Summarize the properties of beryllium and generate 3 quiz questions.' ---
2025-11-05 21:51:44,787 - INFO - Step 1: Retrieving top 20 hybrid results from Elasticsearch...
2025-11-05 21:51:45,369 - INFO - Step 2: Reranking 20 results...
2025-11-05 21:51:46,039 - INFO - Step 3: Applying 'small-to-big' retrieval logic...
2025-11-05 21:51:46,039 - INFO - Fetching parent chunk 'ee35de00-4dd9-457e-81c5-7885e76f3fc2' for child 'e19a91e7-b4bc-459c-9320-6b811a7eaac0'
2025-11-05 21:51:46,090 - INFO - Fetching parent chunk 'f2fe9a4b-1fcb-4bac-9c86-9536fe1b0460' for child '59876923-6c66-4601-872c-12c440c8304b'
2025-11-05 21:51:46,096 - INFO - Fetching parent chunk '59876923-6c66-4601-872c-12c440c8304b' for child '6b3a3d64-311b-4a05-b53a-527e50ec118d'
2025-11-05 21:51:46,102 - INFO - Fetching parent chunk 'cfe81993-02c3-4b1f-a8d7-16193785dcef' for child 'ac339db0-a499-4b27-8a32-15f756fff0fb'
2025-11-05 21:51:46,111 - INFO - Fetching parent chunk '003d8e15-2725-41b7-afc2-0902e0890a2b' for child '3275f9c5-983f-452f-a247-40f7725780f8'
2025-11-05 21:51:46,120 - INFO - Retrieved 5 final context chunks.
2025-11-05 21:51:46,894 - INFO - Reranker unloaded from GPU and memory cleared.
2025-11-05 21:52:45,411 - INFO - Setting up Elasticsearch client at: http://localhost:9200
2025-11-05 21:52:45,441 - INFO - Using device: cuda
2025-11-05 21:52:45,442 - INFO - Loading tokenizer: BAAI/bge-base-en-v1.5
2025-11-05 21:52:46,926 - INFO - Loading embedding model: BAAI/bge-base-en-v1.5
2025-11-05 21:52:47,511 - INFO - Loading reranker model: BAAI/bge-reranker-base
2025-11-05 21:52:54,079 - INFO - --- Query: 'Summarize the properties of beryllium and generate 3 quiz questions.' ---
2025-11-05 21:52:54,214 - INFO - Step 1: Retrieving top 20 hybrid results from Elasticsearch...
2025-11-05 21:52:54,381 - INFO - Step 2: Reranking 20 results...
2025-11-05 21:52:55,041 - INFO - Step 3: Applying 'small-to-big' retrieval logic...
2025-11-05 21:52:55,041 - INFO - Fetching parent chunk 'ee35de00-4dd9-457e-81c5-7885e76f3fc2' for child 'e19a91e7-b4bc-459c-9320-6b811a7eaac0'
2025-11-05 21:52:55,082 - INFO - Fetching parent chunk 'f2fe9a4b-1fcb-4bac-9c86-9536fe1b0460' for child '59876923-6c66-4601-872c-12c440c8304b'
2025-11-05 21:52:55,090 - INFO - Fetching parent chunk '59876923-6c66-4601-872c-12c440c8304b' for child '6b3a3d64-311b-4a05-b53a-527e50ec118d'
2025-11-05 21:52:55,113 - INFO - Fetching parent chunk 'cfe81993-02c3-4b1f-a8d7-16193785dcef' for child 'ac339db0-a499-4b27-8a32-15f756fff0fb'
2025-11-05 21:52:55,119 - INFO - Fetching parent chunk '003d8e15-2725-41b7-afc2-0902e0890a2b' for child '3275f9c5-983f-452f-a247-40f7725780f8'
2025-11-05 21:52:55,126 - INFO - Retrieved 5 final context chunks.
2025-11-05 21:52:55,912 - INFO - Reranker unloaded from GPU and memory cleared.
2025-11-05 21:59:58,352 - INFO - Setting up Elasticsearch client at: http://localhost:9200
2025-11-05 21:59:58,383 - INFO - Preferred device: cuda
2025-11-05 21:59:58,383 - INFO - Loading tokenizer: BAAI/bge-base-en-v1.5
2025-11-05 21:59:59,364 - INFO - Loading embedding model on CPU: BAAI/bge-base-en-v1.5
2025-11-05 21:59:59,733 - INFO - Loading reranker model on CPU: BAAI/bge-reranker-base
2025-11-05 22:00:26,021 - INFO - Setting up Elasticsearch client at: http://localhost:9200
2025-11-05 22:00:26,068 - INFO - Preferred device: cuda
2025-11-05 22:00:26,068 - INFO - Loading tokenizer: BAAI/bge-base-en-v1.5
2025-11-05 22:00:27,093 - INFO - Loading embedding model on CPU: BAAI/bge-base-en-v1.5
2025-11-05 22:00:27,622 - INFO - Loading reranker model on CPU: BAAI/bge-reranker-base
2025-11-05 22:00:32,411 - INFO - --- Query: 'Summarize the properties of beryllium and generate 3 quiz questions.' ---
2025-11-05 22:00:32,414 - INFO - Moving embedding model to compute device for embedding...
2025-11-05 22:00:32,748 - INFO - Offloading embedding model back to CPU...
2025-11-05 22:00:32,962 - INFO - Step 1: Retrieving top 20 hybrid results from Elasticsearch...
2025-11-05 22:00:33,200 - INFO - Step 2: Reranking 20 results...
2025-11-05 22:00:33,200 - INFO - Moving reranker to compute device for reranking...
2025-11-05 22:00:34,079 - INFO - Offloading reranker back to CPU...
2025-11-05 22:00:34,627 - INFO - Step 3: Applying 'small-to-big' retrieval logic...
2025-11-05 22:00:34,627 - INFO - Fetching parent chunk 'ee35de00-4dd9-457e-81c5-7885e76f3fc2' for child 'e19a91e7-b4bc-459c-9320-6b811a7eaac0'
2025-11-05 22:00:34,656 - INFO - Fetching parent chunk 'f2fe9a4b-1fcb-4bac-9c86-9536fe1b0460' for child '59876923-6c66-4601-872c-12c440c8304b'
2025-11-05 22:00:34,662 - INFO - Fetching parent chunk '59876923-6c66-4601-872c-12c440c8304b' for child '6b3a3d64-311b-4a05-b53a-527e50ec118d'
2025-11-05 22:00:34,672 - INFO - Fetching parent chunk 'cfe81993-02c3-4b1f-a8d7-16193785dcef' for child 'ac339db0-a499-4b27-8a32-15f756fff0fb'
2025-11-05 22:00:34,677 - INFO - Fetching parent chunk '003d8e15-2725-41b7-afc2-0902e0890a2b' for child '3275f9c5-983f-452f-a247-40f7725780f8'
2025-11-05 22:00:34,683 - INFO - Retrieved 5 final context chunks.
2025-11-05 22:22:37,505 - INFO - Setting up Elasticsearch client at: http://localhost:9200
2025-11-05 22:22:37,566 - INFO - Preferred device: cuda
2025-11-05 22:22:37,566 - INFO - Loading tokenizer: BAAI/bge-base-en-v1.5
2025-11-05 22:22:38,752 - INFO - Loading embedding model on CPU: BAAI/bge-base-en-v1.5
2025-11-05 22:22:39,138 - INFO - Loading reranker model on CPU: BAAI/bge-reranker-base
2025-11-05 22:23:45,260 - INFO - --- Query: 'Generate a 5-question quiz on the topic of photosynthesis, save it as a PDF named photosynthesis_quiz.pdf, and email it to kavuri.hruday@research.iiit.ac.in with a short note saying Here is your requested quiz on photosynthesis.' ---
2025-11-05 22:23:45,280 - INFO - Moving embedding model to compute device for embedding...
2025-11-05 22:23:45,654 - INFO - Offloading embedding model back to CPU...
2025-11-05 22:23:45,823 - INFO - Step 1: Retrieving top 20 hybrid results from Elasticsearch...
2025-11-05 22:23:46,206 - INFO - Step 2: Reranking 20 results...
2025-11-05 22:23:46,206 - INFO - Moving reranker to compute device for reranking...
2025-11-05 22:23:47,068 - INFO - Offloading reranker back to CPU...
2025-11-05 22:23:47,624 - INFO - Step 3: Applying 'small-to-big' retrieval logic...
2025-11-05 22:23:47,624 - INFO - Fetching parent chunk '01538ab4-d2dc-4d95-9832-df6b5583b07b' for child '74a2af42-e4f5-403a-95f5-8c0f2b626d11'
2025-11-05 22:23:47,679 - INFO - Fetching parent chunk 'a280fac9-44ba-4016-bb3b-bee06a773301' for child 'e52b1b2e-915e-4cbc-9eab-03179b8991af'
2025-11-05 22:23:47,684 - INFO - Fetching parent chunk 'f83a0448-c7c5-46bd-b2ff-1935742c4a81' for child '21ba4c4d-5686-42e9-9d55-d38bd7c334b7'
2025-11-05 22:23:47,691 - INFO - Fetching parent chunk '2eb907d1-43ee-452f-9d5b-7549a302c1c5' for child 'ed8c7158-4226-4a95-8872-d4a934c51cae'
2025-11-05 22:23:47,698 - INFO - Fetching parent chunk 'f2fe9a4b-1fcb-4bac-9c86-9536fe1b0460' for child '8cabe111-6430-484e-a5c7-3cc8bd8e7c3b'
2025-11-05 22:23:47,704 - INFO - Retrieved 5 final context chunks.
2025-11-05 22:28:20,238 - INFO - Setting up Elasticsearch client at: http://localhost:9200
2025-11-05 22:28:20,269 - INFO - Preferred device: cuda
2025-11-05 22:28:20,269 - INFO - Loading tokenizer: BAAI/bge-base-en-v1.5
2025-11-05 22:28:21,386 - INFO - Loading embedding model on CPU: BAAI/bge-base-en-v1.5
2025-11-05 22:28:22,053 - INFO - Loading reranker model on CPU: BAAI/bge-reranker-base
2025-11-05 22:28:31,125 - INFO - --- Query: 'Generate a 5-question quiz on the topic of photosynthesis, save it as a PDF named photosynthesis_quiz.pdf, and email it to kavuri.hruday@research.iiit.ac.in with a short note saying Here is your requested quiz on photosynthesis.' ---
2025-11-05 22:28:31,128 - INFO - Moving embedding model to compute device for embedding...
2025-11-05 22:28:31,482 - INFO - Offloading embedding model back to CPU...
2025-11-05 22:28:31,656 - INFO - Step 1: Retrieving top 20 hybrid results from Elasticsearch...
2025-11-05 22:28:31,958 - INFO - Step 2: Reranking 20 results...
2025-11-05 22:28:31,958 - INFO - Moving reranker to compute device for reranking...
2025-11-05 22:28:32,819 - INFO - Offloading reranker back to CPU...
2025-11-05 22:28:33,246 - INFO - Step 3: Applying 'small-to-big' retrieval logic...
2025-11-05 22:28:33,246 - INFO - Fetching parent chunk '01538ab4-d2dc-4d95-9832-df6b5583b07b' for child '74a2af42-e4f5-403a-95f5-8c0f2b626d11'
2025-11-05 22:28:33,284 - INFO - Fetching parent chunk 'a280fac9-44ba-4016-bb3b-bee06a773301' for child 'e52b1b2e-915e-4cbc-9eab-03179b8991af'
2025-11-05 22:28:33,291 - INFO - Fetching parent chunk 'f83a0448-c7c5-46bd-b2ff-1935742c4a81' for child '21ba4c4d-5686-42e9-9d55-d38bd7c334b7'
2025-11-05 22:28:33,302 - INFO - Fetching parent chunk '2eb907d1-43ee-452f-9d5b-7549a302c1c5' for child 'ed8c7158-4226-4a95-8872-d4a934c51cae'
2025-11-05 22:28:33,309 - INFO - Fetching parent chunk 'f2fe9a4b-1fcb-4bac-9c86-9536fe1b0460' for child '8cabe111-6430-484e-a5c7-3cc8bd8e7c3b'
2025-11-05 22:28:33,318 - INFO - Retrieved 5 final context chunks.
2025-11-05 22:30:39,624 - INFO - Setting up Elasticsearch client at: http://localhost:9200
2025-11-05 22:30:39,652 - INFO - Preferred device: cuda
2025-11-05 22:30:39,652 - INFO - Loading tokenizer: BAAI/bge-base-en-v1.5
2025-11-05 22:30:40,671 - INFO - Loading embedding model on CPU: BAAI/bge-base-en-v1.5
2025-11-05 22:30:41,195 - INFO - Loading reranker model on CPU: BAAI/bge-reranker-base
2025-11-05 22:30:46,986 - INFO - --- Query: 'Generate a 5-question quiz on the topic of photosynthesis, save it as a PDF named photosynthesis_quiz.pdf, and email it to kavuri.hruday@research.iiit.ac.in with a short note saying Here is your requested quiz on photosynthesis.' ---
2025-11-05 22:30:46,989 - INFO - Moving embedding model to compute device for embedding...
2025-11-05 22:30:47,550 - INFO - Offloading embedding model back to CPU...
2025-11-05 22:30:47,715 - INFO - Step 1: Retrieving top 20 hybrid results from Elasticsearch...
2025-11-05 22:30:48,028 - INFO - Step 2: Reranking 20 results...
2025-11-05 22:30:48,028 - INFO - Moving reranker to compute device for reranking...
2025-11-05 22:30:49,218 - INFO - Offloading reranker back to CPU...
2025-11-05 22:30:49,629 - INFO - Step 3: Applying 'small-to-big' retrieval logic...
2025-11-05 22:30:49,629 - INFO - Fetching parent chunk '01538ab4-d2dc-4d95-9832-df6b5583b07b' for child '74a2af42-e4f5-403a-95f5-8c0f2b626d11'
2025-11-05 22:30:49,637 - INFO - Fetching parent chunk 'a280fac9-44ba-4016-bb3b-bee06a773301' for child 'e52b1b2e-915e-4cbc-9eab-03179b8991af'
2025-11-05 22:30:49,645 - INFO - Fetching parent chunk 'f83a0448-c7c5-46bd-b2ff-1935742c4a81' for child '21ba4c4d-5686-42e9-9d55-d38bd7c334b7'
2025-11-05 22:30:49,652 - INFO - Fetching parent chunk '2eb907d1-43ee-452f-9d5b-7549a302c1c5' for child 'ed8c7158-4226-4a95-8872-d4a934c51cae'
2025-11-05 22:30:49,664 - INFO - Fetching parent chunk 'f2fe9a4b-1fcb-4bac-9c86-9536fe1b0460' for child '8cabe111-6430-484e-a5c7-3cc8bd8e7c3b'
2025-11-05 22:30:49,676 - INFO - Retrieved 5 final context chunks.
2025-11-05 22:34:01,268 - INFO - Setting up Elasticsearch client at: http://localhost:9200
2025-11-05 22:34:01,289 - INFO - Preferred device: cuda
2025-11-05 22:34:01,290 - INFO - Loading tokenizer: BAAI/bge-base-en-v1.5
2025-11-05 22:34:02,460 - INFO - Loading embedding model on CPU: BAAI/bge-base-en-v1.5
2025-11-05 22:34:02,880 - INFO - Loading reranker model on CPU: BAAI/bge-reranker-base
2025-11-05 22:35:38,916 - INFO - Setting up Elasticsearch client at: http://localhost:9200
2025-11-05 22:35:38,948 - INFO - Preferred device: cuda
2025-11-05 22:35:38,948 - INFO - Loading tokenizer: BAAI/bge-base-en-v1.5
2025-11-05 22:35:40,390 - INFO - Loading embedding model on CPU: BAAI/bge-base-en-v1.5
2025-11-05 22:35:40,921 - INFO - Loading reranker model on CPU: BAAI/bge-reranker-base
2025-11-05 22:36:46,969 - INFO - --- Query: 'Generate a 5-question quiz on the topic of photosynthesis, save it as a PDF named photosynthesis_quiz.pdf, and email it to kavuri.hruday@research.iiit.ac.in with a short note saying Here is your requested quiz on photosynthesis.' ---
2025-11-05 22:36:46,972 - INFO - Moving embedding model to compute device for embedding...
2025-11-05 22:36:47,283 - INFO - Offloading embedding model back to CPU...
2025-11-05 22:36:47,449 - INFO - Step 1: Retrieving top 20 hybrid results from Elasticsearch...
2025-11-05 22:36:47,654 - INFO - Step 2: Reranking 20 results...
2025-11-05 22:36:47,654 - INFO - Moving reranker to compute device for reranking...
2025-11-05 22:36:48,718 - INFO - Offloading reranker back to CPU...
2025-11-05 22:36:49,195 - INFO - Step 3: Applying 'small-to-big' retrieval logic...
2025-11-05 22:36:49,195 - INFO - Fetching parent chunk '01538ab4-d2dc-4d95-9832-df6b5583b07b' for child '74a2af42-e4f5-403a-95f5-8c0f2b626d11'
2025-11-05 22:36:49,202 - INFO - Fetching parent chunk 'a280fac9-44ba-4016-bb3b-bee06a773301' for child 'e52b1b2e-915e-4cbc-9eab-03179b8991af'
2025-11-05 22:36:49,208 - INFO - Fetching parent chunk 'f83a0448-c7c5-46bd-b2ff-1935742c4a81' for child '21ba4c4d-5686-42e9-9d55-d38bd7c334b7'
2025-11-05 22:36:49,215 - INFO - Fetching parent chunk '2eb907d1-43ee-452f-9d5b-7549a302c1c5' for child 'ed8c7158-4226-4a95-8872-d4a934c51cae'
2025-11-05 22:36:49,220 - INFO - Fetching parent chunk 'f2fe9a4b-1fcb-4bac-9c86-9536fe1b0460' for child '8cabe111-6430-484e-a5c7-3cc8bd8e7c3b'
2025-11-05 22:36:49,227 - INFO - Retrieved 5 final context chunks.
2025-11-05 22:37:43,177 - INFO - Setting up Elasticsearch client at: http://localhost:9200
2025-11-05 22:37:43,205 - INFO - Preferred device: cuda
2025-11-05 22:37:43,205 - INFO - Loading tokenizer: BAAI/bge-base-en-v1.5
2025-11-05 22:37:43,964 - INFO - Loading embedding model on CPU: BAAI/bge-base-en-v1.5
2025-11-05 22:37:44,333 - INFO - Loading reranker model on CPU: BAAI/bge-reranker-base
2025-11-05 22:38:03,390 - INFO - --- Query: 'Generate a 5-question quiz on the topic of photosynthesis, save it as a PDF named photosynthesis_quiz.pdf, and email it to kavuri.hruday@research.iiit.ac.in with a short note saying Here is your requested quiz on photosynthesis.' ---
2025-11-05 22:38:03,394 - INFO - Moving embedding model to compute device for embedding...
2025-11-05 22:38:03,697 - INFO - Offloading embedding model back to CPU...
2025-11-05 22:38:03,861 - INFO - Step 1: Retrieving top 20 hybrid results from Elasticsearch...
2025-11-05 22:38:04,063 - INFO - Step 2: Reranking 20 results...
2025-11-05 22:38:04,063 - INFO - Moving reranker to compute device for reranking...
2025-11-05 22:38:05,131 - INFO - Offloading reranker back to CPU...
2025-11-05 22:38:05,525 - INFO - Step 3: Applying 'small-to-big' retrieval logic...
2025-11-05 22:38:05,525 - INFO - Fetching parent chunk '01538ab4-d2dc-4d95-9832-df6b5583b07b' for child '74a2af42-e4f5-403a-95f5-8c0f2b626d11'
2025-11-05 22:38:05,532 - INFO - Fetching parent chunk 'a280fac9-44ba-4016-bb3b-bee06a773301' for child 'e52b1b2e-915e-4cbc-9eab-03179b8991af'
2025-11-05 22:38:05,539 - INFO - Fetching parent chunk 'f83a0448-c7c5-46bd-b2ff-1935742c4a81' for child '21ba4c4d-5686-42e9-9d55-d38bd7c334b7'
2025-11-05 22:38:05,546 - INFO - Fetching parent chunk '2eb907d1-43ee-452f-9d5b-7549a302c1c5' for child 'ed8c7158-4226-4a95-8872-d4a934c51cae'
2025-11-05 22:38:05,553 - INFO - Fetching parent chunk 'f2fe9a4b-1fcb-4bac-9c86-9536fe1b0460' for child '8cabe111-6430-484e-a5c7-3cc8bd8e7c3b'
2025-11-05 22:38:05,567 - INFO - Retrieved 5 final context chunks.
2025-11-05 22:41:49,115 - INFO - Setting up Elasticsearch client at: http://localhost:9200
2025-11-05 22:41:49,141 - INFO - Preferred device: cuda
2025-11-05 22:41:49,141 - INFO - Loading tokenizer: BAAI/bge-base-en-v1.5
2025-11-05 22:41:50,355 - INFO - Loading embedding model on CPU: BAAI/bge-base-en-v1.5
2025-11-05 22:41:50,841 - INFO - Loading reranker model on CPU: BAAI/bge-reranker-base
2025-11-05 22:41:55,454 - INFO - --- Query: 'Generate a 5-question quiz on the topic of photosynthesis, save it as a PDF named photosynthesis_quiz.pdf, and email it to kavuri.hruday@research.iiit.ac.in with a short note saying Here is your requested quiz on photosynthesis.' ---
2025-11-05 22:41:55,457 - INFO - Moving embedding model to compute device for embedding...
2025-11-05 22:41:55,761 - INFO - Offloading embedding model back to CPU...
2025-11-05 22:41:55,925 - INFO - Step 1: Retrieving top 20 hybrid results from Elasticsearch...
2025-11-05 22:41:56,141 - INFO - Step 2: Reranking 20 results...
2025-11-05 22:41:56,141 - INFO - Moving reranker to compute device for reranking...
2025-11-05 22:41:56,972 - INFO - Offloading reranker back to CPU...
2025-11-05 22:41:57,394 - INFO - Step 3: Applying 'small-to-big' retrieval logic...
2025-11-05 22:41:57,395 - INFO - Fetching parent chunk '01538ab4-d2dc-4d95-9832-df6b5583b07b' for child '74a2af42-e4f5-403a-95f5-8c0f2b626d11'
2025-11-05 22:41:57,404 - INFO - Fetching parent chunk 'a280fac9-44ba-4016-bb3b-bee06a773301' for child 'e52b1b2e-915e-4cbc-9eab-03179b8991af'
2025-11-05 22:41:57,416 - INFO - Fetching parent chunk 'f83a0448-c7c5-46bd-b2ff-1935742c4a81' for child '21ba4c4d-5686-42e9-9d55-d38bd7c334b7'
2025-11-05 22:41:57,427 - INFO - Fetching parent chunk '2eb907d1-43ee-452f-9d5b-7549a302c1c5' for child 'ed8c7158-4226-4a95-8872-d4a934c51cae'
2025-11-05 22:41:57,436 - INFO - Fetching parent chunk 'f2fe9a4b-1fcb-4bac-9c86-9536fe1b0460' for child '8cabe111-6430-484e-a5c7-3cc8bd8e7c3b'
2025-11-05 22:41:57,442 - INFO - Retrieved 5 final context chunks.
2025-11-05 23:07:17,462 - INFO - Setting up Elasticsearch client at: http://localhost:9200
2025-11-05 23:07:17,489 - INFO - Preferred device: cuda
2025-11-05 23:07:17,489 - INFO - Loading tokenizer: BAAI/bge-base-en-v1.5
2025-11-05 23:07:22,613 - INFO - Loading embedding model on CPU: BAAI/bge-base-en-v1.5
2025-11-05 23:07:23,114 - INFO - Loading reranker model on CPU: BAAI/bge-reranker-base
2025-11-05 23:09:24,906 - INFO - Setting up Elasticsearch client at: http://localhost:9200
2025-11-05 23:09:24,938 - INFO - Preferred device: cuda
2025-11-05 23:09:24,938 - INFO - Loading tokenizer: BAAI/bge-base-en-v1.5
2025-11-05 23:09:26,503 - INFO - Loading embedding model on CPU: BAAI/bge-base-en-v1.5
2025-11-05 23:09:27,151 - INFO - Loading reranker model on CPU: BAAI/bge-reranker-base
2025-11-05 23:10:38,549 - INFO - Setting up Elasticsearch client at: http://localhost:9200
2025-11-05 23:10:38,577 - INFO - Preferred device: cuda
2025-11-05 23:10:38,577 - INFO - Loading tokenizer: BAAI/bge-base-en-v1.5
2025-11-05 23:10:50,806 - INFO - Loading embedding model on CPU: BAAI/bge-base-en-v1.5
2025-11-05 23:10:51,892 - INFO - Loading reranker model on CPU: BAAI/bge-reranker-base
2025-11-05 23:11:12,920 - INFO - --- Query: 'Generate a 5-question quiz on the topic of photosynthesis, save it as a PDF named photosynthesis_quiz.pdf, and email it to kavuri.hruday@research.iiit.ac.in with a short note saying Here is your requested quiz on photosynthesis.' ---
2025-11-05 23:11:12,924 - INFO - Moving embedding model to compute device for embedding...
2025-11-05 23:11:13,392 - INFO - Offloading embedding model back to CPU...
2025-11-05 23:11:13,591 - INFO - Step 1: Retrieving top 20 hybrid results from Elasticsearch...
2025-11-05 23:11:13,820 - INFO - Step 2: Reranking 20 results...
2025-11-05 23:11:13,820 - INFO - Moving reranker to compute device for reranking...
2025-11-05 23:11:14,792 - INFO - Offloading reranker back to CPU...
2025-11-05 23:11:15,257 - INFO - Step 3: Applying 'small-to-big' retrieval logic...
2025-11-05 23:11:15,257 - INFO - Fetching parent chunk '01538ab4-d2dc-4d95-9832-df6b5583b07b' for child '74a2af42-e4f5-403a-95f5-8c0f2b626d11'
2025-11-05 23:11:15,268 - INFO - Fetching parent chunk 'a280fac9-44ba-4016-bb3b-bee06a773301' for child 'e52b1b2e-915e-4cbc-9eab-03179b8991af'
2025-11-05 23:11:15,277 - INFO - Fetching parent chunk 'f83a0448-c7c5-46bd-b2ff-1935742c4a81' for child '21ba4c4d-5686-42e9-9d55-d38bd7c334b7'
2025-11-05 23:11:15,284 - INFO - Fetching parent chunk '2eb907d1-43ee-452f-9d5b-7549a302c1c5' for child 'ed8c7158-4226-4a95-8872-d4a934c51cae'
2025-11-05 23:11:15,291 - INFO - Fetching parent chunk 'f2fe9a4b-1fcb-4bac-9c86-9536fe1b0460' for child '8cabe111-6430-484e-a5c7-3cc8bd8e7c3b'
2025-11-05 23:11:15,298 - INFO - Retrieved 5 final context chunks.
2025-11-05 23:12:17,681 - INFO - Setting up Elasticsearch client at: http://localhost:9200
2025-11-05 23:12:17,708 - INFO - Preferred device: cuda
2025-11-05 23:12:17,709 - INFO - Loading tokenizer: BAAI/bge-base-en-v1.5
2025-11-05 23:12:21,615 - INFO - Loading embedding model on CPU: BAAI/bge-base-en-v1.5
2025-11-05 23:12:23,368 - INFO - Loading reranker model on CPU: BAAI/bge-reranker-base
2025-11-05 23:12:36,976 - INFO - --- Query: 'Generate a 5-question quiz on the topic of photosynthesis, save it as a PDF named photosynthesis_quiz.pdf, and email it to kavuri.hruday@research.iiit.ac.in with a short note saying Here is your requested quiz on photosynthesis.' ---
2025-11-05 23:12:36,980 - INFO - Moving embedding model to compute device for embedding...
2025-11-05 23:12:37,518 - INFO - Offloading embedding model back to CPU...
2025-11-05 23:12:37,681 - INFO - Step 1: Retrieving top 20 hybrid results from Elasticsearch...
2025-11-05 23:12:37,945 - INFO - Step 2: Reranking 20 results...
2025-11-05 23:12:37,946 - INFO - Moving reranker to compute device for reranking...
2025-11-05 23:12:39,354 - INFO - Offloading reranker back to CPU...
2025-11-05 23:12:39,819 - INFO - Step 3: Applying 'small-to-big' retrieval logic...
2025-11-05 23:12:39,819 - INFO - Fetching parent chunk '01538ab4-d2dc-4d95-9832-df6b5583b07b' for child '74a2af42-e4f5-403a-95f5-8c0f2b626d11'
2025-11-05 23:12:39,827 - INFO - Fetching parent chunk 'a280fac9-44ba-4016-bb3b-bee06a773301' for child 'e52b1b2e-915e-4cbc-9eab-03179b8991af'
2025-11-05 23:12:39,833 - INFO - Fetching parent chunk 'f83a0448-c7c5-46bd-b2ff-1935742c4a81' for child '21ba4c4d-5686-42e9-9d55-d38bd7c334b7'
2025-11-05 23:12:39,841 - INFO - Fetching parent chunk '2eb907d1-43ee-452f-9d5b-7549a302c1c5' for child 'ed8c7158-4226-4a95-8872-d4a934c51cae'
2025-11-05 23:12:39,849 - INFO - Fetching parent chunk 'f2fe9a4b-1fcb-4bac-9c86-9536fe1b0460' for child '8cabe111-6430-484e-a5c7-3cc8bd8e7c3b'
2025-11-05 23:12:39,857 - INFO - Retrieved 5 final context chunks.
2025-11-05 23:32:05,947 - INFO - Setting up Elasticsearch client at: http://localhost:9200
2025-11-05 23:32:05,972 - INFO - Preferred device: cuda
2025-11-05 23:32:05,973 - INFO - Loading tokenizer: BAAI/bge-base-en-v1.5
2025-11-05 23:32:06,913 - INFO - Loading embedding model on CPU: BAAI/bge-base-en-v1.5
2025-11-05 23:32:07,452 - INFO - Loading reranker model on CPU: BAAI/bge-reranker-base
2025-11-05 23:32:10,382 - INFO - --- Query: 'Generate a 5-question quiz on the topic of photosynthesis, save it as a PDF named photosynthesis_quiz.pdf, and email it to kavuri.hruday@research.iiit.ac.in with a short note saying Here is your requested quiz on photosynthesis.' ---
2025-11-05 23:32:10,394 - INFO - Moving embedding model to compute device for embedding...
2025-11-05 23:32:10,896 - INFO - Offloading embedding model back to CPU...
2025-11-05 23:32:11,133 - INFO - Step 1: Retrieving top 20 hybrid results from Elasticsearch...
2025-11-05 23:32:11,257 - INFO - Step 2: Reranking 20 results...
2025-11-05 23:32:11,257 - INFO - Moving reranker to compute device for reranking...
2025-11-05 23:32:12,567 - INFO - Offloading reranker back to CPU...
2025-11-05 23:32:12,993 - INFO - Step 3: Applying 'small-to-big' retrieval logic...
2025-11-05 23:32:12,993 - INFO - Fetching parent chunk '01538ab4-d2dc-4d95-9832-df6b5583b07b' for child '74a2af42-e4f5-403a-95f5-8c0f2b626d11'
2025-11-05 23:32:13,002 - INFO - Fetching parent chunk 'a280fac9-44ba-4016-bb3b-bee06a773301' for child 'e52b1b2e-915e-4cbc-9eab-03179b8991af'
2025-11-05 23:32:13,012 - INFO - Fetching parent chunk 'f83a0448-c7c5-46bd-b2ff-1935742c4a81' for child '21ba4c4d-5686-42e9-9d55-d38bd7c334b7'
2025-11-05 23:32:13,035 - INFO - Fetching parent chunk '2eb907d1-43ee-452f-9d5b-7549a302c1c5' for child 'ed8c7158-4226-4a95-8872-d4a934c51cae'
2025-11-05 23:32:13,042 - INFO - Fetching parent chunk 'f2fe9a4b-1fcb-4bac-9c86-9536fe1b0460' for child '8cabe111-6430-484e-a5c7-3cc8bd8e7c3b'
2025-11-05 23:32:13,051 - INFO - Retrieved 5 final context chunks.
2025-11-07 01:47:14,006 - INFO - Setting up Elasticsearch client at: http://localhost:9200
2025-11-07 01:47:14,373 - ERROR - Failed to connect to Elasticsearch: Could not connect to Elasticsearch.
2025-11-07 01:49:19,988 - INFO - Setting up Elasticsearch client at: http://localhost:9200
2025-11-07 01:49:19,993 - ERROR - Failed to connect to Elasticsearch: Could not connect to Elasticsearch.
2025-11-07 01:50:58,616 - INFO - Setting up Elasticsearch client at: http://localhost:9200
2025-11-07 01:50:59,325 - INFO - Preferred device: cuda
2025-11-07 01:50:59,326 - INFO - Loading tokenizer: BAAI/bge-base-en-v1.5
2025-11-07 01:50:59,999 - INFO - Loading embedding model on CPU: BAAI/bge-base-en-v1.5
2025-11-07 01:51:00,363 - INFO - Loading reranker model on CPU: BAAI/bge-reranker-base
2025-11-07 01:53:13,541 - INFO - Setting up Elasticsearch client at: http://localhost:9200
2025-11-07 01:53:14,238 - INFO - Preferred device: cuda
2025-11-07 01:53:14,238 - INFO - Loading tokenizer: BAAI/bge-base-en-v1.5
2025-11-07 01:53:14,882 - INFO - Loading embedding model on CPU: BAAI/bge-base-en-v1.5
2025-11-07 01:53:15,253 - INFO - Loading reranker model on CPU: BAAI/bge-reranker-base
2025-11-07 01:53:17,545 - INFO - --- Query: 'Generate a quiz on periodic table' ---
2025-11-07 01:53:17,563 - INFO - Moving embedding model to compute device for embedding...
2025-11-07 01:53:20,204 - INFO - Offloading embedding model back to CPU...
2025-11-07 01:53:21,643 - INFO - Step 1: Retrieving top 20 hybrid results from Elasticsearch...
2025-11-07 01:53:22,341 - INFO - Step 2: Reranking 20 results...
2025-11-07 01:53:22,341 - INFO - Moving reranker to compute device for reranking...
2025-11-07 01:53:23,952 - INFO - Offloading reranker back to CPU...
2025-11-07 01:53:27,689 - INFO - Step 3: Applying 'small-to-big' retrieval logic...
2025-11-07 01:53:27,693 - INFO - Fetching parent chunk '2e886769-0d4b-4889-a20b-ca2ac0b1d77f' for child '77d22d5a-f662-4f12-bd85-8db3edc01930'
2025-11-07 01:53:28,167 - INFO - Fetching parent chunk '01538ab4-d2dc-4d95-9832-df6b5583b07b' for child '74a2af42-e4f5-403a-95f5-8c0f2b626d11'
2025-11-07 01:53:28,174 - INFO - Fetching parent chunk '93e32338-567f-4111-b466-156c41f13eba' for child 'e48db51b-5bbb-4acd-be85-d0a22e1e91ae'
2025-11-07 01:53:28,181 - INFO - Fetching parent chunk '2f9fae48-1974-44e1-be4b-381e5cd6e648' for child '71ec064a-98ed-4bc0-9ce9-40334a721569'
2025-11-07 01:53:28,187 - INFO - Fetching parent chunk '74a2af42-e4f5-403a-95f5-8c0f2b626d11' for child 'fdef4490-2ea3-445f-955b-480c15a342ce'
2025-11-07 01:53:28,196 - INFO - Retrieved 5 final context chunks.
2025-11-07 01:53:56,670 - INFO - Setting up Elasticsearch client at: http://localhost:9200
2025-11-07 01:53:57,409 - INFO - Preferred device: cuda
2025-11-07 01:53:57,409 - INFO - Loading tokenizer: BAAI/bge-base-en-v1.5
2025-11-07 01:53:58,064 - INFO - Loading embedding model on CPU: BAAI/bge-base-en-v1.5
2025-11-07 01:53:58,404 - INFO - Loading reranker model on CPU: BAAI/bge-reranker-base
2025-11-07 01:54:00,516 - INFO - --- Query: 'Generate a quiz on periodic table' ---
2025-11-07 01:54:00,532 - INFO - Moving embedding model to compute device for embedding...
2025-11-07 01:54:01,049 - INFO - Offloading embedding model back to CPU...
2025-11-07 01:54:01,210 - INFO - Step 1: Retrieving top 20 hybrid results from Elasticsearch...
2025-11-07 01:54:01,347 - INFO - Step 2: Reranking 20 results...
2025-11-07 01:54:01,348 - INFO - Moving reranker to compute device for reranking...
2025-11-07 01:54:02,564 - INFO - Offloading reranker back to CPU...
2025-11-07 01:54:05,369 - INFO - Step 3: Applying 'small-to-big' retrieval logic...
2025-11-07 01:54:05,369 - INFO - Fetching parent chunk '2e886769-0d4b-4889-a20b-ca2ac0b1d77f' for child '77d22d5a-f662-4f12-bd85-8db3edc01930'
2025-11-07 01:54:05,383 - INFO - Fetching parent chunk '01538ab4-d2dc-4d95-9832-df6b5583b07b' for child '74a2af42-e4f5-403a-95f5-8c0f2b626d11'
2025-11-07 01:54:05,392 - INFO - Fetching parent chunk '93e32338-567f-4111-b466-156c41f13eba' for child 'e48db51b-5bbb-4acd-be85-d0a22e1e91ae'
2025-11-07 01:54:05,402 - INFO - Fetching parent chunk '2f9fae48-1974-44e1-be4b-381e5cd6e648' for child '71ec064a-98ed-4bc0-9ce9-40334a721569'
2025-11-07 01:54:05,409 - INFO - Fetching parent chunk '74a2af42-e4f5-403a-95f5-8c0f2b626d11' for child 'fdef4490-2ea3-445f-955b-480c15a342ce'
2025-11-07 01:54:05,420 - INFO - Retrieved 5 final context chunks.
2025-11-07 01:54:46,172 - INFO - Setting up Elasticsearch client at: http://localhost:9200
2025-11-07 01:54:46,889 - INFO - Preferred device: cuda
2025-11-07 01:54:46,889 - INFO - Loading tokenizer: BAAI/bge-base-en-v1.5
2025-11-07 01:54:47,544 - INFO - Loading embedding model on CPU: BAAI/bge-base-en-v1.5
2025-11-07 01:54:47,899 - INFO - Loading reranker model on CPU: BAAI/bge-reranker-base
2025-11-07 01:54:50,060 - INFO - --- Query: 'introductory periodic table topics for 8th grade' ---
2025-11-07 01:54:50,067 - INFO - Moving embedding model to compute device for embedding...
2025-11-07 01:54:50,407 - INFO - Offloading embedding model back to CPU...
2025-11-07 01:54:50,569 - INFO - Step 1: Retrieving top 20 hybrid results from Elasticsearch...
2025-11-07 01:54:50,671 - INFO - Step 2: Reranking 20 results...
2025-11-07 01:54:50,671 - INFO - Moving reranker to compute device for reranking...
2025-11-07 01:54:51,475 - INFO - Offloading reranker back to CPU...
2025-11-07 01:54:51,868 - INFO - Step 3: Applying 'small-to-big' retrieval logic...
2025-11-07 01:54:51,869 - INFO - Fetching parent chunk 'e90a6f97-5bfe-4551-95ca-b92fd6630800' for child 'cd99b48b-5cc9-4496-8f69-0fdcbfb6fb1b'
2025-11-07 01:54:51,887 - INFO - Fetching parent chunk '2e886769-0d4b-4889-a20b-ca2ac0b1d77f' for child '0f5fd2b6-b2ee-4206-995c-672be52f134c'
2025-11-07 01:54:51,893 - INFO - Fetching parent chunk '47d89168-9968-4d5a-987e-d1b19e60a221' for child '7843daef-4e8e-4c4a-bcaa-03c4765d7405'
2025-11-07 01:54:51,908 - INFO - Fetching parent chunk '7280e3be-e4f8-4b6a-9521-9fc7a6a05b57' for child '298ec6c2-fe66-459e-8d0b-0baf4ddaac4f'
2025-11-07 01:54:51,920 - INFO - Retrieved 5 final context chunks.
2025-11-07 01:59:45,420 - INFO - Setting up Elasticsearch client at: http://localhost:9200
2025-11-07 01:59:46,247 - INFO - Preferred device: cuda
2025-11-07 01:59:46,247 - INFO - Loading tokenizer: BAAI/bge-base-en-v1.5
2025-11-07 01:59:46,926 - INFO - Loading embedding model on CPU: BAAI/bge-base-en-v1.5
2025-11-07 01:59:47,304 - INFO - Loading reranker model on CPU: BAAI/bge-reranker-base
2025-11-07 01:59:49,608 - INFO - --- Query: 'periodic table basics for 8th grade' ---
2025-11-07 01:59:49,616 - INFO - Moving embedding model to compute device for embedding...
2025-11-07 01:59:50,178 - INFO - Offloading embedding model back to CPU...
2025-11-07 01:59:50,341 - INFO - Step 1: Retrieving top 20 hybrid results from Elasticsearch...
2025-11-07 01:59:50,404 - INFO - Step 2: Reranking 20 results...
2025-11-07 01:59:50,404 - INFO - Moving reranker to compute device for reranking...
2025-11-07 01:59:51,479 - INFO - Offloading reranker back to CPU...
2025-11-07 01:59:51,918 - INFO - Step 3: Applying 'small-to-big' retrieval logic...
2025-11-07 01:59:51,918 - INFO - Fetching parent chunk 'd0b86469-bd96-41ae-9e1a-8042af18d0db' for child '82400f82-801c-44cb-914b-117c3465461a'
2025-11-07 01:59:51,933 - INFO - Fetching parent chunk '47d89168-9968-4d5a-987e-d1b19e60a221' for child '7843daef-4e8e-4c4a-bcaa-03c4765d7405'
2025-11-07 01:59:51,940 - INFO - Fetching parent chunk '23d2135e-2a3b-4f71-8750-1557d26e8811' for child '909b021b-a846-4862-aa87-57b9687d3c39'
2025-11-07 01:59:51,956 - INFO - Fetching parent chunk 'd9397e29-c641-43cb-8939-44f386cd43b1' for child '2c38d9ee-ed60-4f72-8a3d-e3f183358510'
2025-11-07 01:59:51,962 - INFO - Retrieved 4 final context chunks.
2025-11-07 02:03:55,536 - INFO - Setting up Elasticsearch client at: http://localhost:9200
2025-11-07 02:03:56,230 - INFO - Preferred device: cuda
2025-11-07 02:03:56,230 - INFO - Loading tokenizer: BAAI/bge-base-en-v1.5
2025-11-07 02:03:56,880 - INFO - Loading embedding model on CPU: BAAI/bge-base-en-v1.5
2025-11-07 02:03:57,222 - INFO - Loading reranker model on CPU: BAAI/bge-reranker-base
2025-11-07 02:03:59,365 - INFO - --- Query: '**Key Learning Topic:** Introductory concepts of the periodic table for 8th grade.

**Query:** How do the properties of elements change across a period and down a group?' ---
2025-11-07 02:03:59,371 - INFO - Moving embedding model to compute device for embedding...
2025-11-07 02:03:59,685 - INFO - Offloading embedding model back to CPU...
2025-11-07 02:03:59,852 - INFO - Step 1: Retrieving top 20 hybrid results from Elasticsearch...
2025-11-07 02:03:59,972 - INFO - Step 2: Reranking 20 results...
2025-11-07 02:03:59,972 - INFO - Moving reranker to compute device for reranking...
2025-11-07 02:04:01,154 - INFO - Offloading reranker back to CPU...
2025-11-07 02:04:01,577 - INFO - Step 3: Applying 'small-to-big' retrieval logic...
2025-11-07 02:04:01,577 - INFO - Fetching parent chunk '50da7922-f217-48d6-8506-ae33f9dc8903' for child '66ed9cf0-e8c5-48bf-a816-099dbc6123fa'
2025-11-07 02:04:01,592 - INFO - Fetching parent chunk '0eb5b7df-f156-411b-a3d1-fe98768b7295' for child '36b3eee5-70d5-467d-8509-224a74343cc6'
2025-11-07 02:04:01,597 - INFO - Fetching parent chunk '51865ec1-eebc-451d-bbe0-5d79c0d7b1fb' for child 'a280fac9-44ba-4016-bb3b-bee06a773301'
2025-11-07 02:04:01,603 - INFO - Fetching parent chunk 'a280fac9-44ba-4016-bb3b-bee06a773301' for child 'aec42856-12ba-4cef-8835-667ce1330f35'
2025-11-07 02:04:01,610 - INFO - Fetching parent chunk '9ad27519-f6bb-47c5-8ab9-5ec8017e13d1' for child 'd0b86469-bd96-41ae-9e1a-8042af18d0db'
2025-11-07 02:04:01,619 - INFO - Retrieved 5 final context chunks.
2025-11-07 02:06:59,669 - INFO - Setting up Elasticsearch client at: http://localhost:9200
2025-11-07 02:07:00,413 - INFO - Preferred device: cuda
2025-11-07 02:07:00,413 - INFO - Loading tokenizer: BAAI/bge-base-en-v1.5
2025-11-07 02:07:01,088 - INFO - Loading embedding model on CPU: BAAI/bge-base-en-v1.5
2025-11-07 02:07:01,711 - INFO - Loading reranker model on CPU: BAAI/bge-reranker-base
2025-11-07 02:07:03,861 - INFO - --- Query: '**Key Learning Topic:** Introductory concepts of the periodic table for an 8th-grade level.

**Query:** What does an element's position in a group and period reveal about its properties?' ---
2025-11-07 02:07:03,876 - INFO - Moving embedding model to compute device for embedding...
2025-11-07 02:07:04,388 - INFO - Offloading embedding model back to CPU...
2025-11-07 02:07:04,583 - INFO - Step 1: Retrieving top 20 hybrid results from Elasticsearch...
2025-11-07 02:07:04,760 - INFO - Step 2: Reranking 20 results...
2025-11-07 02:07:04,760 - INFO - Moving reranker to compute device for reranking...
2025-11-07 02:07:06,193 - INFO - Offloading reranker back to CPU...
2025-11-07 02:07:06,699 - INFO - Step 3: Applying 'small-to-big' retrieval logic...
2025-11-07 02:07:06,700 - INFO - Fetching parent chunk '2e886769-0d4b-4889-a20b-ca2ac0b1d77f' for child '77d22d5a-f662-4f12-bd85-8db3edc01930'
2025-11-07 02:07:06,722 - INFO - Fetching parent chunk '1dcf5d6f-285a-48de-96ac-d882655f9b99' for child '2e886769-0d4b-4889-a20b-ca2ac0b1d77f'
2025-11-07 02:07:06,734 - INFO - Fetching parent chunk 'd0b86469-bd96-41ae-9e1a-8042af18d0db' for child '82400f82-801c-44cb-914b-117c3465461a'
2025-11-07 02:07:06,745 - INFO - Retrieved 4 final context chunks.
2025-11-07 02:14:04,994 - INFO - Setting up Elasticsearch client at: http://localhost:9200
2025-11-07 02:14:05,695 - INFO - Preferred device: cuda
2025-11-07 02:14:05,695 - INFO - Loading tokenizer: BAAI/bge-base-en-v1.5
2025-11-07 02:14:06,345 - INFO - Loading embedding model on CPU: BAAI/bge-base-en-v1.5
2025-11-07 02:14:06,707 - INFO - Loading reranker model on CPU: BAAI/bge-reranker-base
2025-11-07 02:14:08,747 - INFO - --- Query: 'periodic table' ---
2025-11-07 02:14:08,760 - INFO - Moving embedding model to compute device for embedding...
2025-11-07 02:14:09,302 - INFO - Offloading embedding model back to CPU...
2025-11-07 02:14:09,463 - INFO - Step 1: Retrieving top 20 hybrid results from Elasticsearch...
2025-11-07 02:14:09,542 - INFO - Step 2: Reranking 20 results...
2025-11-07 02:14:09,542 - INFO - Moving reranker to compute device for reranking...
2025-11-07 02:14:10,960 - INFO - Offloading reranker back to CPU...
2025-11-07 02:14:11,398 - INFO - Step 3: Applying 'small-to-big' retrieval logic...
2025-11-07 02:14:11,399 - INFO - Fetching parent chunk 'e5221e95-326e-4617-a43b-3391133b3bbc' for child '84fb4e3a-31b2-4e01-8387-ecb86dd16fd8'
2025-11-07 02:14:11,416 - INFO - Fetching parent chunk '2e886769-0d4b-4889-a20b-ca2ac0b1d77f' for child '0f5fd2b6-b2ee-4206-995c-672be52f134c'
2025-11-07 02:14:11,423 - INFO - Fetching parent chunk '1dcf5d6f-285a-48de-96ac-d882655f9b99' for child '2e886769-0d4b-4889-a20b-ca2ac0b1d77f'
2025-11-07 02:14:11,431 - INFO - Fetching parent chunk 'd9397e29-c641-43cb-8939-44f386cd43b1' for child 'dfef914f-560d-4bcd-88a4-80f3c7a7daca'
2025-11-07 02:14:11,439 - INFO - Retrieved 5 final context chunks.
2025-11-07 02:17:19,392 - INFO - Setting up Elasticsearch client at: http://localhost:9200
2025-11-07 02:17:20,182 - INFO - Preferred device: cuda
2025-11-07 02:17:20,182 - INFO - Loading tokenizer: BAAI/bge-base-en-v1.5
2025-11-07 02:17:20,908 - INFO - Loading embedding model on CPU: BAAI/bge-base-en-v1.5
2025-11-07 02:17:21,275 - INFO - Loading reranker model on CPU: BAAI/bge-reranker-base
2025-11-07 02:17:23,397 - INFO - --- Query: 'periodic table' ---
2025-11-07 02:17:23,424 - INFO - Moving embedding model to compute device for embedding...
2025-11-07 02:17:23,774 - INFO - Offloading embedding model back to CPU...
2025-11-07 02:17:23,936 - INFO - Step 1: Retrieving top 20 hybrid results from Elasticsearch...
2025-11-07 02:17:24,216 - INFO - Step 2: Reranking 20 results...
2025-11-07 02:17:24,216 - INFO - Moving reranker to compute device for reranking...
2025-11-07 02:17:25,024 - INFO - Offloading reranker back to CPU...
2025-11-07 02:17:25,589 - INFO - Step 3: Applying 'small-to-big' retrieval logic...
2025-11-07 02:17:25,589 - INFO - Fetching parent chunk 'e5221e95-326e-4617-a43b-3391133b3bbc' for child '84fb4e3a-31b2-4e01-8387-ecb86dd16fd8'
2025-11-07 02:17:25,614 - INFO - Fetching parent chunk '2e886769-0d4b-4889-a20b-ca2ac0b1d77f' for child '0f5fd2b6-b2ee-4206-995c-672be52f134c'
2025-11-07 02:17:25,619 - INFO - Fetching parent chunk '1dcf5d6f-285a-48de-96ac-d882655f9b99' for child '2e886769-0d4b-4889-a20b-ca2ac0b1d77f'
2025-11-07 02:17:25,625 - INFO - Fetching parent chunk 'd9397e29-c641-43cb-8939-44f386cd43b1' for child 'dfef914f-560d-4bcd-88a4-80f3c7a7daca'
2025-11-07 02:17:25,637 - INFO - Retrieved 5 final context chunks.
2025-11-07 02:19:43,155 - INFO - Setting up Elasticsearch client at: http://localhost:9200
2025-11-07 02:19:43,855 - INFO - Preferred device: cuda
2025-11-07 02:19:43,855 - INFO - Loading tokenizer: BAAI/bge-base-en-v1.5
2025-11-07 02:19:44,505 - INFO - Loading embedding model on CPU: BAAI/bge-base-en-v1.5
2025-11-07 02:19:44,856 - INFO - Loading reranker model on CPU: BAAI/bge-reranker-base
2025-11-07 02:19:46,859 - INFO - --- Query: 'periodic table' ---
2025-11-07 02:19:46,862 - INFO - Moving embedding model to compute device for embedding...
2025-11-07 02:19:47,380 - INFO - Offloading embedding model back to CPU...
2025-11-07 02:19:47,546 - INFO - Step 1: Retrieving top 20 hybrid results from Elasticsearch...
2025-11-07 02:19:47,614 - INFO - Step 2: Reranking 20 results...
2025-11-07 02:19:47,614 - INFO - Moving reranker to compute device for reranking...
2025-11-07 02:19:48,665 - INFO - Offloading reranker back to CPU...
2025-11-07 02:19:49,324 - INFO - Step 3: Applying 'small-to-big' retrieval logic...
2025-11-07 02:19:49,324 - INFO - Fetching parent chunk 'e5221e95-326e-4617-a43b-3391133b3bbc' for child '84fb4e3a-31b2-4e01-8387-ecb86dd16fd8'
2025-11-07 02:19:49,333 - INFO - Fetching parent chunk '2e886769-0d4b-4889-a20b-ca2ac0b1d77f' for child '0f5fd2b6-b2ee-4206-995c-672be52f134c'
2025-11-07 02:19:49,343 - INFO - Fetching parent chunk '1dcf5d6f-285a-48de-96ac-d882655f9b99' for child '2e886769-0d4b-4889-a20b-ca2ac0b1d77f'
2025-11-07 02:19:49,352 - INFO - Fetching parent chunk 'd9397e29-c641-43cb-8939-44f386cd43b1' for child 'dfef914f-560d-4bcd-88a4-80f3c7a7daca'
2025-11-07 02:19:49,359 - INFO - Retrieved 5 final context chunks.
2025-11-07 15:48:45,259 - INFO - Setting up Elasticsearch client at: http://localhost:9200
2025-11-07 15:48:45,423 - INFO - Preferred device: cuda
2025-11-07 15:48:45,423 - INFO - Loading tokenizer: BAAI/bge-base-en-v1.5
2025-11-07 15:48:46,284 - INFO - Loading embedding model on CPU: BAAI/bge-base-en-v1.5
2025-11-07 15:48:46,698 - INFO - Loading reranker model on CPU: BAAI/bge-reranker-base
2025-11-07 15:48:49,023 - INFO - --- Query: 'periodic table' ---
2025-11-07 15:48:49,042 - INFO - Moving embedding model to compute device for embedding...
2025-11-07 15:48:49,721 - INFO - Offloading embedding model back to CPU...
2025-11-07 15:48:49,943 - INFO - Step 1: Retrieving top 20 hybrid results from Elasticsearch...
2025-11-07 15:48:50,326 - INFO - Step 2: Reranking 20 results...
2025-11-07 15:48:50,326 - INFO - Moving reranker to compute device for reranking...
2025-11-07 15:48:51,829 - INFO - Offloading reranker back to CPU...
2025-11-07 15:48:52,527 - INFO - Step 3: Applying 'small-to-big' retrieval logic...
2025-11-07 15:48:52,528 - INFO - Fetching parent chunk 'e5221e95-326e-4617-a43b-3391133b3bbc' for child '84fb4e3a-31b2-4e01-8387-ecb86dd16fd8'
2025-11-07 15:48:52,559 - INFO - Fetching parent chunk '2e886769-0d4b-4889-a20b-ca2ac0b1d77f' for child '0f5fd2b6-b2ee-4206-995c-672be52f134c'
2025-11-07 15:48:52,566 - INFO - Fetching parent chunk '1dcf5d6f-285a-48de-96ac-d882655f9b99' for child '2e886769-0d4b-4889-a20b-ca2ac0b1d77f'
2025-11-07 15:48:52,572 - INFO - Fetching parent chunk 'd9397e29-c641-43cb-8939-44f386cd43b1' for child 'dfef914f-560d-4bcd-88a4-80f3c7a7daca'
2025-11-07 15:48:52,578 - INFO - Retrieved 5 final context chunks.
2025-11-07 15:53:21,252 - INFO - Setting up Elasticsearch client at: http://localhost:9200
2025-11-07 15:53:21,948 - INFO - Preferred device: cuda
2025-11-07 15:53:21,948 - INFO - Loading tokenizer: BAAI/bge-base-en-v1.5
2025-11-07 15:53:22,785 - INFO - Loading embedding model on CPU: BAAI/bge-base-en-v1.5
2025-11-07 15:53:23,176 - INFO - Loading reranker model on CPU: BAAI/bge-reranker-base
2025-11-07 15:53:26,647 - INFO - --- Query: 'periodic table' ---
2025-11-07 15:53:26,650 - INFO - Moving embedding model to compute device for embedding...
2025-11-07 15:53:27,242 - INFO - Offloading embedding model back to CPU...
2025-11-07 15:53:27,420 - INFO - Step 1: Retrieving top 20 hybrid results from Elasticsearch...
2025-11-07 15:53:27,458 - INFO - Step 2: Reranking 20 results...
2025-11-07 15:53:27,458 - INFO - Moving reranker to compute device for reranking...
2025-11-07 15:53:28,264 - INFO - Offloading reranker back to CPU...
2025-11-07 15:53:28,932 - INFO - Step 3: Applying 'small-to-big' retrieval logic...
2025-11-07 15:53:28,932 - INFO - Fetching parent chunk 'e5221e95-326e-4617-a43b-3391133b3bbc' for child '84fb4e3a-31b2-4e01-8387-ecb86dd16fd8'
2025-11-07 15:53:28,938 - INFO - Fetching parent chunk '2e886769-0d4b-4889-a20b-ca2ac0b1d77f' for child '0f5fd2b6-b2ee-4206-995c-672be52f134c'
2025-11-07 15:53:28,944 - INFO - Fetching parent chunk '1dcf5d6f-285a-48de-96ac-d882655f9b99' for child '2e886769-0d4b-4889-a20b-ca2ac0b1d77f'
2025-11-07 15:53:28,950 - INFO - Fetching parent chunk 'd9397e29-c641-43cb-8939-44f386cd43b1' for child 'dfef914f-560d-4bcd-88a4-80f3c7a7daca'
2025-11-07 15:53:28,955 - INFO - Retrieved 5 final context chunks.
2025-11-07 15:55:11,389 - INFO - Setting up Elasticsearch client at: http://localhost:9200
2025-11-07 15:55:12,083 - INFO - Preferred device: cuda
2025-11-07 15:55:12,083 - INFO - Loading tokenizer: BAAI/bge-base-en-v1.5
2025-11-07 15:55:13,594 - INFO - Loading embedding model on CPU: BAAI/bge-base-en-v1.5
2025-11-07 15:55:13,988 - INFO - Loading reranker model on CPU: BAAI/bge-reranker-base
2025-11-07 15:55:16,319 - INFO - --- Query: 'periodic table' ---
2025-11-07 15:55:16,321 - INFO - Moving embedding model to compute device for embedding...
2025-11-07 15:55:16,625 - INFO - Offloading embedding model back to CPU...
2025-11-07 15:55:16,785 - INFO - Step 1: Retrieving top 20 hybrid results from Elasticsearch...
2025-11-07 15:55:16,809 - INFO - Step 2: Reranking 20 results...
2025-11-07 15:55:16,809 - INFO - Moving reranker to compute device for reranking...
2025-11-07 15:55:17,600 - INFO - Offloading reranker back to CPU...
2025-11-07 15:55:17,983 - INFO - Step 3: Applying 'small-to-big' retrieval logic...
2025-11-07 15:55:17,983 - INFO - Fetching parent chunk 'e5221e95-326e-4617-a43b-3391133b3bbc' for child '84fb4e3a-31b2-4e01-8387-ecb86dd16fd8'
2025-11-07 15:55:17,987 - INFO - Fetching parent chunk '2e886769-0d4b-4889-a20b-ca2ac0b1d77f' for child '0f5fd2b6-b2ee-4206-995c-672be52f134c'
2025-11-07 15:55:17,991 - INFO - Fetching parent chunk '1dcf5d6f-285a-48de-96ac-d882655f9b99' for child '2e886769-0d4b-4889-a20b-ca2ac0b1d77f'
2025-11-07 15:55:18,003 - INFO - Fetching parent chunk 'd9397e29-c641-43cb-8939-44f386cd43b1' for child 'dfef914f-560d-4bcd-88a4-80f3c7a7daca'
2025-11-07 15:55:18,007 - INFO - Retrieved 5 final context chunks.
2025-11-07 16:06:17,162 - INFO - Setting up Elasticsearch client at: http://localhost:9200
2025-11-07 16:06:17,874 - INFO - Preferred device: cuda
2025-11-07 16:06:17,874 - INFO - Loading tokenizer: BAAI/bge-base-en-v1.5
2025-11-07 16:06:18,596 - INFO - Loading embedding model on CPU: BAAI/bge-base-en-v1.5
2025-11-07 16:06:18,976 - INFO - Loading reranker model on CPU: BAAI/bge-reranker-base
2025-11-07 16:06:21,344 - INFO - --- Query: 'd-block elements' ---
2025-11-07 16:06:21,357 - INFO - Moving embedding model to compute device for embedding...
2025-11-07 16:06:21,714 - INFO - Offloading embedding model back to CPU...
2025-11-07 16:06:21,898 - INFO - Step 1: Retrieving top 20 hybrid results from Elasticsearch...
2025-11-07 16:06:21,992 - INFO - Step 2: Reranking 20 results...
2025-11-07 16:06:21,992 - INFO - Moving reranker to compute device for reranking...
2025-11-07 16:06:23,529 - INFO - Offloading reranker back to CPU...
2025-11-07 16:06:24,522 - INFO - Step 3: Applying 'small-to-big' retrieval logic...
2025-11-07 16:06:24,522 - INFO - Fetching parent chunk 'cdf276ed-a82f-411a-abbf-486060adecac' for child 'af3014c6-bbf6-4b49-a6b8-c1bd0769a5d7'
2025-11-07 16:06:24,537 - INFO - Fetching parent chunk '800f1dbd-d802-4f7b-88a7-80a85343affc' for child 'cdf276ed-a82f-411a-abbf-486060adecac'
2025-11-07 16:06:24,544 - INFO - Fetching parent chunk 'ae4ccf4d-9fd1-466d-b488-c9a3b1d6f74d' for child 'bc5a2435-8fc3-479b-9d1c-8fd0c00be7a9'
2025-11-07 16:06:24,551 - INFO - Retrieved 4 final context chunks.
2025-11-07 16:09:10,235 - INFO - Setting up Elasticsearch client at: http://localhost:9200
2025-11-07 16:09:10,937 - INFO - Preferred device: cuda
2025-11-07 16:09:10,937 - INFO - Loading tokenizer: BAAI/bge-base-en-v1.5
2025-11-07 16:09:11,765 - INFO - Loading embedding model on CPU: BAAI/bge-base-en-v1.5
2025-11-07 16:09:12,196 - INFO - Loading reranker model on CPU: BAAI/bge-reranker-base
2025-11-07 16:09:14,935 - INFO - --- Query: 'd-block elements' ---
2025-11-07 16:09:14,948 - INFO - Moving embedding model to compute device for embedding...
2025-11-07 16:09:15,496 - INFO - Offloading embedding model back to CPU...
2025-11-07 16:09:15,656 - INFO - Step 1: Retrieving top 20 hybrid results from Elasticsearch...
2025-11-07 16:09:15,735 - INFO - Step 2: Reranking 20 results...
2025-11-07 16:09:15,735 - INFO - Moving reranker to compute device for reranking...
2025-11-07 16:09:17,094 - INFO - Offloading reranker back to CPU...
2025-11-07 16:09:17,501 - INFO - Step 3: Applying 'small-to-big' retrieval logic...
2025-11-07 16:09:17,502 - INFO - Fetching parent chunk 'cdf276ed-a82f-411a-abbf-486060adecac' for child 'af3014c6-bbf6-4b49-a6b8-c1bd0769a5d7'
2025-11-07 16:09:17,518 - INFO - Fetching parent chunk '800f1dbd-d802-4f7b-88a7-80a85343affc' for child 'cdf276ed-a82f-411a-abbf-486060adecac'
2025-11-07 16:09:17,525 - INFO - Fetching parent chunk 'ae4ccf4d-9fd1-466d-b488-c9a3b1d6f74d' for child 'bc5a2435-8fc3-479b-9d1c-8fd0c00be7a9'
2025-11-07 16:09:17,530 - INFO - Retrieved 4 final context chunks.
2025-11-07 16:16:14,921 - INFO - Setting up Elasticsearch client at: http://localhost:9200
2025-11-07 16:16:15,629 - INFO - Preferred device: cuda
2025-11-07 16:16:15,629 - INFO - Loading tokenizer: BAAI/bge-base-en-v1.5
2025-11-07 16:16:16,518 - INFO - Loading embedding model on CPU: BAAI/bge-base-en-v1.5
2025-11-07 16:16:16,901 - INFO - Loading reranker model on CPU: BAAI/bge-reranker-base
2025-11-07 16:16:19,676 - INFO - --- Query: 'd-block elements' ---
2025-11-07 16:16:19,689 - INFO - Moving embedding model to compute device for embedding...
2025-11-07 16:16:20,138 - INFO - Offloading embedding model back to CPU...
2025-11-07 16:16:20,352 - INFO - Step 1: Retrieving top 20 hybrid results from Elasticsearch...
2025-11-07 16:16:20,520 - INFO - Step 2: Reranking 20 results...
2025-11-07 16:16:20,520 - INFO - Moving reranker to compute device for reranking...
2025-11-07 16:16:21,618 - INFO - Offloading reranker back to CPU...
2025-11-07 16:16:25,465 - INFO - Step 3: Applying 'small-to-big' retrieval logic...
2025-11-07 16:16:25,466 - INFO - Fetching parent chunk 'cdf276ed-a82f-411a-abbf-486060adecac' for child 'af3014c6-bbf6-4b49-a6b8-c1bd0769a5d7'
2025-11-07 16:16:25,492 - INFO - Fetching parent chunk '800f1dbd-d802-4f7b-88a7-80a85343affc' for child 'cdf276ed-a82f-411a-abbf-486060adecac'
2025-11-07 16:16:25,500 - INFO - Fetching parent chunk 'ae4ccf4d-9fd1-466d-b488-c9a3b1d6f74d' for child 'bc5a2435-8fc3-479b-9d1c-8fd0c00be7a9'
2025-11-07 16:16:25,513 - INFO - Retrieved 4 final context chunks.
2025-11-07 16:23:59,595 - INFO - Setting up Elasticsearch client at: http://localhost:9200
2025-11-07 16:24:00,294 - INFO - Preferred device: cuda
2025-11-07 16:24:00,294 - INFO - Loading tokenizer: BAAI/bge-base-en-v1.5
2025-11-07 16:24:01,313 - INFO - Loading embedding model on CPU: BAAI/bge-base-en-v1.5
2025-11-07 16:24:01,703 - INFO - Loading reranker model on CPU: BAAI/bge-reranker-base
2025-11-07 16:24:04,466 - INFO - --- Query: 'd-block elements' ---
2025-11-07 16:24:04,477 - INFO - Moving embedding model to compute device for embedding...
2025-11-07 16:24:05,019 - INFO - Offloading embedding model back to CPU...
2025-11-07 16:24:05,179 - INFO - Step 1: Retrieving top 20 hybrid results from Elasticsearch...
2025-11-07 16:24:05,261 - INFO - Step 2: Reranking 20 results...
2025-11-07 16:24:05,261 - INFO - Moving reranker to compute device for reranking...
2025-11-07 16:24:06,499 - INFO - Offloading reranker back to CPU...
2025-11-07 16:24:06,895 - INFO - Step 3: Applying 'small-to-big' retrieval logic...
2025-11-07 16:24:06,895 - INFO - Fetching parent chunk 'cdf276ed-a82f-411a-abbf-486060adecac' for child 'af3014c6-bbf6-4b49-a6b8-c1bd0769a5d7'
2025-11-07 16:24:06,909 - INFO - Fetching parent chunk '800f1dbd-d802-4f7b-88a7-80a85343affc' for child 'cdf276ed-a82f-411a-abbf-486060adecac'
2025-11-07 16:24:06,915 - INFO - Fetching parent chunk 'ae4ccf4d-9fd1-466d-b488-c9a3b1d6f74d' for child 'bc5a2435-8fc3-479b-9d1c-8fd0c00be7a9'
2025-11-07 16:24:06,942 - INFO - Retrieved 4 final context chunks.
2025-11-07 16:27:10,662 - INFO - Setting up Elasticsearch client at: http://localhost:9200
2025-11-07 16:27:11,356 - INFO - Preferred device: cuda
2025-11-07 16:27:11,356 - INFO - Loading tokenizer: BAAI/bge-base-en-v1.5
2025-11-07 16:27:12,498 - INFO - Loading embedding model on CPU: BAAI/bge-base-en-v1.5
2025-11-07 16:27:13,038 - INFO - Loading reranker model on CPU: BAAI/bge-reranker-base
2025-11-07 16:27:15,563 - INFO - --- Query: 'd-block elements' ---
2025-11-07 16:27:15,575 - INFO - Moving embedding model to compute device for embedding...
2025-11-07 16:27:16,125 - INFO - Offloading embedding model back to CPU...
2025-11-07 16:27:16,288 - INFO - Step 1: Retrieving top 20 hybrid results from Elasticsearch...
2025-11-07 16:27:16,352 - INFO - Step 2: Reranking 20 results...
2025-11-07 16:27:16,352 - INFO - Moving reranker to compute device for reranking...
2025-11-07 16:27:17,516 - INFO - Offloading reranker back to CPU...
2025-11-07 16:27:17,940 - INFO - Step 3: Applying 'small-to-big' retrieval logic...
2025-11-07 16:27:17,940 - INFO - Fetching parent chunk 'cdf276ed-a82f-411a-abbf-486060adecac' for child 'af3014c6-bbf6-4b49-a6b8-c1bd0769a5d7'
2025-11-07 16:27:17,949 - INFO - Fetching parent chunk '800f1dbd-d802-4f7b-88a7-80a85343affc' for child 'cdf276ed-a82f-411a-abbf-486060adecac'
2025-11-07 16:27:17,956 - INFO - Fetching parent chunk 'ae4ccf4d-9fd1-466d-b488-c9a3b1d6f74d' for child 'bc5a2435-8fc3-479b-9d1c-8fd0c00be7a9'
2025-11-07 16:27:17,964 - INFO - Retrieved 4 final context chunks.
2025-11-07 16:29:22,979 - INFO - Setting up Elasticsearch client at: http://localhost:9200
2025-11-07 16:29:23,673 - INFO - Preferred device: cuda
2025-11-07 16:29:23,674 - INFO - Loading tokenizer: BAAI/bge-base-en-v1.5
2025-11-07 16:29:24,581 - INFO - Loading embedding model on CPU: BAAI/bge-base-en-v1.5
2025-11-07 16:29:25,496 - INFO - Loading reranker model on CPU: BAAI/bge-reranker-base
2025-11-07 16:29:28,252 - INFO - --- Query: 'd-block elements' ---
2025-11-07 16:29:28,264 - INFO - Moving embedding model to compute device for embedding...
2025-11-07 16:29:28,575 - INFO - Offloading embedding model back to CPU...
2025-11-07 16:29:28,735 - INFO - Step 1: Retrieving top 20 hybrid results from Elasticsearch...
2025-11-07 16:29:28,810 - INFO - Step 2: Reranking 20 results...
2025-11-07 16:29:28,810 - INFO - Moving reranker to compute device for reranking...
2025-11-07 16:29:29,615 - INFO - Offloading reranker back to CPU...
2025-11-07 16:29:29,993 - INFO - Step 3: Applying 'small-to-big' retrieval logic...
2025-11-07 16:29:29,993 - INFO - Fetching parent chunk 'cdf276ed-a82f-411a-abbf-486060adecac' for child 'af3014c6-bbf6-4b49-a6b8-c1bd0769a5d7'
2025-11-07 16:29:30,013 - INFO - Fetching parent chunk '800f1dbd-d802-4f7b-88a7-80a85343affc' for child 'cdf276ed-a82f-411a-abbf-486060adecac'
2025-11-07 16:29:30,022 - INFO - Fetching parent chunk 'ae4ccf4d-9fd1-466d-b488-c9a3b1d6f74d' for child 'bc5a2435-8fc3-479b-9d1c-8fd0c00be7a9'
2025-11-07 16:29:30,029 - INFO - Retrieved 4 final context chunks.
2025-11-07 22:41:45,968 - INFO - Setting up Elasticsearch client at: http://localhost:9200
2025-11-07 22:41:46,090 - INFO - Preferred device: cuda
2025-11-07 22:41:46,090 - INFO - Loading tokenizer: BAAI/bge-base-en-v1.5
2025-11-07 22:41:46,761 - INFO - Loading embedding model on CPU: BAAI/bge-base-en-v1.5
2025-11-07 22:41:47,144 - INFO - Loading reranker model on CPU: BAAI/bge-reranker-base
2025-11-07 22:41:49,630 - INFO - --- Query: 'd-block elements' ---
2025-11-07 22:41:49,635 - INFO - Moving embedding model to compute device for embedding...
2025-11-07 22:41:50,715 - INFO - Offloading embedding model back to CPU...
2025-11-07 22:41:50,983 - INFO - Step 1: Retrieving top 20 hybrid results from Elasticsearch...
2025-11-07 22:41:51,581 - INFO - Step 2: Reranking 20 results...
2025-11-07 22:41:51,581 - INFO - Moving reranker to compute device for reranking...
2025-11-07 22:41:53,346 - INFO - Offloading reranker back to CPU...
2025-11-07 22:41:54,277 - INFO - Step 3: Applying 'small-to-big' retrieval logic...
2025-11-07 22:41:54,277 - INFO - Fetching parent chunk 'cdf276ed-a82f-411a-abbf-486060adecac' for child 'af3014c6-bbf6-4b49-a6b8-c1bd0769a5d7'
2025-11-07 22:41:54,290 - INFO - Fetching parent chunk '800f1dbd-d802-4f7b-88a7-80a85343affc' for child 'cdf276ed-a82f-411a-abbf-486060adecac'
2025-11-07 22:41:54,294 - INFO - Fetching parent chunk 'ae4ccf4d-9fd1-466d-b488-c9a3b1d6f74d' for child 'bc5a2435-8fc3-479b-9d1c-8fd0c00be7a9'
2025-11-07 22:41:54,298 - INFO - Retrieved 4 final context chunks.
2025-11-07 22:44:27,806 - INFO - Setting up Elasticsearch client at: http://localhost:9200
2025-11-07 22:44:27,897 - INFO - Preferred device: cuda
2025-11-07 22:44:27,897 - INFO - Loading tokenizer: BAAI/bge-base-en-v1.5
2025-11-07 22:44:28,735 - INFO - Loading embedding model on CPU: BAAI/bge-base-en-v1.5
2025-11-07 22:44:29,272 - INFO - Loading reranker model on CPU: BAAI/bge-reranker-base
2025-11-07 22:44:31,851 - INFO - --- Query: 'd-block elements' ---
2025-11-07 22:44:31,875 - INFO - Moving embedding model to compute device for embedding...
2025-11-07 22:44:32,278 - INFO - Offloading embedding model back to CPU...
2025-11-07 22:44:32,438 - INFO - Step 1: Retrieving top 20 hybrid results from Elasticsearch...
2025-11-07 22:44:32,633 - INFO - Step 2: Reranking 20 results...
2025-11-07 22:44:32,633 - INFO - Moving reranker to compute device for reranking...
2025-11-07 22:44:33,722 - INFO - Offloading reranker back to CPU...
2025-11-07 22:44:34,210 - INFO - Step 3: Applying 'small-to-big' retrieval logic...
2025-11-07 22:44:34,210 - INFO - Fetching parent chunk 'cdf276ed-a82f-411a-abbf-486060adecac' for child 'af3014c6-bbf6-4b49-a6b8-c1bd0769a5d7'
2025-11-07 22:44:34,230 - INFO - Fetching parent chunk '800f1dbd-d802-4f7b-88a7-80a85343affc' for child 'cdf276ed-a82f-411a-abbf-486060adecac'
2025-11-07 22:44:34,236 - INFO - Fetching parent chunk 'ae4ccf4d-9fd1-466d-b488-c9a3b1d6f74d' for child 'bc5a2435-8fc3-479b-9d1c-8fd0c00be7a9'
2025-11-07 22:44:34,242 - INFO - Retrieved 4 final context chunks.
2025-11-11 22:14:44,080 - INFO - Setting up Elasticsearch client at: http://localhost:9200
2025-11-11 22:14:44,082 - ERROR - Failed to connect to Elasticsearch: Could not connect to Elasticsearch.
2025-11-11 22:22:29,436 - INFO - Setting up Elasticsearch client at: http://localhost:9200
2025-11-11 22:22:29,552 - INFO - Preferred device: cuda
2025-11-11 22:22:29,552 - INFO - Loading tokenizer: BAAI/bge-base-en-v1.5
2025-11-11 22:22:30,522 - INFO - Loading embedding model on CPU: BAAI/bge-base-en-v1.5
2025-11-11 22:22:30,974 - INFO - Loading reranker model on CPU: BAAI/bge-reranker-base
2025-11-11 22:22:33,835 - INFO - --- Query: 'Give me material on d and f block elements' ---
2025-11-11 22:22:33,863 - INFO - Moving embedding model to compute device for embedding...
2025-11-11 22:22:34,488 - INFO - Offloading embedding model back to CPU...
2025-11-11 22:22:34,665 - INFO - Step 1: Retrieving top 20 hybrid results from Elasticsearch...
2025-11-11 22:22:35,254 - INFO - Step 2: Reranking 20 results...
2025-11-11 22:22:35,254 - INFO - Moving reranker to compute device for reranking...
2025-11-11 22:22:36,888 - INFO - Offloading reranker back to CPU...
2025-11-11 22:22:37,476 - INFO - Step 3: Applying 'small-to-big' retrieval logic...
2025-11-11 22:22:37,476 - INFO - Fetching parent chunk 'ae4ccf4d-9fd1-466d-b488-c9a3b1d6f74d' for child 'bc5a2435-8fc3-479b-9d1c-8fd0c00be7a9'
2025-11-11 22:22:37,492 - INFO - Fetching parent chunk '800f1dbd-d802-4f7b-88a7-80a85343affc' for child 'cdf276ed-a82f-411a-abbf-486060adecac'
2025-11-11 22:22:37,500 - INFO - Fetching parent chunk 'cdf276ed-a82f-411a-abbf-486060adecac' for child 'af3014c6-bbf6-4b49-a6b8-c1bd0769a5d7'
2025-11-11 22:22:37,510 - INFO - Retrieved 5 final context chunks.
2025-11-11 22:23:13,051 - INFO - Setting up Elasticsearch client at: http://localhost:9200
2025-11-11 22:23:13,092 - INFO - Preferred device: cuda
2025-11-11 22:23:13,092 - INFO - Loading tokenizer: BAAI/bge-base-en-v1.5
2025-11-11 22:23:13,931 - INFO - Loading embedding model on CPU: BAAI/bge-base-en-v1.5
2025-11-11 22:23:14,354 - INFO - Loading reranker model on CPU: BAAI/bge-reranker-base
2025-11-11 22:23:17,048 - INFO - --- Query: 'Give me material on d and f block elements' ---
2025-11-11 22:23:17,059 - INFO - Moving embedding model to compute device for embedding...
2025-11-11 22:23:17,396 - INFO - Offloading embedding model back to CPU...
2025-11-11 22:23:17,562 - INFO - Step 1: Retrieving top 20 hybrid results from Elasticsearch...
2025-11-11 22:23:17,605 - INFO - Step 2: Reranking 20 results...
2025-11-11 22:23:17,605 - INFO - Moving reranker to compute device for reranking...
2025-11-11 22:23:18,406 - INFO - Offloading reranker back to CPU...
2025-11-11 22:23:18,787 - INFO - Step 3: Applying 'small-to-big' retrieval logic...
2025-11-11 22:23:18,788 - INFO - Fetching parent chunk 'ae4ccf4d-9fd1-466d-b488-c9a3b1d6f74d' for child 'bc5a2435-8fc3-479b-9d1c-8fd0c00be7a9'
2025-11-11 22:23:18,806 - INFO - Fetching parent chunk '800f1dbd-d802-4f7b-88a7-80a85343affc' for child 'cdf276ed-a82f-411a-abbf-486060adecac'
2025-11-11 22:23:18,810 - INFO - Fetching parent chunk 'cdf276ed-a82f-411a-abbf-486060adecac' for child 'af3014c6-bbf6-4b49-a6b8-c1bd0769a5d7'
2025-11-11 22:23:18,813 - INFO - Retrieved 5 final context chunks.
2025-11-11 22:49:50,882 - INFO - Setting up Elasticsearch client at: http://localhost:9200
2025-11-11 22:49:50,921 - INFO - Preferred device: cuda
2025-11-11 22:49:50,922 - INFO - Loading tokenizer: BAAI/bge-base-en-v1.5
2025-11-11 22:49:51,769 - INFO - Loading embedding model on CPU: BAAI/bge-base-en-v1.5
2025-11-11 22:49:52,159 - INFO - Loading reranker model on CPU: BAAI/bge-reranker-base
2025-11-11 22:49:54,732 - INFO - --- Query: 'What are elements in periodic table' ---
2025-11-11 22:49:54,743 - INFO - Moving embedding model to compute device for embedding...
2025-11-11 22:49:55,076 - INFO - Offloading embedding model back to CPU...
2025-11-11 22:49:55,245 - INFO - Step 1: Retrieving top 20 hybrid results from Elasticsearch...
2025-11-11 22:49:55,291 - INFO - Step 2: Reranking 20 results...
2025-11-11 22:49:55,291 - INFO - Moving reranker to compute device for reranking...
2025-11-11 22:49:56,090 - INFO - Offloading reranker back to CPU...
2025-11-11 22:49:56,508 - INFO - Step 3: Applying 'small-to-big' retrieval logic...
2025-11-11 22:49:56,508 - INFO - Fetching parent chunk 'd0b86469-bd96-41ae-9e1a-8042af18d0db' for child '82400f82-801c-44cb-914b-117c3465461a'
2025-11-11 22:49:56,521 - INFO - Fetching parent chunk 'd9397e29-c641-43cb-8939-44f386cd43b1' for child 'dfef914f-560d-4bcd-88a4-80f3c7a7daca'
2025-11-11 22:49:56,526 - INFO - Fetching parent chunk 'e5221e95-326e-4617-a43b-3391133b3bbc' for child 'f7c6947e-d176-4646-a5d2-c8765e5020f2'
2025-11-11 22:49:56,530 - INFO - Fetching parent chunk '2e886769-0d4b-4889-a20b-ca2ac0b1d77f' for child '77d22d5a-f662-4f12-bd85-8db3edc01930'
2025-11-11 22:49:56,535 - INFO - Fetching parent chunk '1dcf5d6f-285a-48de-96ac-d882655f9b99' for child '9c56acb4-3544-4723-aa08-f18f8fba6549'
2025-11-11 22:49:56,540 - INFO - Retrieved 5 final context chunks.
2025-11-11 22:52:12,113 - INFO - Setting up Elasticsearch client at: http://localhost:9200
2025-11-11 22:52:12,153 - INFO - Preferred device: cuda
2025-11-11 22:52:12,154 - INFO - Loading tokenizer: BAAI/bge-base-en-v1.5
2025-11-11 22:52:13,166 - INFO - Loading embedding model on CPU: BAAI/bge-base-en-v1.5
2025-11-11 22:52:13,630 - INFO - Loading reranker model on CPU: BAAI/bge-reranker-base
2025-11-11 22:52:16,609 - INFO - --- Query: 'periodic table of elements' ---
2025-11-11 22:52:16,620 - INFO - Moving embedding model to compute device for embedding...
2025-11-11 22:52:16,957 - INFO - Offloading embedding model back to CPU...
2025-11-11 22:52:17,117 - INFO - Step 1: Retrieving top 20 hybrid results from Elasticsearch...
2025-11-11 22:52:17,153 - INFO - Step 2: Reranking 20 results...
2025-11-11 22:52:17,153 - INFO - Moving reranker to compute device for reranking...
2025-11-11 22:52:17,958 - INFO - Offloading reranker back to CPU...
2025-11-11 22:52:18,339 - INFO - Step 3: Applying 'small-to-big' retrieval logic...
2025-11-11 22:52:18,340 - INFO - Fetching parent chunk 'd9397e29-c641-43cb-8939-44f386cd43b1' for child 'dfef914f-560d-4bcd-88a4-80f3c7a7daca'
2025-11-11 22:52:18,358 - INFO - Fetching parent chunk 'e5221e95-326e-4617-a43b-3391133b3bbc' for child 'f7c6947e-d176-4646-a5d2-c8765e5020f2'
2025-11-11 22:52:18,364 - INFO - Fetching parent chunk '77f12da7-7c0f-4a00-af8c-86c02467767b' for child 'efe9ec37-25fa-41e5-82ae-c9944ec1d6cd'
2025-11-11 22:52:18,369 - INFO - Fetching parent chunk 'd0b86469-bd96-41ae-9e1a-8042af18d0db' for child '82400f82-801c-44cb-914b-117c3465461a'
2025-11-11 22:52:18,376 - INFO - Retrieved 5 final context chunks.
2025-11-11 22:53:23,393 - INFO - Setting up Elasticsearch client at: http://localhost:9200
2025-11-11 22:53:23,432 - INFO - Preferred device: cuda
2025-11-11 22:53:23,432 - INFO - Loading tokenizer: BAAI/bge-base-en-v1.5
2025-11-11 22:53:24,286 - INFO - Loading embedding model on CPU: BAAI/bge-base-en-v1.5
2025-11-11 22:53:24,776 - INFO - Loading reranker model on CPU: BAAI/bge-reranker-base
2025-11-11 22:53:27,424 - INFO - --- Query: 'periodic table of elements' ---
2025-11-11 22:53:27,435 - INFO - Moving embedding model to compute device for embedding...
2025-11-11 22:53:27,761 - INFO - Offloading embedding model back to CPU...
2025-11-11 22:53:27,923 - INFO - Step 1: Retrieving top 20 hybrid results from Elasticsearch...
2025-11-11 22:53:27,979 - INFO - Step 2: Reranking 20 results...
2025-11-11 22:53:27,979 - INFO - Moving reranker to compute device for reranking...
2025-11-11 22:53:28,779 - INFO - Offloading reranker back to CPU...
2025-11-11 22:53:29,202 - INFO - Step 3: Applying 'small-to-big' retrieval logic...
2025-11-11 22:53:29,202 - INFO - Fetching parent chunk 'd9397e29-c641-43cb-8939-44f386cd43b1' for child 'dfef914f-560d-4bcd-88a4-80f3c7a7daca'
2025-11-11 22:53:29,216 - INFO - Fetching parent chunk 'e5221e95-326e-4617-a43b-3391133b3bbc' for child 'f7c6947e-d176-4646-a5d2-c8765e5020f2'
2025-11-11 22:53:29,223 - INFO - Fetching parent chunk '77f12da7-7c0f-4a00-af8c-86c02467767b' for child 'efe9ec37-25fa-41e5-82ae-c9944ec1d6cd'
2025-11-11 22:53:29,227 - INFO - Fetching parent chunk 'd0b86469-bd96-41ae-9e1a-8042af18d0db' for child '82400f82-801c-44cb-914b-117c3465461a'
2025-11-11 22:53:29,231 - INFO - Retrieved 5 final context chunks.
2025-11-16 00:45:48,595 - INFO - Setting up Elasticsearch client at: http://localhost:9200
2025-11-16 00:45:49,314 - INFO - Preferred device: cuda
2025-11-16 00:45:49,314 - INFO - Loading tokenizer: BAAI/bge-base-en-v1.5
2025-11-16 00:45:49,952 - INFO - Loading embedding model on CPU: BAAI/bge-base-en-v1.5
2025-11-16 00:45:50,292 - INFO - Loading reranker model on CPU: BAAI/bge-reranker-base
2025-11-16 00:45:52,653 - INFO - --- Query: 'periodic table' ---
2025-11-16 00:45:52,664 - INFO - Moving embedding model to compute device for embedding...
2025-11-16 00:45:53,124 - INFO - Offloading embedding model back to CPU...
2025-11-16 00:45:53,307 - INFO - Step 1: Retrieving top 20 hybrid results from Elasticsearch...
2025-11-16 00:45:53,368 - INFO - Step 2: Reranking 20 results...
2025-11-16 00:45:53,368 - INFO - Moving reranker to compute device for reranking...
2025-11-16 00:45:54,643 - INFO - Offloading reranker back to CPU...
2025-11-16 00:45:55,118 - INFO - Step 3: Applying 'small-to-big' retrieval logic...
2025-11-16 00:45:55,118 - INFO - Fetching parent chunk 'e5221e95-326e-4617-a43b-3391133b3bbc' for child '84fb4e3a-31b2-4e01-8387-ecb86dd16fd8'
2025-11-16 00:45:55,137 - INFO - Fetching parent chunk '2e886769-0d4b-4889-a20b-ca2ac0b1d77f' for child '0f5fd2b6-b2ee-4206-995c-672be52f134c'
2025-11-16 00:45:55,146 - INFO - Fetching parent chunk '1dcf5d6f-285a-48de-96ac-d882655f9b99' for child '2e886769-0d4b-4889-a20b-ca2ac0b1d77f'
2025-11-16 00:45:55,155 - INFO - Fetching parent chunk 'd9397e29-c641-43cb-8939-44f386cd43b1' for child 'dfef914f-560d-4bcd-88a4-80f3c7a7daca'
2025-11-16 00:45:55,167 - INFO - Retrieved 5 final context chunks.
2025-11-16 00:49:03,813 - INFO - Setting up Elasticsearch client at: http://localhost:9200
2025-11-16 00:49:04,523 - INFO - Preferred device: cuda
2025-11-16 00:49:04,524 - INFO - Loading tokenizer: BAAI/bge-base-en-v1.5
2025-11-16 00:49:05,154 - INFO - Loading embedding model on CPU: BAAI/bge-base-en-v1.5
2025-11-16 00:49:05,480 - INFO - Loading reranker model on CPU: BAAI/bge-reranker-base
2025-11-16 00:49:07,712 - INFO - --- Query: 'periodic table' ---
2025-11-16 00:49:07,716 - INFO - Moving embedding model to compute device for embedding...
2025-11-16 00:49:08,078 - INFO - Offloading embedding model back to CPU...
2025-11-16 00:49:08,260 - INFO - Step 1: Retrieving top 20 hybrid results from Elasticsearch...
2025-11-16 00:49:08,320 - INFO - Step 2: Reranking 20 results...
2025-11-16 00:49:08,320 - INFO - Moving reranker to compute device for reranking...
2025-11-16 00:49:09,171 - INFO - Offloading reranker back to CPU...
2025-11-16 00:49:09,633 - INFO - Step 3: Applying 'small-to-big' retrieval logic...
2025-11-16 00:49:09,633 - INFO - Fetching parent chunk 'e5221e95-326e-4617-a43b-3391133b3bbc' for child '84fb4e3a-31b2-4e01-8387-ecb86dd16fd8'
2025-11-16 00:49:09,655 - INFO - Fetching parent chunk '2e886769-0d4b-4889-a20b-ca2ac0b1d77f' for child '0f5fd2b6-b2ee-4206-995c-672be52f134c'
2025-11-16 00:49:09,666 - INFO - Fetching parent chunk '1dcf5d6f-285a-48de-96ac-d882655f9b99' for child '2e886769-0d4b-4889-a20b-ca2ac0b1d77f'
2025-11-16 00:49:09,677 - INFO - Fetching parent chunk 'd9397e29-c641-43cb-8939-44f386cd43b1' for child 'dfef914f-560d-4bcd-88a4-80f3c7a7daca'
2025-11-16 00:49:09,691 - INFO - Retrieved 5 final context chunks.
2025-11-16 00:52:03,195 - INFO - Setting up Elasticsearch client at: http://localhost:9200
2025-11-16 00:52:03,896 - INFO - Preferred device: cuda
2025-11-16 00:52:03,896 - INFO - Loading tokenizer: BAAI/bge-base-en-v1.5
2025-11-16 00:52:04,532 - INFO - Loading embedding model on CPU: BAAI/bge-base-en-v1.5
2025-11-16 00:52:04,861 - INFO - Loading reranker model on CPU: BAAI/bge-reranker-base
2025-11-16 00:52:07,095 - INFO - --- Query: 'periodic table' ---
2025-11-16 00:52:07,107 - INFO - Moving embedding model to compute device for embedding...
2025-11-16 00:52:07,467 - INFO - Offloading embedding model back to CPU...
2025-11-16 00:52:07,661 - INFO - Step 1: Retrieving top 20 hybrid results from Elasticsearch...
2025-11-16 00:52:07,708 - INFO - Step 2: Reranking 20 results...
2025-11-16 00:52:07,708 - INFO - Moving reranker to compute device for reranking...
2025-11-16 00:52:08,565 - INFO - Offloading reranker back to CPU...
2025-11-16 00:52:09,057 - INFO - Step 3: Applying 'small-to-big' retrieval logic...
2025-11-16 00:52:09,057 - INFO - Fetching parent chunk 'e5221e95-326e-4617-a43b-3391133b3bbc' for child '84fb4e3a-31b2-4e01-8387-ecb86dd16fd8'
2025-11-16 00:52:09,065 - INFO - Fetching parent chunk '2e886769-0d4b-4889-a20b-ca2ac0b1d77f' for child '0f5fd2b6-b2ee-4206-995c-672be52f134c'
2025-11-16 00:52:09,071 - INFO - Fetching parent chunk '1dcf5d6f-285a-48de-96ac-d882655f9b99' for child '2e886769-0d4b-4889-a20b-ca2ac0b1d77f'
2025-11-16 00:52:09,080 - INFO - Fetching parent chunk 'd9397e29-c641-43cb-8939-44f386cd43b1' for child 'dfef914f-560d-4bcd-88a4-80f3c7a7daca'
2025-11-16 00:52:09,087 - INFO - Retrieved 5 final context chunks.
2025-11-16 01:00:27,415 - INFO - Setting up Elasticsearch client at: http://localhost:9200
2025-11-16 01:00:28,117 - INFO - Preferred device: cuda
2025-11-16 01:00:28,117 - INFO - Loading tokenizer: BAAI/bge-base-en-v1.5
2025-11-16 01:00:28,727 - INFO - Loading embedding model on CPU: BAAI/bge-base-en-v1.5
2025-11-16 01:00:29,055 - INFO - Loading reranker model on CPU: BAAI/bge-reranker-base
2025-11-16 01:00:31,331 - INFO - --- Query: 'periodic table introductory topics' ---
2025-11-16 01:00:31,343 - INFO - Moving embedding model to compute device for embedding...
2025-11-16 01:00:31,715 - INFO - Offloading embedding model back to CPU...
2025-11-16 01:00:31,920 - INFO - Step 1: Retrieving top 20 hybrid results from Elasticsearch...
2025-11-16 01:00:31,980 - INFO - Step 2: Reranking 20 results...
2025-11-16 01:00:31,980 - INFO - Moving reranker to compute device for reranking...
2025-11-16 01:00:32,829 - INFO - Offloading reranker back to CPU...
2025-11-16 01:00:33,279 - INFO - Step 3: Applying 'small-to-big' retrieval logic...
2025-11-16 01:00:33,279 - INFO - Fetching parent chunk '2e886769-0d4b-4889-a20b-ca2ac0b1d77f' for child '0f5fd2b6-b2ee-4206-995c-672be52f134c'
2025-11-16 01:00:33,295 - INFO - Fetching parent chunk '47d89168-9968-4d5a-987e-d1b19e60a221' for child '7843daef-4e8e-4c4a-bcaa-03c4765d7405'
2025-11-16 01:00:33,302 - INFO - Fetching parent chunk '7280e3be-e4f8-4b6a-9521-9fc7a6a05b57' for child '298ec6c2-fe66-459e-8d0b-0baf4ddaac4f'
2025-11-16 01:00:33,308 - INFO - Fetching parent chunk 'c42a1c10-1015-4a61-bb5f-020b979485f1' for child '7e24acb0-90a2-4794-8696-e29f19c0895a'
2025-11-16 01:00:33,315 - INFO - Fetching parent chunk 'd0b86469-bd96-41ae-9e1a-8042af18d0db' for child '82400f82-801c-44cb-914b-117c3465461a'
2025-11-16 01:00:33,323 - INFO - Retrieved 5 final context chunks.
2025-11-16 01:02:09,399 - INFO - --- Query: 'periodic table introductory topics' ---
2025-11-16 01:02:09,435 - INFO - Moving embedding model to compute device for embedding...
2025-11-16 01:02:09,559 - INFO - Offloading embedding model back to CPU...
2025-11-16 01:02:09,724 - INFO - Step 1: Retrieving top 20 hybrid results from Elasticsearch...
2025-11-16 01:02:09,767 - INFO - Step 2: Reranking 20 results...
2025-11-16 01:02:09,767 - INFO - Moving reranker to compute device for reranking...
2025-11-16 01:02:10,601 - INFO - Offloading reranker back to CPU...
2025-11-16 01:02:10,975 - INFO - Step 3: Applying 'small-to-big' retrieval logic...
2025-11-16 01:02:10,975 - INFO - Fetching parent chunk '2e886769-0d4b-4889-a20b-ca2ac0b1d77f' for child '0f5fd2b6-b2ee-4206-995c-672be52f134c'
2025-11-16 01:02:10,980 - INFO - Fetching parent chunk '47d89168-9968-4d5a-987e-d1b19e60a221' for child '7843daef-4e8e-4c4a-bcaa-03c4765d7405'
2025-11-16 01:02:10,984 - INFO - Fetching parent chunk '7280e3be-e4f8-4b6a-9521-9fc7a6a05b57' for child '298ec6c2-fe66-459e-8d0b-0baf4ddaac4f'
2025-11-16 01:02:10,991 - INFO - Fetching parent chunk 'c42a1c10-1015-4a61-bb5f-020b979485f1' for child '7e24acb0-90a2-4794-8696-e29f19c0895a'
2025-11-16 01:02:10,997 - INFO - Fetching parent chunk 'd0b86469-bd96-41ae-9e1a-8042af18d0db' for child '82400f82-801c-44cb-914b-117c3465461a'
2025-11-16 01:02:11,002 - INFO - Retrieved 5 final context chunks.
2025-11-16 01:55:35,995 - INFO - Setting up Elasticsearch client at: http://localhost:9200
2025-11-16 01:55:36,688 - INFO - Preferred device: cuda
2025-11-16 01:55:36,688 - INFO - Loading tokenizer: BAAI/bge-base-en-v1.5
2025-11-16 01:55:37,323 - INFO - Loading embedding model on CPU: BAAI/bge-base-en-v1.5
2025-11-16 01:55:37,687 - INFO - Loading reranker model on CPU: BAAI/bge-reranker-base
2025-11-16 01:55:39,900 - INFO - --- Query: 'atomic number in periodic table' ---
2025-11-16 01:55:39,913 - INFO - Moving embedding model to compute device for embedding...
2025-11-16 01:55:40,408 - INFO - Offloading embedding model back to CPU...
2025-11-16 01:55:40,596 - INFO - Step 1: Retrieving top 20 hybrid results from Elasticsearch...
2025-11-16 01:55:40,642 - INFO - Step 2: Reranking 20 results...
2025-11-16 01:55:40,642 - INFO - Moving reranker to compute device for reranking...
2025-11-16 01:55:41,615 - INFO - Offloading reranker back to CPU...
2025-11-16 01:55:42,087 - INFO - Step 3: Applying 'small-to-big' retrieval logic...
2025-11-16 01:55:42,087 - INFO - Fetching parent chunk 'e5221e95-326e-4617-a43b-3391133b3bbc' for child 'f4509e6e-ce5a-4108-a719-e2f45784912f'
2025-11-16 01:55:42,092 - INFO - Fetching parent chunk 'd9397e29-c641-43cb-8939-44f386cd43b1' for child '2c38d9ee-ed60-4f72-8a3d-e3f183358510'
2025-11-16 01:55:42,097 - INFO - Fetching parent chunk '2e886769-0d4b-4889-a20b-ca2ac0b1d77f' for child '77d22d5a-f662-4f12-bd85-8db3edc01930'
2025-11-16 01:55:42,103 - INFO - Retrieved 4 final context chunks.
2025-11-16 01:57:59,997 - INFO - Setting up Elasticsearch client at: http://localhost:9200
2025-11-16 01:58:00,692 - INFO - Preferred device: cuda
2025-11-16 01:58:00,692 - INFO - Loading tokenizer: BAAI/bge-base-en-v1.5
2025-11-16 01:58:01,335 - INFO - Loading embedding model on CPU: BAAI/bge-base-en-v1.5
2025-11-16 01:58:01,671 - INFO - Loading reranker model on CPU: BAAI/bge-reranker-base
2025-11-16 01:58:03,807 - INFO - --- Query: 'atomic number in periodic table' ---
2025-11-16 01:58:03,810 - INFO - Moving embedding model to compute device for embedding...
2025-11-16 01:58:04,129 - INFO - Offloading embedding model back to CPU...
2025-11-16 01:58:04,292 - INFO - Step 1: Retrieving top 20 hybrid results from Elasticsearch...
2025-11-16 01:58:04,354 - INFO - Step 2: Reranking 20 results...
2025-11-16 01:58:04,354 - INFO - Moving reranker to compute device for reranking...
2025-11-16 01:58:05,144 - INFO - Offloading reranker back to CPU...
2025-11-16 01:58:05,566 - INFO - Step 3: Applying 'small-to-big' retrieval logic...
2025-11-16 01:58:05,566 - INFO - Fetching parent chunk 'e5221e95-326e-4617-a43b-3391133b3bbc' for child 'f4509e6e-ce5a-4108-a719-e2f45784912f'
2025-11-16 01:58:05,572 - INFO - Fetching parent chunk 'd9397e29-c641-43cb-8939-44f386cd43b1' for child '2c38d9ee-ed60-4f72-8a3d-e3f183358510'
2025-11-16 01:58:05,577 - INFO - Fetching parent chunk '2e886769-0d4b-4889-a20b-ca2ac0b1d77f' for child '77d22d5a-f662-4f12-bd85-8db3edc01930'
2025-11-16 01:58:05,582 - INFO - Retrieved 4 final context chunks.
2025-11-16 02:14:49,001 - INFO - Setting up Elasticsearch client at: http://localhost:9200
2025-11-16 02:14:49,696 - INFO - Preferred device: cuda
2025-11-16 02:14:49,696 - INFO - Loading tokenizer: BAAI/bge-base-en-v1.5
2025-11-16 02:14:50,361 - INFO - Loading embedding model on CPU: BAAI/bge-base-en-v1.5
2025-11-16 02:14:50,712 - INFO - Loading reranker model on CPU: BAAI/bge-reranker-base
2025-11-16 02:14:53,409 - INFO - --- Query: 'basics of periodic table' ---
2025-11-16 02:14:53,411 - INFO - Moving embedding model to compute device for embedding...
2025-11-16 02:14:53,795 - INFO - Offloading embedding model back to CPU...
2025-11-16 02:14:53,961 - INFO - Step 1: Retrieving top 20 hybrid results from Elasticsearch...
2025-11-16 02:14:54,006 - INFO - Step 2: Reranking 20 results...
2025-11-16 02:14:54,006 - INFO - Moving reranker to compute device for reranking...
2025-11-16 02:14:54,902 - INFO - Offloading reranker back to CPU...
2025-11-16 02:14:55,463 - INFO - Step 3: Applying 'small-to-big' retrieval logic...
2025-11-16 02:14:55,463 - INFO - Fetching parent chunk '9ad27519-f6bb-47c5-8ab9-5ec8017e13d1' for child 'd0b86469-bd96-41ae-9e1a-8042af18d0db'
2025-11-16 02:14:55,478 - INFO - Fetching parent chunk '47d89168-9968-4d5a-987e-d1b19e60a221' for child '7843daef-4e8e-4c4a-bcaa-03c4765d7405'
2025-11-16 02:14:55,484 - INFO - Fetching parent chunk 'd0b86469-bd96-41ae-9e1a-8042af18d0db' for child '82400f82-801c-44cb-914b-117c3465461a'
2025-11-16 02:14:55,490 - INFO - Fetching parent chunk '9edb12b7-b8d5-4a99-ad64-fc18f4f54026' for child '47d89168-9968-4d5a-987e-d1b19e60a221'
2025-11-16 02:14:55,496 - INFO - Retrieved 5 final context chunks.
2025-11-16 02:16:49,140 - INFO - --- Query: 'periodic table' ---
2025-11-16 02:16:49,150 - INFO - Moving embedding model to compute device for embedding...
2025-11-16 02:16:49,241 - INFO - Offloading embedding model back to CPU...
2025-11-16 02:16:49,379 - INFO - Step 1: Retrieving top 20 hybrid results from Elasticsearch...
2025-11-16 02:16:49,424 - INFO - Step 2: Reranking 20 results...
2025-11-16 02:16:49,425 - INFO - Moving reranker to compute device for reranking...
2025-11-16 02:16:50,220 - INFO - Offloading reranker back to CPU...
2025-11-16 02:16:50,547 - INFO - Step 3: Applying 'small-to-big' retrieval logic...
2025-11-16 02:16:50,547 - INFO - Fetching parent chunk 'e5221e95-326e-4617-a43b-3391133b3bbc' for child '84fb4e3a-31b2-4e01-8387-ecb86dd16fd8'
2025-11-16 02:16:50,561 - INFO - Fetching parent chunk '2e886769-0d4b-4889-a20b-ca2ac0b1d77f' for child '0f5fd2b6-b2ee-4206-995c-672be52f134c'
2025-11-16 02:16:50,572 - INFO - Fetching parent chunk '1dcf5d6f-285a-48de-96ac-d882655f9b99' for child '2e886769-0d4b-4889-a20b-ca2ac0b1d77f'
2025-11-16 02:16:50,580 - INFO - Fetching parent chunk 'd9397e29-c641-43cb-8939-44f386cd43b1' for child 'dfef914f-560d-4bcd-88a4-80f3c7a7daca'
2025-11-16 02:16:50,587 - INFO - Retrieved 5 final context chunks.
2025-11-16 02:17:47,736 - INFO - --- Query: 'periodic table' ---
2025-11-16 02:17:47,739 - INFO - Moving embedding model to compute device for embedding...
2025-11-16 02:17:47,838 - INFO - Offloading embedding model back to CPU...
2025-11-16 02:17:47,934 - INFO - Step 1: Retrieving top 20 hybrid results from Elasticsearch...
2025-11-16 02:17:47,986 - INFO - Step 2: Reranking 20 results...
2025-11-16 02:17:47,986 - INFO - Moving reranker to compute device for reranking...
2025-11-16 02:17:48,793 - INFO - Offloading reranker back to CPU...
2025-11-16 02:17:49,125 - INFO - Step 3: Applying 'small-to-big' retrieval logic...
2025-11-16 02:17:49,125 - INFO - Fetching parent chunk 'e5221e95-326e-4617-a43b-3391133b3bbc' for child '84fb4e3a-31b2-4e01-8387-ecb86dd16fd8'
2025-11-16 02:17:49,141 - INFO - Fetching parent chunk '2e886769-0d4b-4889-a20b-ca2ac0b1d77f' for child '0f5fd2b6-b2ee-4206-995c-672be52f134c'
2025-11-16 02:17:49,147 - INFO - Fetching parent chunk '1dcf5d6f-285a-48de-96ac-d882655f9b99' for child '2e886769-0d4b-4889-a20b-ca2ac0b1d77f'
2025-11-16 02:17:49,153 - INFO - Fetching parent chunk 'd9397e29-c641-43cb-8939-44f386cd43b1' for child 'dfef914f-560d-4bcd-88a4-80f3c7a7daca'
2025-11-16 02:17:49,159 - INFO - Retrieved 5 final context chunks.
2025-11-16 02:18:54,808 - INFO - --- Query: 'periodic table' ---
2025-11-16 02:18:54,819 - INFO - Moving embedding model to compute device for embedding...
2025-11-16 02:18:54,908 - INFO - Offloading embedding model back to CPU...
2025-11-16 02:18:55,014 - INFO - Step 1: Retrieving top 20 hybrid results from Elasticsearch...
2025-11-16 02:18:55,045 - INFO - Step 2: Reranking 20 results...
2025-11-16 02:18:55,045 - INFO - Moving reranker to compute device for reranking...
2025-11-16 02:18:55,847 - INFO - Offloading reranker back to CPU...
2025-11-16 02:18:56,175 - INFO - Step 3: Applying 'small-to-big' retrieval logic...
2025-11-16 02:18:56,175 - INFO - Fetching parent chunk 'e5221e95-326e-4617-a43b-3391133b3bbc' for child '84fb4e3a-31b2-4e01-8387-ecb86dd16fd8'
2025-11-16 02:18:56,190 - INFO - Fetching parent chunk '2e886769-0d4b-4889-a20b-ca2ac0b1d77f' for child '0f5fd2b6-b2ee-4206-995c-672be52f134c'
2025-11-16 02:18:56,199 - INFO - Fetching parent chunk '1dcf5d6f-285a-48de-96ac-d882655f9b99' for child '2e886769-0d4b-4889-a20b-ca2ac0b1d77f'
2025-11-16 02:18:56,204 - INFO - Fetching parent chunk 'd9397e29-c641-43cb-8939-44f386cd43b1' for child 'dfef914f-560d-4bcd-88a4-80f3c7a7daca'
2025-11-16 02:18:56,210 - INFO - Retrieved 5 final context chunks.
2025-11-16 02:19:31,106 - INFO - --- Query: 'periodic table' ---
2025-11-16 02:19:31,108 - INFO - Moving embedding model to compute device for embedding...
2025-11-16 02:19:31,195 - INFO - Offloading embedding model back to CPU...
2025-11-16 02:19:31,295 - INFO - Step 1: Retrieving top 20 hybrid results from Elasticsearch...
2025-11-16 02:19:31,328 - INFO - Step 2: Reranking 20 results...
2025-11-16 02:19:31,328 - INFO - Moving reranker to compute device for reranking...
2025-11-16 02:19:32,124 - INFO - Offloading reranker back to CPU...
2025-11-16 02:19:32,442 - INFO - Step 3: Applying 'small-to-big' retrieval logic...
2025-11-16 02:19:32,443 - INFO - Fetching parent chunk 'e5221e95-326e-4617-a43b-3391133b3bbc' for child '84fb4e3a-31b2-4e01-8387-ecb86dd16fd8'
2025-11-16 02:19:32,457 - INFO - Fetching parent chunk '2e886769-0d4b-4889-a20b-ca2ac0b1d77f' for child '0f5fd2b6-b2ee-4206-995c-672be52f134c'
2025-11-16 02:19:32,461 - INFO - Fetching parent chunk '1dcf5d6f-285a-48de-96ac-d882655f9b99' for child '2e886769-0d4b-4889-a20b-ca2ac0b1d77f'
2025-11-16 02:19:32,467 - INFO - Fetching parent chunk 'd9397e29-c641-43cb-8939-44f386cd43b1' for child 'dfef914f-560d-4bcd-88a4-80f3c7a7daca'
2025-11-16 02:19:32,473 - INFO - Retrieved 5 final context chunks.
2025-11-16 02:20:55,100 - INFO - Setting up Elasticsearch client at: http://localhost:9200
2025-11-16 02:20:55,809 - INFO - Preferred device: cuda
2025-11-16 02:20:55,809 - INFO - Loading tokenizer: BAAI/bge-base-en-v1.5
2025-11-16 02:20:56,439 - INFO - Loading embedding model on CPU: BAAI/bge-base-en-v1.5
2025-11-16 02:20:56,773 - INFO - Loading reranker model on CPU: BAAI/bge-reranker-base
2025-11-16 02:20:58,927 - INFO - --- Query: 'periodic table basics' ---
2025-11-16 02:20:58,937 - INFO - Moving embedding model to compute device for embedding...
2025-11-16 02:20:59,337 - INFO - Offloading embedding model back to CPU...
2025-11-16 02:20:59,504 - INFO - Step 1: Retrieving top 20 hybrid results from Elasticsearch...
2025-11-16 02:20:59,539 - INFO - Step 2: Reranking 20 results...
2025-11-16 02:20:59,539 - INFO - Moving reranker to compute device for reranking...
2025-11-16 02:21:00,470 - INFO - Offloading reranker back to CPU...
2025-11-16 02:21:00,853 - INFO - Step 3: Applying 'small-to-big' retrieval logic...
2025-11-16 02:21:00,853 - INFO - Fetching parent chunk '9ad27519-f6bb-47c5-8ab9-5ec8017e13d1' for child 'd0b86469-bd96-41ae-9e1a-8042af18d0db'
2025-11-16 02:21:00,869 - INFO - Fetching parent chunk '47d89168-9968-4d5a-987e-d1b19e60a221' for child '7843daef-4e8e-4c4a-bcaa-03c4765d7405'
2025-11-16 02:21:00,874 - INFO - Fetching parent chunk '2e886769-0d4b-4889-a20b-ca2ac0b1d77f' for child '0f5fd2b6-b2ee-4206-995c-672be52f134c'
2025-11-16 02:21:00,880 - INFO - Fetching parent chunk 'd9397e29-c641-43cb-8939-44f386cd43b1' for child 'dfef914f-560d-4bcd-88a4-80f3c7a7daca'
2025-11-16 02:21:00,888 - INFO - Fetching parent chunk 'd0b86469-bd96-41ae-9e1a-8042af18d0db' for child '82400f82-801c-44cb-914b-117c3465461a'
2025-11-16 02:21:00,895 - INFO - Retrieved 5 final context chunks.
2025-11-16 02:35:53,944 - INFO - Setting up Elasticsearch client at: http://localhost:9200
2025-11-16 02:35:54,655 - INFO - Preferred device: cuda
2025-11-16 02:35:54,655 - INFO - Loading tokenizer: BAAI/bge-base-en-v1.5
2025-11-16 02:35:55,330 - INFO - Loading embedding model on CPU: BAAI/bge-base-en-v1.5
2025-11-16 02:35:55,890 - INFO - Loading reranker model on CPU: BAAI/bge-reranker-base
2025-11-16 02:35:58,196 - INFO - --- Query: 'periodic table basics' ---
2025-11-16 02:35:58,207 - INFO - Moving embedding model to compute device for embedding...
2025-11-16 02:35:58,559 - INFO - Offloading embedding model back to CPU...
2025-11-16 02:35:58,855 - INFO - Step 1: Retrieving top 20 hybrid results from Elasticsearch...
2025-11-16 02:35:58,890 - INFO - Step 2: Reranking 20 results...
2025-11-16 02:35:58,890 - INFO - Moving reranker to compute device for reranking...
2025-11-16 02:35:59,693 - INFO - Offloading reranker back to CPU...
2025-11-16 02:36:03,080 - INFO - Step 3: Applying 'small-to-big' retrieval logic...
2025-11-16 02:36:03,081 - INFO - Fetching parent chunk '9ad27519-f6bb-47c5-8ab9-5ec8017e13d1' for child 'd0b86469-bd96-41ae-9e1a-8042af18d0db'
2025-11-16 02:36:03,087 - INFO - Fetching parent chunk '47d89168-9968-4d5a-987e-d1b19e60a221' for child '7843daef-4e8e-4c4a-bcaa-03c4765d7405'
2025-11-16 02:36:03,091 - INFO - Fetching parent chunk '2e886769-0d4b-4889-a20b-ca2ac0b1d77f' for child '0f5fd2b6-b2ee-4206-995c-672be52f134c'
2025-11-16 02:36:03,095 - INFO - Fetching parent chunk 'd9397e29-c641-43cb-8939-44f386cd43b1' for child 'dfef914f-560d-4bcd-88a4-80f3c7a7daca'
2025-11-16 02:36:03,100 - INFO - Fetching parent chunk 'd0b86469-bd96-41ae-9e1a-8042af18d0db' for child '82400f82-801c-44cb-914b-117c3465461a'
2025-11-16 02:36:03,106 - INFO - Retrieved 5 final context chunks.
2025-11-16 02:38:28,229 - INFO - Setting up Elasticsearch client at: http://localhost:9200
2025-11-16 02:38:28,926 - INFO - Preferred device: cuda
2025-11-16 02:38:28,926 - INFO - Loading tokenizer: BAAI/bge-base-en-v1.5
2025-11-16 02:38:29,590 - INFO - Loading embedding model on CPU: BAAI/bge-base-en-v1.5
2025-11-16 02:38:29,959 - INFO - Loading reranker model on CPU: BAAI/bge-reranker-base
2025-11-16 02:38:32,154 - INFO - --- Query: 'periodic table of elements specifically d and f block elements' ---
2025-11-16 02:38:32,165 - INFO - Moving embedding model to compute device for embedding...
2025-11-16 02:38:32,663 - INFO - Offloading embedding model back to CPU...
2025-11-16 02:38:32,823 - INFO - Step 1: Retrieving top 20 hybrid results from Elasticsearch...
2025-11-16 02:38:32,887 - INFO - Step 2: Reranking 20 results...
2025-11-16 02:38:32,887 - INFO - Moving reranker to compute device for reranking...
2025-11-16 02:38:33,744 - INFO - Offloading reranker back to CPU...
2025-11-16 02:38:34,175 - INFO - Step 3: Applying 'small-to-big' retrieval logic...
2025-11-16 02:38:34,175 - INFO - Fetching parent chunk '800f1dbd-d802-4f7b-88a7-80a85343affc' for child 'cdf276ed-a82f-411a-abbf-486060adecac'
2025-11-16 02:38:34,187 - INFO - Fetching parent chunk 'ae4ccf4d-9fd1-466d-b488-c9a3b1d6f74d' for child 'bc5a2435-8fc3-479b-9d1c-8fd0c00be7a9'
2025-11-16 02:38:34,193 - INFO - Fetching parent chunk 'cdf276ed-a82f-411a-abbf-486060adecac' for child 'af3014c6-bbf6-4b49-a6b8-c1bd0769a5d7'
2025-11-16 02:38:34,198 - INFO - Retrieved 5 final context chunks.
2025-11-16 02:41:31,087 - INFO - Setting up Elasticsearch client at: http://localhost:9200
2025-11-16 02:41:31,790 - INFO - Preferred device: cuda
2025-11-16 02:41:31,790 - INFO - Loading tokenizer: BAAI/bge-base-en-v1.5
2025-11-16 02:41:32,445 - INFO - Loading embedding model on CPU: BAAI/bge-base-en-v1.5
2025-11-16 02:41:32,766 - INFO - Loading reranker model on CPU: BAAI/bge-reranker-base
2025-11-16 02:41:34,959 - INFO - --- Query: 'f block elements' ---
2025-11-16 02:41:34,974 - INFO - Moving embedding model to compute device for embedding...
2025-11-16 02:41:35,288 - INFO - Offloading embedding model back to CPU...
2025-11-16 02:41:35,452 - INFO - Step 1: Retrieving top 20 hybrid results from Elasticsearch...
2025-11-16 02:41:35,510 - INFO - Step 2: Reranking 20 results...
2025-11-16 02:41:35,510 - INFO - Moving reranker to compute device for reranking...
2025-11-16 02:41:36,315 - INFO - Offloading reranker back to CPU...
2025-11-16 02:41:36,715 - INFO - Step 3: Applying 'small-to-big' retrieval logic...
2025-11-16 02:41:36,715 - INFO - Fetching parent chunk '800f1dbd-d802-4f7b-88a7-80a85343affc' for child 'cdf276ed-a82f-411a-abbf-486060adecac'
2025-11-16 02:41:36,728 - INFO - Fetching parent chunk 'cdf276ed-a82f-411a-abbf-486060adecac' for child 'af3014c6-bbf6-4b49-a6b8-c1bd0769a5d7'
2025-11-16 02:41:36,734 - INFO - Fetching parent chunk 'bc5a2435-8fc3-479b-9d1c-8fd0c00be7a9' for child '2807fd9a-c45e-4021-85bc-4c56dcce8abb'
2025-11-16 02:41:36,741 - INFO - Retrieved 4 final context chunks.
2025-11-16 02:50:03,054 - INFO - Setting up Elasticsearch client at: http://localhost:9200
2025-11-16 02:50:03,761 - INFO - Preferred device: cuda
2025-11-16 02:50:03,761 - INFO - Loading tokenizer: BAAI/bge-base-en-v1.5
2025-11-16 02:50:04,596 - INFO - Loading embedding model on CPU: BAAI/bge-base-en-v1.5
2025-11-16 02:50:04,918 - INFO - Loading reranker model on CPU: BAAI/bge-reranker-base
2025-11-16 02:50:07,250 - INFO - --- Query: 'f block elements' ---
2025-11-16 02:50:07,253 - INFO - Moving embedding model to compute device for embedding...
2025-11-16 02:50:07,565 - INFO - Offloading embedding model back to CPU...
2025-11-16 02:50:07,725 - INFO - Step 1: Retrieving top 20 hybrid results from Elasticsearch...
2025-11-16 02:50:07,781 - INFO - Step 2: Reranking 20 results...
2025-11-16 02:50:07,781 - INFO - Moving reranker to compute device for reranking...
2025-11-16 02:50:08,580 - INFO - Offloading reranker back to CPU...
2025-11-16 02:50:08,965 - INFO - Step 3: Applying 'small-to-big' retrieval logic...
2025-11-16 02:50:08,965 - INFO - Fetching parent chunk '800f1dbd-d802-4f7b-88a7-80a85343affc' for child 'cdf276ed-a82f-411a-abbf-486060adecac'
2025-11-16 02:50:08,979 - INFO - Fetching parent chunk 'cdf276ed-a82f-411a-abbf-486060adecac' for child 'af3014c6-bbf6-4b49-a6b8-c1bd0769a5d7'
2025-11-16 02:50:08,984 - INFO - Fetching parent chunk 'bc5a2435-8fc3-479b-9d1c-8fd0c00be7a9' for child '2807fd9a-c45e-4021-85bc-4c56dcce8abb'
2025-11-16 02:50:08,989 - INFO - Retrieved 4 final context chunks.
2025-11-16 02:50:47,960 - INFO - Setting up Elasticsearch client at: http://localhost:9200
2025-11-16 02:50:48,647 - INFO - Preferred device: cuda
2025-11-16 02:50:48,647 - INFO - Loading tokenizer: BAAI/bge-base-en-v1.5
2025-11-16 02:50:49,272 - INFO - Loading embedding model on CPU: BAAI/bge-base-en-v1.5
2025-11-16 02:50:49,590 - INFO - Loading reranker model on CPU: BAAI/bge-reranker-base
2025-11-16 02:50:51,912 - INFO - --- Query: 'f block elements' ---
2025-11-16 02:50:51,923 - INFO - Moving embedding model to compute device for embedding...
2025-11-16 02:50:52,242 - INFO - Offloading embedding model back to CPU...
2025-11-16 02:50:52,402 - INFO - Step 1: Retrieving top 20 hybrid results from Elasticsearch...
2025-11-16 02:50:52,443 - INFO - Step 2: Reranking 20 results...
2025-11-16 02:50:52,443 - INFO - Moving reranker to compute device for reranking...
2025-11-16 02:50:53,238 - INFO - Offloading reranker back to CPU...
2025-11-16 02:50:53,630 - INFO - Step 3: Applying 'small-to-big' retrieval logic...
2025-11-16 02:50:53,630 - INFO - Fetching parent chunk '800f1dbd-d802-4f7b-88a7-80a85343affc' for child 'cdf276ed-a82f-411a-abbf-486060adecac'
2025-11-16 02:50:53,634 - INFO - Fetching parent chunk 'cdf276ed-a82f-411a-abbf-486060adecac' for child 'af3014c6-bbf6-4b49-a6b8-c1bd0769a5d7'
2025-11-16 02:50:53,638 - INFO - Fetching parent chunk 'bc5a2435-8fc3-479b-9d1c-8fd0c00be7a9' for child '2807fd9a-c45e-4021-85bc-4c56dcce8abb'
2025-11-16 02:50:53,643 - INFO - Retrieved 4 final context chunks.
2025-11-16 17:01:48,536 - INFO - Setting up Elasticsearch client at: http://localhost:9200
2025-11-16 17:01:48,594 - INFO - Preferred device: cuda
2025-11-16 17:01:48,594 - INFO - Loading tokenizer: BAAI/bge-base-en-v1.5
2025-11-16 17:01:49,157 - INFO - Loading embedding model on CPU: BAAI/bge-base-en-v1.5
2025-11-16 17:01:49,541 - INFO - Loading reranker model on CPU: BAAI/bge-reranker-base
2025-11-16 17:01:51,974 - INFO - --- Query: 'periodic table basics' ---
2025-11-16 17:01:51,993 - INFO - Moving embedding model to compute device for embedding...
2025-11-16 17:01:52,314 - INFO - Offloading embedding model back to CPU...
2025-11-16 17:01:52,476 - INFO - Step 1: Retrieving top 20 hybrid results from Elasticsearch...
2025-11-16 17:01:52,609 - INFO - Step 2: Reranking 20 results...
2025-11-16 17:01:52,609 - INFO - Moving reranker to compute device for reranking...
2025-11-16 17:01:53,398 - INFO - Offloading reranker back to CPU...
2025-11-16 17:01:53,785 - INFO - Step 3: Applying 'small-to-big' retrieval logic...
2025-11-16 17:01:53,785 - INFO - Fetching parent chunk '9ad27519-f6bb-47c5-8ab9-5ec8017e13d1' for child 'd0b86469-bd96-41ae-9e1a-8042af18d0db'
2025-11-16 17:01:53,798 - INFO - Fetching parent chunk '47d89168-9968-4d5a-987e-d1b19e60a221' for child '7843daef-4e8e-4c4a-bcaa-03c4765d7405'
2025-11-16 17:01:53,803 - INFO - Fetching parent chunk '2e886769-0d4b-4889-a20b-ca2ac0b1d77f' for child '0f5fd2b6-b2ee-4206-995c-672be52f134c'
2025-11-16 17:01:53,807 - INFO - Fetching parent chunk 'd9397e29-c641-43cb-8939-44f386cd43b1' for child 'dfef914f-560d-4bcd-88a4-80f3c7a7daca'
2025-11-16 17:01:53,813 - INFO - Fetching parent chunk 'd0b86469-bd96-41ae-9e1a-8042af18d0db' for child '82400f82-801c-44cb-914b-117c3465461a'
2025-11-16 17:01:53,818 - INFO - Retrieved 5 final context chunks.
2025-11-16 18:01:06,000 - INFO - Setting up Elasticsearch client at: http://localhost:9200
2025-11-16 18:01:06,073 - INFO - Preferred device: cuda
2025-11-16 18:01:06,074 - INFO - Loading tokenizer: BAAI/bge-base-en-v1.5
2025-11-16 18:01:06,946 - INFO - Loading embedding model on CPU: BAAI/bge-base-en-v1.5
2025-11-16 18:01:07,349 - INFO - Loading reranker model on CPU: BAAI/bge-reranker-base
2025-11-16 18:01:09,776 - INFO - --- Query: 'periodic table' ---
2025-11-16 18:01:09,785 - INFO - Moving embedding model to compute device for embedding...
2025-11-16 18:01:10,679 - INFO - Offloading embedding model back to CPU...
2025-11-16 18:01:11,124 - INFO - Step 1: Retrieving top 20 hybrid results from Elasticsearch...
2025-11-16 18:01:11,186 - INFO - Step 2: Reranking 20 results...
2025-11-16 18:01:11,186 - INFO - Moving reranker to compute device for reranking...
2025-11-16 18:01:12,865 - INFO - Offloading reranker back to CPU...
2025-11-16 18:01:16,892 - INFO - Step 3: Applying 'small-to-big' retrieval logic...
2025-11-16 18:01:16,892 - INFO - Fetching parent chunk 'e5221e95-326e-4617-a43b-3391133b3bbc' for child '84fb4e3a-31b2-4e01-8387-ecb86dd16fd8'
2025-11-16 18:01:16,907 - INFO - Fetching parent chunk '2e886769-0d4b-4889-a20b-ca2ac0b1d77f' for child '0f5fd2b6-b2ee-4206-995c-672be52f134c'
2025-11-16 18:01:16,925 - INFO - Fetching parent chunk '1dcf5d6f-285a-48de-96ac-d882655f9b99' for child '2e886769-0d4b-4889-a20b-ca2ac0b1d77f'
2025-11-16 18:01:16,933 - INFO - Fetching parent chunk 'd9397e29-c641-43cb-8939-44f386cd43b1' for child 'dfef914f-560d-4bcd-88a4-80f3c7a7daca'
2025-11-16 18:01:16,941 - INFO - Retrieved 5 final context chunks.
2025-11-16 18:07:16,623 - INFO - Setting up Elasticsearch client at: http://localhost:9200
2025-11-16 18:07:16,667 - INFO - Preferred device: cuda
2025-11-16 18:07:16,667 - INFO - Loading tokenizer: BAAI/bge-base-en-v1.5
2025-11-16 18:07:17,426 - INFO - Loading embedding model on CPU: BAAI/bge-base-en-v1.5
2025-11-16 18:07:17,866 - INFO - Loading reranker model on CPU: BAAI/bge-reranker-base
2025-11-16 18:07:20,448 - INFO - --- Query: 'Hello, explain me the periodic table of elements' ---
2025-11-16 18:07:20,459 - INFO - Moving embedding model to compute device for embedding...
2025-11-16 18:07:20,801 - INFO - Offloading embedding model back to CPU...
2025-11-16 18:07:20,979 - INFO - Step 1: Retrieving top 20 hybrid results from Elasticsearch...
2025-11-16 18:07:21,066 - INFO - Step 2: Reranking 20 results...
2025-11-16 18:07:21,066 - INFO - Moving reranker to compute device for reranking...
2025-11-16 18:07:21,897 - INFO - Offloading reranker back to CPU...
2025-11-16 18:07:22,488 - INFO - Step 3: Applying 'small-to-big' retrieval logic...
2025-11-16 18:07:22,488 - INFO - Fetching parent chunk '1dcf5d6f-285a-48de-96ac-d882655f9b99' for child '2e886769-0d4b-4889-a20b-ca2ac0b1d77f'
2025-11-16 18:07:22,496 - INFO - Fetching parent chunk 'd0b86469-bd96-41ae-9e1a-8042af18d0db' for child '82400f82-801c-44cb-914b-117c3465461a'
2025-11-16 18:07:22,503 - INFO - Fetching parent chunk 'e5221e95-326e-4617-a43b-3391133b3bbc' for child '84fb4e3a-31b2-4e01-8387-ecb86dd16fd8'
2025-11-16 18:07:22,511 - INFO - Fetching parent chunk 'd9397e29-c641-43cb-8939-44f386cd43b1' for child 'dfef914f-560d-4bcd-88a4-80f3c7a7daca'
2025-11-16 18:07:22,532 - INFO - Retrieved 5 final context chunks.
2025-11-16 18:50:22,714 - INFO - Setting up Elasticsearch client at: http://localhost:9200
2025-11-16 18:50:22,754 - INFO - Preferred device: cuda
2025-11-16 18:50:22,754 - INFO - Loading tokenizer: BAAI/bge-base-en-v1.5
2025-11-16 18:50:24,331 - INFO - Loading embedding model on CPU: BAAI/bge-base-en-v1.5
2025-11-16 18:50:24,996 - INFO - Loading reranker model on CPU: BAAI/bge-reranker-base
2025-11-16 18:50:30,151 - INFO - --- Query: 'What is periodic table?' ---
2025-11-16 18:50:30,166 - INFO - Moving embedding model to compute device for embedding...
2025-11-16 18:50:30,550 - INFO - Offloading embedding model back to CPU...
2025-11-16 18:50:30,742 - INFO - Step 1: Retrieving top 20 hybrid results from Elasticsearch...
2025-11-16 18:50:30,821 - INFO - Step 2: Reranking 20 results...
2025-11-16 18:50:30,821 - INFO - Moving reranker to compute device for reranking...
2025-11-16 18:50:32,446 - INFO - Offloading reranker back to CPU...
2025-11-16 18:50:32,924 - INFO - Step 3: Applying 'small-to-big' retrieval logic...
2025-11-16 18:50:32,924 - INFO - Fetching parent chunk 'e5221e95-326e-4617-a43b-3391133b3bbc' for child '84fb4e3a-31b2-4e01-8387-ecb86dd16fd8'
2025-11-16 18:50:32,942 - INFO - Fetching parent chunk '1dcf5d6f-285a-48de-96ac-d882655f9b99' for child '2e886769-0d4b-4889-a20b-ca2ac0b1d77f'
2025-11-16 18:50:32,949 - INFO - Fetching parent chunk '2e886769-0d4b-4889-a20b-ca2ac0b1d77f' for child '0f5fd2b6-b2ee-4206-995c-672be52f134c'
2025-11-16 18:50:32,957 - INFO - Fetching parent chunk '482dd368-1e82-484b-a2e7-7814dc28d9f8' for child 'e5221e95-326e-4617-a43b-3391133b3bbc'
2025-11-16 18:50:32,963 - INFO - Retrieved 5 final context chunks.
2025-11-16 18:55:11,652 - INFO - Setting up Elasticsearch client at: http://localhost:9200
2025-11-16 18:55:11,698 - INFO - Preferred device: cuda
2025-11-16 18:55:11,699 - INFO - Loading tokenizer: BAAI/bge-base-en-v1.5
2025-11-16 18:55:12,476 - INFO - Loading embedding model on CPU: BAAI/bge-base-en-v1.5
2025-11-16 18:55:12,864 - INFO - Loading reranker model on CPU: BAAI/bge-reranker-base
2025-11-16 18:55:15,744 - INFO - --- Query: 'What is periodic table?' ---
2025-11-16 18:55:15,753 - INFO - Moving embedding model to compute device for embedding...
2025-11-16 18:55:16,384 - INFO - Offloading embedding model back to CPU...
2025-11-16 18:55:16,562 - INFO - Step 1: Retrieving top 20 hybrid results from Elasticsearch...
2025-11-16 18:55:16,629 - INFO - Step 2: Reranking 20 results...
2025-11-16 18:55:16,629 - INFO - Moving reranker to compute device for reranking...
2025-11-16 18:55:17,815 - INFO - Offloading reranker back to CPU...
2025-11-16 18:55:18,358 - INFO - Step 3: Applying 'small-to-big' retrieval logic...
2025-11-16 18:55:18,358 - INFO - Fetching parent chunk 'e5221e95-326e-4617-a43b-3391133b3bbc' for child '84fb4e3a-31b2-4e01-8387-ecb86dd16fd8'
2025-11-16 18:55:18,373 - INFO - Fetching parent chunk '1dcf5d6f-285a-48de-96ac-d882655f9b99' for child '2e886769-0d4b-4889-a20b-ca2ac0b1d77f'
2025-11-16 18:55:18,380 - INFO - Fetching parent chunk '2e886769-0d4b-4889-a20b-ca2ac0b1d77f' for child '0f5fd2b6-b2ee-4206-995c-672be52f134c'
2025-11-16 18:55:18,386 - INFO - Fetching parent chunk '482dd368-1e82-484b-a2e7-7814dc28d9f8' for child 'e5221e95-326e-4617-a43b-3391133b3bbc'
2025-11-16 18:55:18,392 - INFO - Retrieved 5 final context chunks.
2025-11-16 18:57:25,613 - INFO - Setting up Elasticsearch client at: http://localhost:9200
2025-11-16 18:57:25,637 - INFO - Preferred device: cuda
2025-11-16 18:57:25,637 - INFO - Loading tokenizer: BAAI/bge-base-en-v1.5
2025-11-16 18:57:26,875 - INFO - Loading embedding model on CPU: BAAI/bge-base-en-v1.5
2025-11-16 18:57:27,197 - INFO - Loading reranker model on CPU: BAAI/bge-reranker-base
2025-11-16 18:57:30,065 - INFO - --- Query: 'periodic table' ---
2025-11-16 18:57:30,082 - INFO - Moving embedding model to compute device for embedding...
2025-11-16 18:57:30,178 - INFO - Offloading embedding model back to CPU...
2025-11-16 18:57:30,353 - INFO - Step 1: Retrieving top 20 hybrid results from Elasticsearch...
2025-11-16 18:57:30,396 - INFO - Step 2: Reranking 20 results...
2025-11-16 18:57:30,396 - INFO - Moving reranker to compute device for reranking...
2025-11-16 18:57:31,852 - INFO - Offloading reranker back to CPU...
2025-11-16 18:57:32,586 - INFO - Step 3: Applying 'small-to-big' retrieval logic...
2025-11-16 18:57:32,586 - INFO - Fetching parent chunk 'e5221e95-326e-4617-a43b-3391133b3bbc' for child '84fb4e3a-31b2-4e01-8387-ecb86dd16fd8'
2025-11-16 18:57:32,599 - INFO - Fetching parent chunk '2e886769-0d4b-4889-a20b-ca2ac0b1d77f' for child '0f5fd2b6-b2ee-4206-995c-672be52f134c'
2025-11-16 18:57:32,607 - INFO - Fetching parent chunk '1dcf5d6f-285a-48de-96ac-d882655f9b99' for child '2e886769-0d4b-4889-a20b-ca2ac0b1d77f'
2025-11-16 18:57:32,618 - INFO - Fetching parent chunk 'd9397e29-c641-43cb-8939-44f386cd43b1' for child 'dfef914f-560d-4bcd-88a4-80f3c7a7daca'
2025-11-16 18:57:32,631 - INFO - Retrieved 5 final context chunks.
2025-11-16 18:59:07,560 - INFO - --- Query: 'Solve this quiz please' ---
2025-11-16 18:59:07,577 - INFO - Moving embedding model to compute device for embedding...
2025-11-16 18:59:07,718 - INFO - Offloading embedding model back to CPU...
2025-11-16 18:59:07,891 - INFO - Step 1: Retrieving top 20 hybrid results from Elasticsearch...
2025-11-16 18:59:07,986 - INFO - Step 2: Reranking 20 results...
2025-11-16 18:59:07,986 - INFO - Moving reranker to compute device for reranking...
2025-11-16 18:59:08,877 - INFO - Offloading reranker back to CPU...
2025-11-16 18:59:09,226 - INFO - Step 3: Applying 'small-to-big' retrieval logic...
2025-11-16 18:59:09,226 - INFO - Fetching parent chunk 'f313d06a-0799-460c-89c5-a05eea44acc6' for child '768768d4-2ae5-4b17-8d38-60490085d2e0'
2025-11-16 18:59:09,234 - INFO - Fetching parent chunk '5b8f14d5-820b-4359-8245-0a78a0927ec6' for child '88ca967c-d69a-4fe9-9f64-cb5b0a6357d8'
2025-11-16 18:59:09,242 - INFO - Fetching parent chunk '88793680-1a93-4f07-9e17-4aeaa72b7632' for child 'ad223410-f35f-49da-ae01-eadefa6b7be8'
2025-11-16 18:59:09,249 - INFO - Fetching parent chunk '74a2af42-e4f5-403a-95f5-8c0f2b626d11' for child 'b7175a33-c65d-47ce-8352-217780056af2'
2025-11-16 18:59:09,258 - INFO - Retrieved 5 final context chunks.
2025-11-16 19:08:05,805 - INFO - --- Query: 'periodic table' ---
2025-11-16 19:08:05,851 - INFO - Moving embedding model to compute device for embedding...
2025-11-16 19:08:06,005 - INFO - Offloading embedding model back to CPU...
2025-11-16 19:08:06,113 - INFO - Step 1: Retrieving top 20 hybrid results from Elasticsearch...
2025-11-16 19:08:06,190 - INFO - Step 2: Reranking 20 results...
2025-11-16 19:08:06,190 - INFO - Moving reranker to compute device for reranking...
2025-11-16 19:08:07,045 - INFO - Offloading reranker back to CPU...
2025-11-16 19:08:07,388 - INFO - Step 3: Applying 'small-to-big' retrieval logic...
2025-11-16 19:08:07,388 - INFO - Fetching parent chunk 'e5221e95-326e-4617-a43b-3391133b3bbc' for child '84fb4e3a-31b2-4e01-8387-ecb86dd16fd8'
2025-11-16 19:08:07,395 - INFO - Fetching parent chunk '2e886769-0d4b-4889-a20b-ca2ac0b1d77f' for child '0f5fd2b6-b2ee-4206-995c-672be52f134c'
2025-11-16 19:08:07,405 - INFO - Fetching parent chunk '1dcf5d6f-285a-48de-96ac-d882655f9b99' for child '2e886769-0d4b-4889-a20b-ca2ac0b1d77f'
2025-11-16 19:08:07,412 - INFO - Fetching parent chunk 'd9397e29-c641-43cb-8939-44f386cd43b1' for child 'dfef914f-560d-4bcd-88a4-80f3c7a7daca'
2025-11-16 19:08:07,418 - INFO - Retrieved 5 final context chunks.
2025-11-16 19:09:35,184 - INFO - --- Query: 'What is a block in a periodic table? What are different types of blocks?' ---
2025-11-16 19:09:35,186 - INFO - Moving embedding model to compute device for embedding...
2025-11-16 19:09:35,329 - INFO - Offloading embedding model back to CPU...
2025-11-16 19:09:35,454 - INFO - Step 1: Retrieving top 20 hybrid results from Elasticsearch...
2025-11-16 19:09:35,542 - INFO - Step 2: Reranking 20 results...
2025-11-16 19:09:35,542 - INFO - Moving reranker to compute device for reranking...
2025-11-16 19:09:36,506 - INFO - Offloading reranker back to CPU...
2025-11-16 19:09:36,875 - INFO - Step 3: Applying 'small-to-big' retrieval logic...
2025-11-16 19:09:36,875 - INFO - Fetching parent chunk 'd9397e29-c641-43cb-8939-44f386cd43b1' for child 'dfef914f-560d-4bcd-88a4-80f3c7a7daca'
2025-11-16 19:09:36,882 - INFO - Fetching parent chunk 'd0b86469-bd96-41ae-9e1a-8042af18d0db' for child '82400f82-801c-44cb-914b-117c3465461a'
2025-11-16 19:09:36,892 - INFO - Fetching parent chunk 'c42a1c10-1015-4a61-bb5f-020b979485f1' for child '8858e526-29ca-4b01-8291-8af79137ac99'
2025-11-16 19:09:36,897 - INFO - Fetching parent chunk '47d89168-9968-4d5a-987e-d1b19e60a221' for child '7843daef-4e8e-4c4a-bcaa-03c4765d7405'
2025-11-16 19:09:36,905 - INFO - Fetching parent chunk 'cdf276ed-a82f-411a-abbf-486060adecac' for child 'fd6556de-5a1a-428f-84f7-225b3984477b'
2025-11-16 19:09:36,910 - INFO - Retrieved 5 final context chunks.
2025-11-16 19:17:08,360 - INFO - Setting up Elasticsearch client at: http://localhost:9200
2025-11-16 19:17:08,420 - INFO - Preferred device: cuda
2025-11-16 19:17:08,420 - INFO - Loading tokenizer: BAAI/bge-base-en-v1.5
2025-11-16 19:17:09,079 - INFO - Loading embedding model on CPU: BAAI/bge-base-en-v1.5
2025-11-16 19:17:09,497 - INFO - Loading reranker model on CPU: BAAI/bge-reranker-base
2025-11-16 19:17:11,978 - INFO - --- Query: 'What are f-block elements?' ---
2025-11-16 19:17:11,992 - INFO - Moving embedding model to compute device for embedding...
2025-11-16 19:17:12,607 - INFO - Offloading embedding model back to CPU...
2025-11-16 19:17:12,771 - INFO - Step 1: Retrieving top 20 hybrid results from Elasticsearch...
2025-11-16 19:17:12,872 - INFO - Step 2: Reranking 20 results...
2025-11-16 19:17:12,872 - INFO - Moving reranker to compute device for reranking...
2025-11-16 19:17:13,976 - INFO - Offloading reranker back to CPU...
2025-11-16 19:17:14,392 - INFO - Step 3: Applying 'small-to-big' retrieval logic...
2025-11-16 19:17:14,392 - INFO - Fetching parent chunk 'bc5a2435-8fc3-479b-9d1c-8fd0c00be7a9' for child '2807fd9a-c45e-4021-85bc-4c56dcce8abb'
2025-11-16 19:17:14,398 - INFO - Fetching parent chunk 'cdf276ed-a82f-411a-abbf-486060adecac' for child 'af3014c6-bbf6-4b49-a6b8-c1bd0769a5d7'
2025-11-16 19:17:14,403 - INFO - Fetching parent chunk '800f1dbd-d802-4f7b-88a7-80a85343affc' for child 'cdf276ed-a82f-411a-abbf-486060adecac'
2025-11-16 19:17:14,410 - INFO - Fetching parent chunk '7280e3be-e4f8-4b6a-9521-9fc7a6a05b57' for child '725de579-45fb-4b95-b83f-0e1c955ada2d'
2025-11-16 19:17:14,418 - INFO - Retrieved 5 final context chunks.
2025-11-16 19:18:59,563 - INFO - Setting up Elasticsearch client at: http://localhost:9200
2025-11-16 19:18:59,600 - INFO - Preferred device: cuda
2025-11-16 19:18:59,600 - INFO - Loading tokenizer: BAAI/bge-base-en-v1.5
2025-11-16 19:19:00,298 - INFO - Loading embedding model on CPU: BAAI/bge-base-en-v1.5
2025-11-16 19:19:00,580 - INFO - Loading reranker model on CPU: BAAI/bge-reranker-base
2025-11-16 19:19:03,280 - INFO - --- Query: 'chemical bonding' ---
2025-11-16 19:19:03,299 - INFO - Moving embedding model to compute device for embedding...
2025-11-16 19:19:03,408 - INFO - Offloading embedding model back to CPU...
2025-11-16 19:19:03,577 - INFO - Step 1: Retrieving top 20 hybrid results from Elasticsearch...
2025-11-16 19:19:03,633 - INFO - Step 2: Reranking 20 results...
2025-11-16 19:19:03,633 - INFO - Moving reranker to compute device for reranking...
2025-11-16 19:19:04,433 - INFO - Offloading reranker back to CPU...
2025-11-16 19:19:05,050 - INFO - Step 3: Applying 'small-to-big' retrieval logic...
2025-11-16 19:19:05,051 - INFO - Fetching parent chunk 'f08543d5-e952-4895-b3b3-8f02bae4f338' for child '4099953c-df7a-4a08-bd93-b3f411e34736'
2025-11-16 19:19:05,060 - INFO - Fetching parent chunk '4099953c-df7a-4a08-bd93-b3f411e34736' for child '022dfac3-885c-4f05-bb0f-b84eaf2c630c'
2025-11-16 19:19:05,067 - INFO - Fetching parent chunk '3bc3f267-9ce4-43ed-940f-b277a3f7d628' for child 'a1ecc2dd-d0be-4e64-83ec-b5e25be50e42'
2025-11-16 19:19:05,073 - INFO - Retrieved 4 final context chunks.
2025-11-16 19:19:29,664 - INFO - --- Query: 'periodic table' ---
2025-11-16 19:19:29,679 - INFO - Moving embedding model to compute device for embedding...
2025-11-16 19:19:29,777 - INFO - Offloading embedding model back to CPU...
2025-11-16 19:19:29,876 - INFO - Step 1: Retrieving top 20 hybrid results from Elasticsearch...
2025-11-16 19:19:29,938 - INFO - Step 2: Reranking 20 results...
2025-11-16 19:19:29,938 - INFO - Moving reranker to compute device for reranking...
2025-11-16 19:19:30,738 - INFO - Offloading reranker back to CPU...
2025-11-16 19:19:31,068 - INFO - Step 3: Applying 'small-to-big' retrieval logic...
2025-11-16 19:19:31,069 - INFO - Fetching parent chunk 'e5221e95-326e-4617-a43b-3391133b3bbc' for child '84fb4e3a-31b2-4e01-8387-ecb86dd16fd8'
2025-11-16 19:19:31,075 - INFO - Fetching parent chunk '2e886769-0d4b-4889-a20b-ca2ac0b1d77f' for child '0f5fd2b6-b2ee-4206-995c-672be52f134c'
2025-11-16 19:19:31,082 - INFO - Fetching parent chunk '1dcf5d6f-285a-48de-96ac-d882655f9b99' for child '2e886769-0d4b-4889-a20b-ca2ac0b1d77f'
2025-11-16 19:19:31,088 - INFO - Fetching parent chunk 'd9397e29-c641-43cb-8939-44f386cd43b1' for child 'dfef914f-560d-4bcd-88a4-80f3c7a7daca'
2025-11-16 19:19:31,097 - INFO - Retrieved 5 final context chunks.
2025-11-16 19:37:56,009 - INFO - Setting up Elasticsearch client at: http://localhost:9200
2025-11-16 19:37:56,071 - INFO - Preferred device: cuda
2025-11-16 19:37:56,071 - INFO - Loading tokenizer: BAAI/bge-base-en-v1.5
2025-11-16 19:37:56,941 - INFO - Loading embedding model on CPU: BAAI/bge-base-en-v1.5
2025-11-16 19:37:57,379 - INFO - Loading reranker model on CPU: BAAI/bge-reranker-base
2025-11-16 19:38:00,214 - INFO - --- Query: 'f block elements' ---
2025-11-16 19:38:00,228 - INFO - Moving embedding model to compute device for embedding...
2025-11-16 19:38:00,567 - INFO - Offloading embedding model back to CPU...
2025-11-16 19:38:00,746 - INFO - Step 1: Retrieving top 20 hybrid results from Elasticsearch...
2025-11-16 19:38:00,821 - INFO - Step 2: Reranking 20 results...
2025-11-16 19:38:00,821 - INFO - Moving reranker to compute device for reranking...
2025-11-16 19:38:01,654 - INFO - Offloading reranker back to CPU...
2025-11-16 19:38:02,130 - INFO - Step 3: Applying 'small-to-big' retrieval logic...
2025-11-16 19:38:02,130 - INFO - Fetching parent chunk '800f1dbd-d802-4f7b-88a7-80a85343affc' for child 'cdf276ed-a82f-411a-abbf-486060adecac'
2025-11-16 19:38:02,137 - INFO - Fetching parent chunk 'cdf276ed-a82f-411a-abbf-486060adecac' for child 'af3014c6-bbf6-4b49-a6b8-c1bd0769a5d7'
2025-11-16 19:38:02,145 - INFO - Fetching parent chunk 'bc5a2435-8fc3-479b-9d1c-8fd0c00be7a9' for child '2807fd9a-c45e-4021-85bc-4c56dcce8abb'
2025-11-16 19:38:02,155 - INFO - Retrieved 4 final context chunks.
2025-11-16 19:40:27,872 - INFO - Setting up Elasticsearch client at: http://localhost:9200
2025-11-16 19:40:27,927 - INFO - Preferred device: cuda
2025-11-16 19:40:27,927 - INFO - Loading tokenizer: BAAI/bge-base-en-v1.5
2025-11-16 19:40:29,361 - INFO - Loading embedding model on CPU: BAAI/bge-base-en-v1.5
2025-11-16 19:40:29,988 - INFO - Loading reranker model on CPU: BAAI/bge-reranker-base
2025-11-16 19:40:32,847 - INFO - --- Query: 'What are f-block elements?' ---
2025-11-16 19:40:32,862 - INFO - Moving embedding model to compute device for embedding...
2025-11-16 19:40:33,192 - INFO - Offloading embedding model back to CPU...
2025-11-16 19:40:33,356 - INFO - Step 1: Retrieving top 20 hybrid results from Elasticsearch...
2025-11-16 19:40:33,431 - INFO - Step 2: Reranking 20 results...
2025-11-16 19:40:33,431 - INFO - Moving reranker to compute device for reranking...
2025-11-16 19:40:34,240 - INFO - Offloading reranker back to CPU...
2025-11-16 19:40:34,642 - INFO - Step 3: Applying 'small-to-big' retrieval logic...
2025-11-16 19:40:34,642 - INFO - Fetching parent chunk 'bc5a2435-8fc3-479b-9d1c-8fd0c00be7a9' for child '2807fd9a-c45e-4021-85bc-4c56dcce8abb'
2025-11-16 19:40:34,656 - INFO - Fetching parent chunk 'cdf276ed-a82f-411a-abbf-486060adecac' for child 'af3014c6-bbf6-4b49-a6b8-c1bd0769a5d7'
2025-11-16 19:40:34,661 - INFO - Fetching parent chunk '800f1dbd-d802-4f7b-88a7-80a85343affc' for child 'cdf276ed-a82f-411a-abbf-486060adecac'
2025-11-16 19:40:34,667 - INFO - Fetching parent chunk '7280e3be-e4f8-4b6a-9521-9fc7a6a05b57' for child '725de579-45fb-4b95-b83f-0e1c955ada2d'
2025-11-16 19:40:34,673 - INFO - Retrieved 5 final context chunks.
2025-11-16 19:41:12,165 - INFO - Setting up Elasticsearch client at: http://localhost:9200
2025-11-16 19:41:12,205 - INFO - Preferred device: cuda
2025-11-16 19:41:12,205 - INFO - Loading tokenizer: BAAI/bge-base-en-v1.5
2025-11-16 19:41:13,207 - INFO - Loading embedding model on CPU: BAAI/bge-base-en-v1.5
2025-11-16 19:41:13,547 - INFO - Loading reranker model on CPU: BAAI/bge-reranker-base
2025-11-16 19:41:16,080 - INFO - --- Query: 'periodic table' ---
2025-11-16 19:41:16,097 - INFO - Moving embedding model to compute device for embedding...
2025-11-16 19:41:16,210 - INFO - Offloading embedding model back to CPU...
2025-11-16 19:41:16,383 - INFO - Step 1: Retrieving top 20 hybrid results from Elasticsearch...
2025-11-16 19:41:16,449 - INFO - Step 2: Reranking 20 results...
2025-11-16 19:41:16,449 - INFO - Moving reranker to compute device for reranking...
2025-11-16 19:41:17,254 - INFO - Offloading reranker back to CPU...
2025-11-16 19:41:17,907 - INFO - Step 3: Applying 'small-to-big' retrieval logic...
2025-11-16 19:41:17,907 - INFO - Fetching parent chunk 'e5221e95-326e-4617-a43b-3391133b3bbc' for child '84fb4e3a-31b2-4e01-8387-ecb86dd16fd8'
2025-11-16 19:41:17,918 - INFO - Fetching parent chunk '2e886769-0d4b-4889-a20b-ca2ac0b1d77f' for child '0f5fd2b6-b2ee-4206-995c-672be52f134c'
2025-11-16 19:41:17,935 - INFO - Fetching parent chunk '1dcf5d6f-285a-48de-96ac-d882655f9b99' for child '2e886769-0d4b-4889-a20b-ca2ac0b1d77f'
2025-11-16 19:41:17,963 - INFO - Fetching parent chunk 'd9397e29-c641-43cb-8939-44f386cd43b1' for child 'dfef914f-560d-4bcd-88a4-80f3c7a7daca'
2025-11-16 19:41:17,971 - INFO - Retrieved 5 final context chunks.
2025-11-16 19:41:46,317 - INFO - --- Query: 'periodic table' ---
2025-11-16 19:41:46,331 - INFO - Moving embedding model to compute device for embedding...
2025-11-16 19:41:46,438 - INFO - Offloading embedding model back to CPU...
2025-11-16 19:41:46,545 - INFO - Step 1: Retrieving top 20 hybrid results from Elasticsearch...
2025-11-16 19:41:46,605 - INFO - Step 2: Reranking 20 results...
2025-11-16 19:41:46,605 - INFO - Moving reranker to compute device for reranking...
2025-11-16 19:41:47,408 - INFO - Offloading reranker back to CPU...
2025-11-16 19:41:47,740 - INFO - Step 3: Applying 'small-to-big' retrieval logic...
2025-11-16 19:41:47,740 - INFO - Fetching parent chunk 'e5221e95-326e-4617-a43b-3391133b3bbc' for child '84fb4e3a-31b2-4e01-8387-ecb86dd16fd8'
2025-11-16 19:41:47,750 - INFO - Fetching parent chunk '2e886769-0d4b-4889-a20b-ca2ac0b1d77f' for child '0f5fd2b6-b2ee-4206-995c-672be52f134c'
2025-11-16 19:41:47,759 - INFO - Fetching parent chunk '1dcf5d6f-285a-48de-96ac-d882655f9b99' for child '2e886769-0d4b-4889-a20b-ca2ac0b1d77f'
2025-11-16 19:41:47,769 - INFO - Fetching parent chunk 'd9397e29-c641-43cb-8939-44f386cd43b1' for child 'dfef914f-560d-4bcd-88a4-80f3c7a7daca'
2025-11-16 19:41:47,776 - INFO - Retrieved 5 final context chunks.
2025-11-16 19:56:09,098 - INFO - Setting up Elasticsearch client at: http://localhost:9200
2025-11-16 19:56:09,465 - INFO - Preferred device: cuda
2025-11-16 19:56:09,466 - INFO - Loading tokenizer: BAAI/bge-base-en-v1.5
2025-11-16 19:56:10,247 - INFO - Loading embedding model on CPU: BAAI/bge-base-en-v1.5
2025-11-16 19:56:10,694 - INFO - Loading reranker model on CPU: BAAI/bge-reranker-base
2025-11-16 19:56:13,502 - INFO - --- Query: 'Give me a script to talk about periodic table for 20 minutes' ---
2025-11-16 19:56:13,513 - INFO - Moving embedding model to compute device for embedding...
2025-11-16 19:56:13,880 - INFO - Offloading embedding model back to CPU...
2025-11-16 19:56:14,067 - INFO - Step 1: Retrieving top 20 hybrid results from Elasticsearch...
2025-11-16 19:56:14,175 - INFO - Step 2: Reranking 20 results...
2025-11-16 19:56:14,175 - INFO - Moving reranker to compute device for reranking...
2025-11-16 19:56:15,023 - INFO - Offloading reranker back to CPU...
2025-11-16 19:56:15,454 - INFO - Step 3: Applying 'small-to-big' retrieval logic...
2025-11-16 19:56:15,455 - INFO - Fetching parent chunk '93e32338-567f-4111-b466-156c41f13eba' for child 'e48db51b-5bbb-4acd-be85-d0a22e1e91ae'
2025-11-16 19:56:15,460 - INFO - Fetching parent chunk '47d89168-9968-4d5a-987e-d1b19e60a221' for child '7843daef-4e8e-4c4a-bcaa-03c4765d7405'
2025-11-16 19:56:15,467 - INFO - Fetching parent chunk '7280e3be-e4f8-4b6a-9521-9fc7a6a05b57' for child '298ec6c2-fe66-459e-8d0b-0baf4ddaac4f'
2025-11-16 19:56:15,474 - INFO - Fetching parent chunk '482dd368-1e82-484b-a2e7-7814dc28d9f8' for child 'e5221e95-326e-4617-a43b-3391133b3bbc'
2025-11-16 19:56:15,480 - INFO - Retrieved 5 final context chunks.
2025-11-16 19:56:56,083 - INFO - Setting up Elasticsearch client at: http://localhost:9200
2025-11-16 19:56:56,113 - INFO - Preferred device: cuda
2025-11-16 19:56:56,114 - INFO - Loading tokenizer: BAAI/bge-base-en-v1.5
2025-11-16 19:56:56,810 - INFO - Loading embedding model on CPU: BAAI/bge-base-en-v1.5
2025-11-16 19:56:57,179 - INFO - Loading reranker model on CPU: BAAI/bge-reranker-base
2025-11-16 19:56:59,485 - INFO - --- Query: 'f block elements' ---
2025-11-16 19:56:59,499 - INFO - Moving embedding model to compute device for embedding...
2025-11-16 19:56:59,609 - INFO - Offloading embedding model back to CPU...
2025-11-16 19:56:59,797 - INFO - Step 1: Retrieving top 20 hybrid results from Elasticsearch...
2025-11-16 19:56:59,876 - INFO - Step 2: Reranking 20 results...
2025-11-16 19:56:59,876 - INFO - Moving reranker to compute device for reranking...
2025-11-16 19:57:00,683 - INFO - Offloading reranker back to CPU...
2025-11-16 19:57:04,422 - INFO - Step 3: Applying 'small-to-big' retrieval logic...
2025-11-16 19:57:04,422 - INFO - Fetching parent chunk '800f1dbd-d802-4f7b-88a7-80a85343affc' for child 'cdf276ed-a82f-411a-abbf-486060adecac'
2025-11-16 19:57:04,429 - INFO - Fetching parent chunk 'cdf276ed-a82f-411a-abbf-486060adecac' for child 'af3014c6-bbf6-4b49-a6b8-c1bd0769a5d7'
2025-11-16 19:57:04,435 - INFO - Fetching parent chunk 'bc5a2435-8fc3-479b-9d1c-8fd0c00be7a9' for child '2807fd9a-c45e-4021-85bc-4c56dcce8abb'
2025-11-16 19:57:04,440 - INFO - Retrieved 4 final context chunks.
2025-11-16 19:57:48,928 - INFO - --- Query: 'How are you' ---
2025-11-16 19:57:48,946 - INFO - Moving embedding model to compute device for embedding...
2025-11-16 19:57:49,048 - INFO - Offloading embedding model back to CPU...
2025-11-16 19:57:49,189 - INFO - Step 1: Retrieving top 20 hybrid results from Elasticsearch...
2025-11-16 19:57:49,258 - INFO - Step 2: Reranking 20 results...
2025-11-16 19:57:49,258 - INFO - Moving reranker to compute device for reranking...
2025-11-16 19:57:49,994 - INFO - Offloading reranker back to CPU...
2025-11-16 19:57:50,314 - INFO - Step 3: Applying 'small-to-big' retrieval logic...
2025-11-16 19:57:50,314 - INFO - Fetching parent chunk '46d4c667-1051-40a8-aa7e-3b5ac8a8073c' for child 'ab0eebe4-ae54-42e9-b035-be353ca1487e'
2025-11-16 19:57:50,319 - INFO - Fetching parent chunk '7d8dc83b-6b0d-4f26-b5dd-8089378d1d2c' for child 'f5499367-72be-46b4-b52a-6356ff8d0460'
2025-11-16 19:57:50,329 - INFO - Fetching parent chunk '9c56acb4-3544-4723-aa08-f18f8fba6549' for child '604d5b7f-de9b-4528-9905-1ab06299fae8'
2025-11-16 19:57:50,333 - INFO - Fetching parent chunk '863ff90e-5349-4302-b742-966e902d9ddb' for child '8ca15a5d-8bf8-4cc1-9efa-f8424893cc6a'
2025-11-16 19:57:50,338 - INFO - Fetching parent chunk '7280e3be-e4f8-4b6a-9521-9fc7a6a05b57' for child '298ec6c2-fe66-459e-8d0b-0baf4ddaac4f'
2025-11-16 19:57:50,343 - INFO - Retrieved 5 final context chunks.
2025-11-16 19:58:40,962 - INFO - --- Query: 'Tell about d-block elements in details and email me' ---
2025-11-16 19:58:40,980 - INFO - Moving embedding model to compute device for embedding...
2025-11-16 19:58:41,081 - INFO - Offloading embedding model back to CPU...
2025-11-16 19:58:41,254 - INFO - Step 1: Retrieving top 20 hybrid results from Elasticsearch...
2025-11-16 19:58:41,332 - INFO - Step 2: Reranking 20 results...
2025-11-16 19:58:41,332 - INFO - Moving reranker to compute device for reranking...
2025-11-16 19:58:42,138 - INFO - Offloading reranker back to CPU...
2025-11-16 19:58:42,459 - INFO - Step 3: Applying 'small-to-big' retrieval logic...
2025-11-16 19:58:42,459 - INFO - Fetching parent chunk '8558cd53-7865-4f9c-b898-3a8c034156a8' for child 'cf46acea-feca-40a5-8e30-5ca770fb4b21'
2025-11-16 19:58:42,474 - INFO - Fetching parent chunk 'ae4ccf4d-9fd1-466d-b488-c9a3b1d6f74d' for child 'bc5a2435-8fc3-479b-9d1c-8fd0c00be7a9'
2025-11-16 19:58:42,480 - INFO - Fetching parent chunk 'fbac0a09-3ea7-40e6-b901-76966c6cb749' for child 'ecf1aa9a-836d-41fe-b7f2-9be000d7a714'
2025-11-16 19:58:42,486 - INFO - Retrieved 5 final context chunks.
2025-11-16 19:59:35,273 - INFO - --- Query: 'd-block elements' ---
2025-11-16 19:59:35,282 - INFO - Moving embedding model to compute device for embedding...
2025-11-16 19:59:35,386 - INFO - Offloading embedding model back to CPU...
2025-11-16 19:59:35,491 - INFO - Step 1: Retrieving top 20 hybrid results from Elasticsearch...
2025-11-16 19:59:35,543 - INFO - Step 2: Reranking 20 results...
2025-11-16 19:59:35,543 - INFO - Moving reranker to compute device for reranking...
2025-11-16 19:59:36,367 - INFO - Offloading reranker back to CPU...
2025-11-16 19:59:36,706 - INFO - Step 3: Applying 'small-to-big' retrieval logic...
2025-11-16 19:59:36,706 - INFO - Fetching parent chunk 'cdf276ed-a82f-411a-abbf-486060adecac' for child 'af3014c6-bbf6-4b49-a6b8-c1bd0769a5d7'
2025-11-16 19:59:36,721 - INFO - Fetching parent chunk '800f1dbd-d802-4f7b-88a7-80a85343affc' for child 'cdf276ed-a82f-411a-abbf-486060adecac'
2025-11-16 19:59:36,725 - INFO - Fetching parent chunk 'ae4ccf4d-9fd1-466d-b488-c9a3b1d6f74d' for child 'bc5a2435-8fc3-479b-9d1c-8fd0c00be7a9'
2025-11-16 19:59:36,731 - INFO - Retrieved 4 final context chunks.
2025-11-17 22:27:05,835 - INFO - Setting up Elasticsearch client at: http://localhost:9200
2025-11-17 22:27:05,872 - INFO - Preferred device: cuda
2025-11-17 22:27:05,872 - INFO - Loading tokenizer: BAAI/bge-base-en-v1.5
2025-11-17 22:27:06,940 - INFO - Loading embedding model on CPU: BAAI/bge-base-en-v1.5
2025-11-17 22:27:07,303 - INFO - Loading reranker model on CPU: BAAI/bge-reranker-base
2025-11-17 22:27:09,627 - INFO - --- Query: 'd-block elements' ---
2025-11-17 22:27:09,641 - INFO - Moving embedding model to compute device for embedding...
2025-11-17 22:27:09,959 - INFO - Offloading embedding model back to CPU...
2025-11-17 22:27:10,121 - INFO - Step 1: Retrieving top 20 hybrid results from Elasticsearch...
2025-11-17 22:27:10,149 - INFO - Step 2: Reranking 20 results...
2025-11-17 22:27:10,149 - INFO - Moving reranker to compute device for reranking...
2025-11-17 22:27:10,945 - INFO - Offloading reranker back to CPU...
2025-11-17 22:27:11,341 - INFO - Step 3: Applying 'small-to-big' retrieval logic...
2025-11-17 22:27:11,341 - INFO - Fetching parent chunk 'cdf276ed-a82f-411a-abbf-486060adecac' for child 'af3014c6-bbf6-4b49-a6b8-c1bd0769a5d7'
2025-11-17 22:27:11,353 - INFO - Fetching parent chunk '800f1dbd-d802-4f7b-88a7-80a85343affc' for child 'cdf276ed-a82f-411a-abbf-486060adecac'
2025-11-17 22:27:11,357 - INFO - Fetching parent chunk 'ae4ccf4d-9fd1-466d-b488-c9a3b1d6f74d' for child 'bc5a2435-8fc3-479b-9d1c-8fd0c00be7a9'
2025-11-17 22:27:11,362 - INFO - Retrieved 4 final context chunks.
2025-11-17 22:31:04,434 - INFO - Setting up Elasticsearch client at: http://localhost:9200
2025-11-17 22:31:04,472 - INFO - Preferred device: cuda
2025-11-17 22:31:04,472 - INFO - Loading tokenizer: BAAI/bge-base-en-v1.5
2025-11-17 22:31:05,070 - INFO - Loading embedding model on CPU: BAAI/bge-base-en-v1.5
2025-11-17 22:31:05,381 - INFO - Loading reranker model on CPU: BAAI/bge-reranker-base
2025-11-17 22:31:07,557 - INFO - --- Query: 'd-block elements' ---
2025-11-17 22:31:07,559 - INFO - Moving embedding model to compute device for embedding...
2025-11-17 22:31:07,912 - INFO - Offloading embedding model back to CPU...
2025-11-17 22:31:08,073 - INFO - Step 1: Retrieving top 20 hybrid results from Elasticsearch...
2025-11-17 22:31:08,104 - INFO - Step 2: Reranking 20 results...
2025-11-17 22:31:08,104 - INFO - Moving reranker to compute device for reranking...
2025-11-17 22:31:08,906 - INFO - Offloading reranker back to CPU...
2025-11-17 22:31:09,321 - INFO - Step 3: Applying 'small-to-big' retrieval logic...
2025-11-17 22:31:09,321 - INFO - Fetching parent chunk 'cdf276ed-a82f-411a-abbf-486060adecac' for child 'af3014c6-bbf6-4b49-a6b8-c1bd0769a5d7'
2025-11-17 22:31:09,325 - INFO - Fetching parent chunk '800f1dbd-d802-4f7b-88a7-80a85343affc' for child 'cdf276ed-a82f-411a-abbf-486060adecac'
2025-11-17 22:31:09,328 - INFO - Fetching parent chunk 'ae4ccf4d-9fd1-466d-b488-c9a3b1d6f74d' for child 'bc5a2435-8fc3-479b-9d1c-8fd0c00be7a9'
2025-11-17 22:31:09,332 - INFO - Retrieved 4 final context chunks.
2025-11-17 22:38:41,596 - INFO - Setting up Elasticsearch client at: http://localhost:9200
2025-11-17 22:38:41,631 - INFO - Preferred device: cuda
2025-11-17 22:38:41,631 - INFO - Loading tokenizer: BAAI/bge-base-en-v1.5
2025-11-17 22:38:42,333 - INFO - Loading embedding model on CPU: BAAI/bge-base-en-v1.5
2025-11-17 22:38:42,701 - INFO - Loading reranker model on CPU: BAAI/bge-reranker-base
2025-11-17 22:38:44,927 - INFO - --- Query: 'd-block elements' ---
2025-11-17 22:38:44,938 - INFO - Moving embedding model to compute device for embedding...
2025-11-17 22:38:45,266 - INFO - Offloading embedding model back to CPU...
2025-11-17 22:38:45,437 - INFO - Step 1: Retrieving top 20 hybrid results from Elasticsearch...
2025-11-17 22:38:45,469 - INFO - Step 2: Reranking 20 results...
2025-11-17 22:38:45,469 - INFO - Moving reranker to compute device for reranking...
2025-11-17 22:38:46,269 - INFO - Offloading reranker back to CPU...
2025-11-17 22:38:46,766 - INFO - Step 3: Applying 'small-to-big' retrieval logic...
2025-11-17 22:38:46,766 - INFO - Fetching parent chunk 'cdf276ed-a82f-411a-abbf-486060adecac' for child 'af3014c6-bbf6-4b49-a6b8-c1bd0769a5d7'
2025-11-17 22:38:46,770 - INFO - Fetching parent chunk '800f1dbd-d802-4f7b-88a7-80a85343affc' for child 'cdf276ed-a82f-411a-abbf-486060adecac'
2025-11-17 22:38:46,774 - INFO - Fetching parent chunk 'ae4ccf4d-9fd1-466d-b488-c9a3b1d6f74d' for child 'bc5a2435-8fc3-479b-9d1c-8fd0c00be7a9'
2025-11-17 22:38:46,778 - INFO - Retrieved 4 final context chunks.
2025-11-17 22:39:54,932 - INFO - Setting up Elasticsearch client at: http://localhost:9200
2025-11-17 22:39:54,968 - INFO - Preferred device: cuda
2025-11-17 22:39:54,968 - INFO - Loading tokenizer: BAAI/bge-base-en-v1.5
2025-11-17 22:39:55,659 - INFO - Loading embedding model on CPU: BAAI/bge-base-en-v1.5
2025-11-17 22:39:56,022 - INFO - Loading reranker model on CPU: BAAI/bge-reranker-base
2025-11-17 22:39:58,351 - INFO - --- Query: 'd-block elements' ---
2025-11-17 22:39:58,353 - INFO - Moving embedding model to compute device for embedding...
2025-11-17 22:39:58,862 - INFO - Offloading embedding model back to CPU...
2025-11-17 22:39:59,027 - INFO - Step 1: Retrieving top 20 hybrid results from Elasticsearch...
2025-11-17 22:39:59,061 - INFO - Step 2: Reranking 20 results...
2025-11-17 22:39:59,061 - INFO - Moving reranker to compute device for reranking...
2025-11-17 22:40:00,102 - INFO - Offloading reranker back to CPU...
2025-11-17 22:40:00,491 - INFO - Step 3: Applying 'small-to-big' retrieval logic...
2025-11-17 22:40:00,491 - INFO - Fetching parent chunk 'cdf276ed-a82f-411a-abbf-486060adecac' for child 'af3014c6-bbf6-4b49-a6b8-c1bd0769a5d7'
2025-11-17 22:40:00,496 - INFO - Fetching parent chunk '800f1dbd-d802-4f7b-88a7-80a85343affc' for child 'cdf276ed-a82f-411a-abbf-486060adecac'
2025-11-17 22:40:00,499 - INFO - Fetching parent chunk 'ae4ccf4d-9fd1-466d-b488-c9a3b1d6f74d' for child 'bc5a2435-8fc3-479b-9d1c-8fd0c00be7a9'
2025-11-17 22:40:00,504 - INFO - Retrieved 4 final context chunks.
2025-11-17 22:41:04,854 - INFO - Setting up Elasticsearch client at: http://localhost:9200
2025-11-17 22:41:04,917 - INFO - Preferred device: cuda
2025-11-17 22:41:04,917 - INFO - Loading tokenizer: BAAI/bge-base-en-v1.5
2025-11-17 22:41:05,739 - INFO - Loading embedding model on CPU: BAAI/bge-base-en-v1.5
2025-11-17 22:41:06,096 - INFO - Loading reranker model on CPU: BAAI/bge-reranker-base
2025-11-17 22:41:08,438 - INFO - --- Query: 'd-block elements' ---
2025-11-17 22:41:08,440 - INFO - Moving embedding model to compute device for embedding...
2025-11-17 22:41:08,771 - INFO - Offloading embedding model back to CPU...
2025-11-17 22:41:08,934 - INFO - Step 1: Retrieving top 20 hybrid results from Elasticsearch...
2025-11-17 22:41:08,988 - INFO - Step 2: Reranking 20 results...
2025-11-17 22:41:08,988 - INFO - Moving reranker to compute device for reranking...
2025-11-17 22:41:09,805 - INFO - Offloading reranker back to CPU...
2025-11-17 22:41:10,238 - INFO - Step 3: Applying 'small-to-big' retrieval logic...
2025-11-17 22:41:10,238 - INFO - Fetching parent chunk 'cdf276ed-a82f-411a-abbf-486060adecac' for child 'af3014c6-bbf6-4b49-a6b8-c1bd0769a5d7'
2025-11-17 22:41:10,243 - INFO - Fetching parent chunk '800f1dbd-d802-4f7b-88a7-80a85343affc' for child 'cdf276ed-a82f-411a-abbf-486060adecac'
2025-11-17 22:41:10,248 - INFO - Fetching parent chunk 'ae4ccf4d-9fd1-466d-b488-c9a3b1d6f74d' for child 'bc5a2435-8fc3-479b-9d1c-8fd0c00be7a9'
2025-11-17 22:41:10,250 - INFO - Retrieved 4 final context chunks.
2025-11-17 22:42:49,664 - INFO - Setting up Elasticsearch client at: http://localhost:9200
2025-11-17 22:42:49,694 - INFO - Preferred device: cuda
2025-11-17 22:42:49,694 - INFO - Loading tokenizer: BAAI/bge-base-en-v1.5
2025-11-17 22:42:50,397 - INFO - Loading embedding model on CPU: BAAI/bge-base-en-v1.5
2025-11-17 22:42:50,763 - INFO - Loading reranker model on CPU: BAAI/bge-reranker-base
2025-11-17 22:42:52,887 - INFO - --- Query: 'd-block elements' ---
2025-11-17 22:42:52,889 - INFO - Moving embedding model to compute device for embedding...
2025-11-17 22:42:53,218 - INFO - Offloading embedding model back to CPU...
2025-11-17 22:42:53,389 - INFO - Step 1: Retrieving top 20 hybrid results from Elasticsearch...
2025-11-17 22:42:53,423 - INFO - Step 2: Reranking 20 results...
2025-11-17 22:42:53,424 - INFO - Moving reranker to compute device for reranking...
2025-11-17 22:42:54,223 - INFO - Offloading reranker back to CPU...
2025-11-17 22:42:54,628 - INFO - Step 3: Applying 'small-to-big' retrieval logic...
2025-11-17 22:42:54,629 - INFO - Fetching parent chunk 'cdf276ed-a82f-411a-abbf-486060adecac' for child 'af3014c6-bbf6-4b49-a6b8-c1bd0769a5d7'
2025-11-17 22:42:54,632 - INFO - Fetching parent chunk '800f1dbd-d802-4f7b-88a7-80a85343affc' for child 'cdf276ed-a82f-411a-abbf-486060adecac'
2025-11-17 22:42:54,635 - INFO - Fetching parent chunk 'ae4ccf4d-9fd1-466d-b488-c9a3b1d6f74d' for child 'bc5a2435-8fc3-479b-9d1c-8fd0c00be7a9'
2025-11-17 22:42:54,637 - INFO - Retrieved 4 final context chunks.
2025-11-17 23:11:11,029 - INFO - Setting up Elasticsearch client at: http://localhost:9200
2025-11-17 23:11:11,065 - INFO - Preferred device: cuda
2025-11-17 23:11:11,065 - INFO - Loading tokenizer: BAAI/bge-base-en-v1.5
2025-11-17 23:11:11,752 - INFO - Loading embedding model on CPU: BAAI/bge-base-en-v1.5
2025-11-17 23:11:12,127 - INFO - Loading reranker model on CPU: BAAI/bge-reranker-base
2025-11-17 23:11:14,772 - INFO - --- Query: 'f-block elements' ---
2025-11-17 23:11:14,774 - INFO - Moving embedding model to compute device for embedding...
2025-11-17 23:11:15,104 - INFO - Offloading embedding model back to CPU...
2025-11-17 23:11:15,275 - INFO - Step 1: Retrieving top 20 hybrid results from Elasticsearch...
2025-11-17 23:11:15,314 - INFO - Step 2: Reranking 20 results...
2025-11-17 23:11:15,314 - INFO - Moving reranker to compute device for reranking...
2025-11-17 23:11:16,116 - INFO - Offloading reranker back to CPU...
2025-11-17 23:11:16,650 - INFO - Step 3: Applying 'small-to-big' retrieval logic...
2025-11-17 23:11:16,650 - INFO - Fetching parent chunk 'bc5a2435-8fc3-479b-9d1c-8fd0c00be7a9' for child '2807fd9a-c45e-4021-85bc-4c56dcce8abb'
2025-11-17 23:11:16,654 - INFO - Fetching parent chunk 'ae4ccf4d-9fd1-466d-b488-c9a3b1d6f74d' for child 'bc5a2435-8fc3-479b-9d1c-8fd0c00be7a9'
2025-11-17 23:11:16,657 - INFO - Fetching parent chunk '800f1dbd-d802-4f7b-88a7-80a85343affc' for child 'cdf276ed-a82f-411a-abbf-486060adecac'
2025-11-17 23:11:16,660 - INFO - Retrieved 5 final context chunks.
2025-11-17 23:13:46,284 - INFO - Setting up Elasticsearch client at: http://localhost:9200
2025-11-17 23:13:46,317 - INFO - Preferred device: cuda
2025-11-17 23:13:46,317 - INFO - Loading tokenizer: BAAI/bge-base-en-v1.5
2025-11-17 23:13:47,178 - INFO - Loading embedding model on CPU: BAAI/bge-base-en-v1.5
2025-11-17 23:13:47,567 - INFO - Loading reranker model on CPU: BAAI/bge-reranker-base
2025-11-17 23:13:50,099 - INFO - --- Query: 'f-block elements' ---
2025-11-17 23:13:50,102 - INFO - Moving embedding model to compute device for embedding...
2025-11-17 23:13:50,466 - INFO - Offloading embedding model back to CPU...
2025-11-17 23:13:50,671 - INFO - Step 1: Retrieving top 20 hybrid results from Elasticsearch...
2025-11-17 23:13:50,705 - INFO - Step 2: Reranking 20 results...
2025-11-17 23:13:50,705 - INFO - Moving reranker to compute device for reranking...
2025-11-17 23:13:51,590 - INFO - Offloading reranker back to CPU...
2025-11-17 23:13:52,045 - INFO - Step 3: Applying 'small-to-big' retrieval logic...
2025-11-17 23:13:52,045 - INFO - Fetching parent chunk 'bc5a2435-8fc3-479b-9d1c-8fd0c00be7a9' for child '2807fd9a-c45e-4021-85bc-4c56dcce8abb'
2025-11-17 23:13:52,048 - INFO - Fetching parent chunk 'ae4ccf4d-9fd1-466d-b488-c9a3b1d6f74d' for child 'bc5a2435-8fc3-479b-9d1c-8fd0c00be7a9'
2025-11-17 23:13:52,052 - INFO - Fetching parent chunk '800f1dbd-d802-4f7b-88a7-80a85343affc' for child 'cdf276ed-a82f-411a-abbf-486060adecac'
2025-11-17 23:13:52,056 - INFO - Retrieved 5 final context chunks.
2025-11-17 23:16:52,893 - INFO - Setting up Elasticsearch client at: http://localhost:9200
2025-11-17 23:16:52,935 - INFO - Preferred device: cuda
2025-11-17 23:16:52,935 - INFO - Loading tokenizer: BAAI/bge-base-en-v1.5
2025-11-17 23:16:53,833 - INFO - Loading embedding model on CPU: BAAI/bge-base-en-v1.5
2025-11-17 23:16:54,215 - INFO - Loading reranker model on CPU: BAAI/bge-reranker-base
2025-11-17 23:16:56,517 - INFO - --- Query: 'f-block elements' ---
2025-11-17 23:16:56,519 - INFO - Moving embedding model to compute device for embedding...
2025-11-17 23:16:56,845 - INFO - Offloading embedding model back to CPU...
2025-11-17 23:16:57,008 - INFO - Step 1: Retrieving top 20 hybrid results from Elasticsearch...
2025-11-17 23:16:57,036 - INFO - Step 2: Reranking 20 results...
2025-11-17 23:16:57,036 - INFO - Moving reranker to compute device for reranking...
2025-11-17 23:16:57,849 - INFO - Offloading reranker back to CPU...
2025-11-17 23:16:58,251 - INFO - Step 3: Applying 'small-to-big' retrieval logic...
2025-11-17 23:16:58,251 - INFO - Fetching parent chunk 'bc5a2435-8fc3-479b-9d1c-8fd0c00be7a9' for child '2807fd9a-c45e-4021-85bc-4c56dcce8abb'
2025-11-17 23:16:58,255 - INFO - Fetching parent chunk 'ae4ccf4d-9fd1-466d-b488-c9a3b1d6f74d' for child 'bc5a2435-8fc3-479b-9d1c-8fd0c00be7a9'
2025-11-17 23:16:58,259 - INFO - Fetching parent chunk '800f1dbd-d802-4f7b-88a7-80a85343affc' for child 'cdf276ed-a82f-411a-abbf-486060adecac'
2025-11-17 23:16:58,262 - INFO - Retrieved 5 final context chunks.
2025-11-17 23:19:58,378 - INFO - Setting up Elasticsearch client at: http://localhost:9200
2025-11-17 23:19:58,405 - INFO - Preferred device: cuda
2025-11-17 23:19:58,405 - INFO - Loading tokenizer: BAAI/bge-base-en-v1.5
2025-11-17 23:19:59,011 - INFO - Loading embedding model on CPU: BAAI/bge-base-en-v1.5
2025-11-17 23:19:59,373 - INFO - Loading reranker model on CPU: BAAI/bge-reranker-base
2025-11-17 23:20:01,915 - INFO - --- Query: 'f-block elements' ---
2025-11-17 23:20:01,917 - INFO - Moving embedding model to compute device for embedding...
2025-11-17 23:20:02,234 - INFO - Offloading embedding model back to CPU...
2025-11-17 23:20:02,404 - INFO - Step 1: Retrieving top 20 hybrid results from Elasticsearch...
2025-11-17 23:20:02,425 - INFO - Step 2: Reranking 20 results...
2025-11-17 23:20:02,426 - INFO - Moving reranker to compute device for reranking...
2025-11-17 23:20:03,233 - INFO - Offloading reranker back to CPU...
2025-11-17 23:20:03,705 - INFO - Step 3: Applying 'small-to-big' retrieval logic...
2025-11-17 23:20:03,705 - INFO - Fetching parent chunk 'bc5a2435-8fc3-479b-9d1c-8fd0c00be7a9' for child '2807fd9a-c45e-4021-85bc-4c56dcce8abb'
2025-11-17 23:20:03,709 - INFO - Fetching parent chunk 'ae4ccf4d-9fd1-466d-b488-c9a3b1d6f74d' for child 'bc5a2435-8fc3-479b-9d1c-8fd0c00be7a9'
2025-11-17 23:20:03,713 - INFO - Fetching parent chunk '800f1dbd-d802-4f7b-88a7-80a85343affc' for child 'cdf276ed-a82f-411a-abbf-486060adecac'
2025-11-17 23:20:03,717 - INFO - Retrieved 5 final context chunks.
2025-11-17 23:23:58,895 - INFO - Setting up Elasticsearch client at: http://localhost:9200
2025-11-17 23:23:58,962 - INFO - Preferred device: cuda
2025-11-17 23:23:58,962 - INFO - Loading tokenizer: BAAI/bge-base-en-v1.5
2025-11-17 23:23:59,665 - INFO - Loading embedding model on CPU: BAAI/bge-base-en-v1.5
2025-11-17 23:23:59,970 - INFO - Loading reranker model on CPU: BAAI/bge-reranker-base
2025-11-17 23:24:02,254 - INFO - --- Query: 'f-block elements' ---
2025-11-17 23:24:02,256 - INFO - Moving embedding model to compute device for embedding...
2025-11-17 23:24:02,591 - INFO - Offloading embedding model back to CPU...
2025-11-17 23:24:02,753 - INFO - Step 1: Retrieving top 20 hybrid results from Elasticsearch...
2025-11-17 23:24:02,810 - INFO - Step 2: Reranking 20 results...
2025-11-17 23:24:02,810 - INFO - Moving reranker to compute device for reranking...
2025-11-17 23:24:03,616 - INFO - Offloading reranker back to CPU...
2025-11-17 23:24:04,018 - INFO - Step 3: Applying 'small-to-big' retrieval logic...
2025-11-17 23:24:04,018 - INFO - Fetching parent chunk 'bc5a2435-8fc3-479b-9d1c-8fd0c00be7a9' for child '2807fd9a-c45e-4021-85bc-4c56dcce8abb'
2025-11-17 23:24:04,031 - INFO - Fetching parent chunk 'ae4ccf4d-9fd1-466d-b488-c9a3b1d6f74d' for child 'bc5a2435-8fc3-479b-9d1c-8fd0c00be7a9'
2025-11-17 23:24:04,034 - INFO - Fetching parent chunk '800f1dbd-d802-4f7b-88a7-80a85343affc' for child 'cdf276ed-a82f-411a-abbf-486060adecac'
2025-11-17 23:24:04,039 - INFO - Retrieved 5 final context chunks.
2025-11-17 23:26:45,308 - INFO - Setting up Elasticsearch client at: http://localhost:9200
2025-11-17 23:26:45,334 - INFO - Preferred device: cuda
2025-11-17 23:26:45,334 - INFO - Loading tokenizer: BAAI/bge-base-en-v1.5
2025-11-17 23:26:46,466 - INFO - Loading embedding model on CPU: BAAI/bge-base-en-v1.5
2025-11-17 23:26:46,818 - INFO - Loading reranker model on CPU: BAAI/bge-reranker-base
2025-11-17 23:26:49,369 - INFO - --- Query: 'f-block elements' ---
2025-11-17 23:26:49,372 - INFO - Moving embedding model to compute device for embedding...
2025-11-17 23:26:49,688 - INFO - Offloading embedding model back to CPU...
2025-11-17 23:26:49,850 - INFO - Step 1: Retrieving top 20 hybrid results from Elasticsearch...
2025-11-17 23:26:49,878 - INFO - Step 2: Reranking 20 results...
2025-11-17 23:26:49,878 - INFO - Moving reranker to compute device for reranking...
2025-11-17 23:26:50,678 - INFO - Offloading reranker back to CPU...
2025-11-17 23:26:51,078 - INFO - Step 3: Applying 'small-to-big' retrieval logic...
2025-11-17 23:26:51,078 - INFO - Fetching parent chunk 'bc5a2435-8fc3-479b-9d1c-8fd0c00be7a9' for child '2807fd9a-c45e-4021-85bc-4c56dcce8abb'
2025-11-17 23:26:51,090 - INFO - Fetching parent chunk 'ae4ccf4d-9fd1-466d-b488-c9a3b1d6f74d' for child 'bc5a2435-8fc3-479b-9d1c-8fd0c00be7a9'
2025-11-17 23:26:51,094 - INFO - Fetching parent chunk '800f1dbd-d802-4f7b-88a7-80a85343affc' for child 'cdf276ed-a82f-411a-abbf-486060adecac'
2025-11-17 23:26:51,097 - INFO - Retrieved 5 final context chunks.
2025-11-17 23:29:01,510 - INFO - Setting up Elasticsearch client at: http://localhost:9200
2025-11-17 23:29:01,536 - INFO - Preferred device: cuda
2025-11-17 23:29:01,536 - INFO - Loading tokenizer: BAAI/bge-base-en-v1.5
2025-11-17 23:29:02,665 - INFO - Loading embedding model on CPU: BAAI/bge-base-en-v1.5
2025-11-17 23:29:03,138 - INFO - Loading reranker model on CPU: BAAI/bge-reranker-base
2025-11-17 23:29:05,292 - INFO - --- Query: 'f-block elements' ---
2025-11-17 23:29:05,294 - INFO - Moving embedding model to compute device for embedding...
2025-11-17 23:29:05,614 - INFO - Offloading embedding model back to CPU...
2025-11-17 23:29:05,775 - INFO - Step 1: Retrieving top 20 hybrid results from Elasticsearch...
2025-11-17 23:29:05,804 - INFO - Step 2: Reranking 20 results...
2025-11-17 23:29:05,804 - INFO - Moving reranker to compute device for reranking...
2025-11-17 23:29:06,612 - INFO - Offloading reranker back to CPU...
2025-11-17 23:29:07,015 - INFO - Step 3: Applying 'small-to-big' retrieval logic...
2025-11-17 23:29:07,015 - INFO - Fetching parent chunk 'bc5a2435-8fc3-479b-9d1c-8fd0c00be7a9' for child '2807fd9a-c45e-4021-85bc-4c56dcce8abb'
2025-11-17 23:29:07,029 - INFO - Fetching parent chunk 'ae4ccf4d-9fd1-466d-b488-c9a3b1d6f74d' for child 'bc5a2435-8fc3-479b-9d1c-8fd0c00be7a9'
2025-11-17 23:29:07,033 - INFO - Fetching parent chunk '800f1dbd-d802-4f7b-88a7-80a85343affc' for child 'cdf276ed-a82f-411a-abbf-486060adecac'
2025-11-17 23:29:07,035 - INFO - Retrieved 5 final context chunks.
2025-11-17 23:31:11,702 - INFO - Setting up Elasticsearch client at: http://localhost:9200
2025-11-17 23:31:11,730 - INFO - Preferred device: cuda
2025-11-17 23:31:11,730 - INFO - Loading tokenizer: BAAI/bge-base-en-v1.5
2025-11-17 23:31:12,912 - INFO - Loading embedding model on CPU: BAAI/bge-base-en-v1.5
2025-11-17 23:31:13,280 - INFO - Loading reranker model on CPU: BAAI/bge-reranker-base
2025-11-17 23:31:15,503 - INFO - --- Query: 'f-block elements' ---
2025-11-17 23:31:15,514 - INFO - Moving embedding model to compute device for embedding...
2025-11-17 23:31:15,858 - INFO - Offloading embedding model back to CPU...
2025-11-17 23:31:16,030 - INFO - Step 1: Retrieving top 20 hybrid results from Elasticsearch...
2025-11-17 23:31:16,061 - INFO - Step 2: Reranking 20 results...
2025-11-17 23:31:16,062 - INFO - Moving reranker to compute device for reranking...
2025-11-17 23:31:16,869 - INFO - Offloading reranker back to CPU...
2025-11-17 23:31:17,257 - INFO - Step 3: Applying 'small-to-big' retrieval logic...
2025-11-17 23:31:17,257 - INFO - Fetching parent chunk 'bc5a2435-8fc3-479b-9d1c-8fd0c00be7a9' for child '2807fd9a-c45e-4021-85bc-4c56dcce8abb'
2025-11-17 23:31:17,269 - INFO - Fetching parent chunk 'ae4ccf4d-9fd1-466d-b488-c9a3b1d6f74d' for child 'bc5a2435-8fc3-479b-9d1c-8fd0c00be7a9'
2025-11-17 23:31:17,273 - INFO - Fetching parent chunk '800f1dbd-d802-4f7b-88a7-80a85343affc' for child 'cdf276ed-a82f-411a-abbf-486060adecac'
2025-11-17 23:31:17,276 - INFO - Retrieved 5 final context chunks.
2025-11-17 23:32:20,700 - INFO - Setting up Elasticsearch client at: http://localhost:9200
2025-11-17 23:32:20,736 - INFO - Preferred device: cuda
2025-11-17 23:32:20,736 - INFO - Loading tokenizer: BAAI/bge-base-en-v1.5
2025-11-17 23:32:21,433 - INFO - Loading embedding model on CPU: BAAI/bge-base-en-v1.5
2025-11-17 23:32:21,803 - INFO - Loading reranker model on CPU: BAAI/bge-reranker-base
2025-11-17 23:32:24,131 - INFO - --- Query: 'f-block elements' ---
2025-11-17 23:32:24,142 - INFO - Moving embedding model to compute device for embedding...
2025-11-17 23:32:24,479 - INFO - Offloading embedding model back to CPU...
2025-11-17 23:32:24,644 - INFO - Step 1: Retrieving top 20 hybrid results from Elasticsearch...
2025-11-17 23:32:24,664 - INFO - Step 2: Reranking 20 results...
2025-11-17 23:32:24,664 - INFO - Moving reranker to compute device for reranking...
2025-11-17 23:32:25,470 - INFO - Offloading reranker back to CPU...
2025-11-17 23:32:25,911 - INFO - Step 3: Applying 'small-to-big' retrieval logic...
2025-11-17 23:32:25,911 - INFO - Fetching parent chunk 'bc5a2435-8fc3-479b-9d1c-8fd0c00be7a9' for child '2807fd9a-c45e-4021-85bc-4c56dcce8abb'
2025-11-17 23:32:25,923 - INFO - Fetching parent chunk 'ae4ccf4d-9fd1-466d-b488-c9a3b1d6f74d' for child 'bc5a2435-8fc3-479b-9d1c-8fd0c00be7a9'
2025-11-17 23:32:25,927 - INFO - Fetching parent chunk '800f1dbd-d802-4f7b-88a7-80a85343affc' for child 'cdf276ed-a82f-411a-abbf-486060adecac'
2025-11-17 23:32:25,931 - INFO - Retrieved 5 final context chunks.
2025-11-17 23:34:34,177 - INFO - Setting up Elasticsearch client at: http://localhost:9200
2025-11-17 23:34:34,213 - INFO - Preferred device: cuda
2025-11-17 23:34:34,213 - INFO - Loading tokenizer: BAAI/bge-base-en-v1.5
2025-11-17 23:34:34,915 - INFO - Loading embedding model on CPU: BAAI/bge-base-en-v1.5
2025-11-17 23:34:35,232 - INFO - Loading reranker model on CPU: BAAI/bge-reranker-base
2025-11-17 23:34:37,611 - INFO - --- Query: 'f-block elements' ---
2025-11-17 23:34:37,622 - INFO - Moving embedding model to compute device for embedding...
2025-11-17 23:34:37,942 - INFO - Offloading embedding model back to CPU...
2025-11-17 23:34:38,104 - INFO - Step 1: Retrieving top 20 hybrid results from Elasticsearch...
2025-11-17 23:34:38,136 - INFO - Step 2: Reranking 20 results...
2025-11-17 23:34:38,136 - INFO - Moving reranker to compute device for reranking...
2025-11-17 23:34:38,936 - INFO - Offloading reranker back to CPU...
2025-11-17 23:34:39,336 - INFO - Step 3: Applying 'small-to-big' retrieval logic...
2025-11-17 23:34:39,337 - INFO - Fetching parent chunk 'bc5a2435-8fc3-479b-9d1c-8fd0c00be7a9' for child '2807fd9a-c45e-4021-85bc-4c56dcce8abb'
2025-11-17 23:34:39,349 - INFO - Fetching parent chunk 'ae4ccf4d-9fd1-466d-b488-c9a3b1d6f74d' for child 'bc5a2435-8fc3-479b-9d1c-8fd0c00be7a9'
2025-11-17 23:34:39,353 - INFO - Fetching parent chunk '800f1dbd-d802-4f7b-88a7-80a85343affc' for child 'cdf276ed-a82f-411a-abbf-486060adecac'
2025-11-17 23:34:39,356 - INFO - Retrieved 5 final context chunks.
2025-11-18 01:15:42,077 - INFO - Setting up Elasticsearch client at: http://localhost:9200
2025-11-18 01:15:42,087 - ERROR - Failed to connect to Elasticsearch: Could not connect to Elasticsearch.
2025-11-18 01:17:32,835 - INFO - Setting up Elasticsearch client at: http://localhost:9200
2025-11-18 01:17:32,839 - ERROR - Failed to connect to Elasticsearch: Could not connect to Elasticsearch.
2025-11-18 01:19:50,031 - INFO - Setting up Elasticsearch client at: http://localhost:9200
2025-11-18 01:19:50,189 - INFO - Preferred device: cuda
2025-11-18 01:19:50,189 - INFO - Loading tokenizer: BAAI/bge-base-en-v1.5
2025-11-18 01:19:50,926 - INFO - Loading embedding model on CPU: BAAI/bge-base-en-v1.5
2025-11-18 01:19:51,439 - INFO - Loading reranker model on CPU: BAAI/bge-reranker-base
2025-11-18 01:19:53,940 - INFO - --- Query: 'radioactive elements' ---
2025-11-18 01:19:53,947 - INFO - Moving embedding model to compute device for embedding...
2025-11-18 01:19:55,045 - INFO - Offloading embedding model back to CPU...
2025-11-18 01:19:55,546 - INFO - Step 1: Retrieving top 20 hybrid results from Elasticsearch...
2025-11-18 01:19:55,879 - INFO - Step 2: Reranking 20 results...
2025-11-18 01:19:55,879 - INFO - Moving reranker to compute device for reranking...
2025-11-18 01:19:57,725 - INFO - Offloading reranker back to CPU...
2025-11-18 01:19:58,389 - INFO - Step 3: Applying 'small-to-big' retrieval logic...
2025-11-18 01:19:58,389 - INFO - Fetching parent chunk '1e97afda-3467-4f78-90ba-efa56ea1960d' for child '5ed5f51e-4609-4373-9acd-c476b0a8dab8'
2025-11-18 01:19:58,405 - INFO - Fetching parent chunk 'fbac0a09-3ea7-40e6-b901-76966c6cb749' for child '6022c77b-95a7-43db-a357-b2f1f85e2dfc'
2025-11-18 01:19:58,412 - INFO - Fetching parent chunk '58b6bc94-1e4c-4a80-aa67-11cc2807c836' for child 'fbac0a09-3ea7-40e6-b901-76966c6cb749'
2025-11-18 01:19:58,419 - INFO - Fetching parent chunk 'c12c7400-6570-420e-b859-e763b60ff2ab' for child 'e1bafc14-8a63-4888-93d6-6c63cebc8dd5'
2025-11-18 01:19:58,426 - INFO - Retrieved 5 final context chunks.
2025-11-18 01:29:00,515 - INFO - Setting up Elasticsearch client at: http://localhost:9200
2025-11-18 01:29:00,548 - INFO - Preferred device: cuda
2025-11-18 01:29:00,548 - INFO - Loading tokenizer: BAAI/bge-base-en-v1.5
2025-11-18 01:29:01,307 - INFO - Loading embedding model on CPU: BAAI/bge-base-en-v1.5
2025-11-18 01:29:01,678 - INFO - Loading reranker model on CPU: BAAI/bge-reranker-base
2025-11-18 01:29:04,248 - INFO - --- Query: 'What is a periodic table?' ---
2025-11-18 01:29:04,250 - INFO - Moving embedding model to compute device for embedding...
2025-11-18 01:29:04,642 - INFO - Offloading embedding model back to CPU...
2025-11-18 01:29:04,979 - INFO - Step 1: Retrieving top 20 hybrid results from Elasticsearch...
2025-11-18 01:29:05,083 - INFO - Step 2: Reranking 20 results...
2025-11-18 01:29:05,083 - INFO - Moving reranker to compute device for reranking...
2025-11-18 01:29:05,885 - INFO - Offloading reranker back to CPU...
2025-11-18 01:29:08,856 - INFO - Step 3: Applying 'small-to-big' retrieval logic...
2025-11-18 01:29:08,857 - INFO - Fetching parent chunk 'e5221e95-326e-4617-a43b-3391133b3bbc' for child '84fb4e3a-31b2-4e01-8387-ecb86dd16fd8'
2025-11-18 01:29:08,861 - INFO - Fetching parent chunk '1dcf5d6f-285a-48de-96ac-d882655f9b99' for child '2e886769-0d4b-4889-a20b-ca2ac0b1d77f'
2025-11-18 01:29:08,865 - INFO - Fetching parent chunk '2f9fae48-1974-44e1-be4b-381e5cd6e648' for child '71ec064a-98ed-4bc0-9ce9-40334a721569'
2025-11-18 01:29:08,869 - INFO - Fetching parent chunk '2e886769-0d4b-4889-a20b-ca2ac0b1d77f' for child '0f5fd2b6-b2ee-4206-995c-672be52f134c'
2025-11-18 01:29:08,875 - INFO - Retrieved 5 final context chunks.
2025-11-18 01:29:40,925 - INFO - --- Query: 'Why do we need periodic table?' ---
2025-11-18 01:29:40,928 - INFO - Moving embedding model to compute device for embedding...
2025-11-18 01:29:41,051 - INFO - Offloading embedding model back to CPU...
2025-11-18 01:29:41,197 - INFO - Step 1: Retrieving top 20 hybrid results from Elasticsearch...
2025-11-18 01:29:41,230 - INFO - Step 2: Reranking 20 results...
2025-11-18 01:29:41,230 - INFO - Moving reranker to compute device for reranking...
2025-11-18 01:29:42,029 - INFO - Offloading reranker back to CPU...
2025-11-18 01:29:42,361 - INFO - Step 3: Applying 'small-to-big' retrieval logic...
2025-11-18 01:29:42,361 - INFO - Fetching parent chunk '2e886769-0d4b-4889-a20b-ca2ac0b1d77f' for child '0f5fd2b6-b2ee-4206-995c-672be52f134c'
2025-11-18 01:29:42,365 - INFO - Fetching parent chunk '23d2135e-2a3b-4f71-8750-1557d26e8811' for child '9b636ede-b954-4d15-9b9b-e69f78b27945'
2025-11-18 01:29:42,378 - INFO - Fetching parent chunk '1dcf5d6f-285a-48de-96ac-d882655f9b99' for child '2e886769-0d4b-4889-a20b-ca2ac0b1d77f'
2025-11-18 01:29:42,383 - INFO - Fetching parent chunk 'a280fac9-44ba-4016-bb3b-bee06a773301' for child '1ca24efe-86ad-49c1-8fd7-11dd479f160d'
2025-11-18 01:29:42,387 - INFO - Retrieved 5 final context chunks.
2025-11-18 01:44:49,972 - INFO - Setting up Elasticsearch client at: http://localhost:9200
2025-11-18 01:44:50,005 - INFO - Preferred device: cuda
2025-11-18 01:44:50,005 - INFO - Loading tokenizer: BAAI/bge-base-en-v1.5
2025-11-18 01:44:50,742 - INFO - Loading embedding model on CPU: BAAI/bge-base-en-v1.5
2025-11-18 01:44:51,141 - INFO - Loading reranker model on CPU: BAAI/bge-reranker-base
2025-11-18 01:44:53,588 - INFO - --- Query: 'How to learn periodic table?' ---
2025-11-18 01:44:53,590 - INFO - Moving embedding model to compute device for embedding...
2025-11-18 01:44:54,163 - INFO - Offloading embedding model back to CPU...
2025-11-18 01:44:54,335 - INFO - Step 1: Retrieving top 20 hybrid results from Elasticsearch...
2025-11-18 01:44:54,384 - INFO - Step 2: Reranking 20 results...
2025-11-18 01:44:54,384 - INFO - Moving reranker to compute device for reranking...
2025-11-18 01:44:55,904 - INFO - Offloading reranker back to CPU...
2025-11-18 01:44:56,861 - INFO - Step 3: Applying 'small-to-big' retrieval logic...
2025-11-18 01:44:56,862 - INFO - Fetching parent chunk '1dcf5d6f-285a-48de-96ac-d882655f9b99' for child '2e886769-0d4b-4889-a20b-ca2ac0b1d77f'
2025-11-18 01:44:57,107 - INFO - Fetching parent chunk '2e886769-0d4b-4889-a20b-ca2ac0b1d77f' for child '0f5fd2b6-b2ee-4206-995c-672be52f134c'
2025-11-18 01:44:57,129 - INFO - Fetching parent chunk '482dd368-1e82-484b-a2e7-7814dc28d9f8' for child 'e5221e95-326e-4617-a43b-3391133b3bbc'
2025-11-18 01:44:57,136 - INFO - Retrieved 5 final context chunks.
2025-11-18 01:49:13,539 - INFO - --- Query: 'Hello, are you gemini?' ---
2025-11-18 01:49:13,567 - INFO - Moving embedding model to compute device for embedding...
2025-11-18 01:49:13,682 - INFO - Offloading embedding model back to CPU...
2025-11-18 01:49:13,828 - INFO - Step 1: Retrieving top 20 hybrid results from Elasticsearch...
2025-11-18 01:49:13,971 - INFO - Step 2: Reranking 20 results...
2025-11-18 01:49:13,972 - INFO - Moving reranker to compute device for reranking...
2025-11-18 01:49:14,757 - INFO - Offloading reranker back to CPU...
2025-11-18 01:49:15,075 - INFO - Step 3: Applying 'small-to-big' retrieval logic...
2025-11-18 01:49:15,075 - INFO - Fetching parent chunk 'e042e109-e574-4b99-ba83-7971a306e2e3' for child '0fd7ba47-9273-4ce3-9f4e-ee31477b2156'
2025-11-18 01:49:15,088 - INFO - Fetching parent chunk '9a34d6c4-e1d0-4d39-984f-1da11a2aa3da' for child 'e4fbae6a-a840-4a31-bc77-3c709ea663bd'
2025-11-18 01:49:15,093 - INFO - Fetching parent chunk '89099f27-2305-4e98-b82e-c0cc419a79f5' for child 'e042e109-e574-4b99-ba83-7971a306e2e3'
2025-11-18 01:49:15,098 - INFO - Fetching parent chunk '863ff90e-5349-4302-b742-966e902d9ddb' for child '8ca15a5d-8bf8-4cc1-9efa-f8424893cc6a'
2025-11-18 01:49:15,177 - INFO - Retrieved 5 final context chunks.
2025-11-18 01:49:58,031 - INFO - --- Query: 'Explain me periodic table' ---
2025-11-18 01:49:58,042 - INFO - Moving embedding model to compute device for embedding...
2025-11-18 01:49:58,168 - INFO - Offloading embedding model back to CPU...
2025-11-18 01:49:58,301 - INFO - Step 1: Retrieving top 20 hybrid results from Elasticsearch...
2025-11-18 01:49:58,341 - INFO - Step 2: Reranking 20 results...
2025-11-18 01:49:58,341 - INFO - Moving reranker to compute device for reranking...
2025-11-18 01:49:59,130 - INFO - Offloading reranker back to CPU...
2025-11-18 01:49:59,485 - INFO - Step 3: Applying 'small-to-big' retrieval logic...
2025-11-18 01:49:59,485 - INFO - Fetching parent chunk '1dcf5d6f-285a-48de-96ac-d882655f9b99' for child '2e886769-0d4b-4889-a20b-ca2ac0b1d77f'
2025-11-18 01:49:59,499 - INFO - Fetching parent chunk '2e886769-0d4b-4889-a20b-ca2ac0b1d77f' for child '0f5fd2b6-b2ee-4206-995c-672be52f134c'
2025-11-18 01:49:59,503 - INFO - Fetching parent chunk 'e5221e95-326e-4617-a43b-3391133b3bbc' for child '84fb4e3a-31b2-4e01-8387-ecb86dd16fd8'
2025-11-18 01:49:59,508 - INFO - Fetching parent chunk 'd9397e29-c641-43cb-8939-44f386cd43b1' for child '2c38d9ee-ed60-4f72-8a3d-e3f183358510'
2025-11-18 01:49:59,514 - INFO - Retrieved 5 final context chunks.
2025-11-18 01:50:24,333 - INFO - --- Query: 'You can ask the flowers, I sit for hours, telling all the bloopers, so fillin coopers' ---
2025-11-18 01:50:24,336 - INFO - Moving embedding model to compute device for embedding...
2025-11-18 01:50:24,458 - INFO - Offloading embedding model back to CPU...
2025-11-18 01:50:24,565 - INFO - Step 1: Retrieving top 20 hybrid results from Elasticsearch...
2025-11-18 01:50:24,619 - INFO - Step 2: Reranking 20 results...
2025-11-18 01:50:24,619 - INFO - Moving reranker to compute device for reranking...
2025-11-18 01:50:25,415 - INFO - Offloading reranker back to CPU...
2025-11-18 01:50:25,764 - INFO - Step 3: Applying 'small-to-big' retrieval logic...
2025-11-18 01:50:25,764 - INFO - Fetching parent chunk 'df3b6fce-cf8e-48cd-9b43-6d031fd6874a' for child '203dacdf-7c5d-48a7-b965-deaaaaf696fb'
2025-11-18 01:50:25,769 - INFO - Fetching parent chunk '12b50b4b-52ea-46f7-85e7-16e016ed9635' for child '6ba93a3d-0d77-48e8-aa75-07d7bf3009a8'
2025-11-18 01:50:25,776 - INFO - Fetching parent chunk '6ba93a3d-0d77-48e8-aa75-07d7bf3009a8' for child 'c2eed85c-7f53-426e-af61-c835303a0aa9'
2025-11-18 01:50:25,782 - INFO - Fetching parent chunk '8843a125-65aa-4077-bdd0-52b3e5f1709f' for child 'c46ce6f2-aac3-4aab-ab82-459184a715f6'
2025-11-18 01:50:25,789 - INFO - Fetching parent chunk '069e4f43-9c8d-4c11-a1d1-c72b2faf9e4f' for child 'a27eeda3-2d82-4101-b961-a50841bf8fa2'
2025-11-18 01:50:25,793 - INFO - Retrieved 5 final context chunks.
2025-11-18 01:50:38,546 - INFO - --- Query: 'Are you guardlrailed?' ---
2025-11-18 01:50:38,569 - INFO - Moving embedding model to compute device for embedding...
2025-11-18 01:50:38,674 - INFO - Offloading embedding model back to CPU...
2025-11-18 01:50:38,782 - INFO - Step 1: Retrieving top 20 hybrid results from Elasticsearch...
2025-11-18 01:50:38,822 - INFO - Step 2: Reranking 20 results...
2025-11-18 01:50:38,822 - INFO - Moving reranker to compute device for reranking...
2025-11-18 01:50:39,408 - INFO - Offloading reranker back to CPU...
2025-11-18 01:50:39,729 - INFO - Step 3: Applying 'small-to-big' retrieval logic...
2025-11-18 01:50:39,729 - INFO - Fetching parent chunk '863ff90e-5349-4302-b742-966e902d9ddb' for child '8ca15a5d-8bf8-4cc1-9efa-f8424893cc6a'
2025-11-18 01:50:39,743 - INFO - Fetching parent chunk '8472be05-ff72-4ce8-afd1-6f9286fae792' for child '77bb9442-5b7f-49a7-958a-48d5fd284c8d'
2025-11-18 01:50:39,748 - INFO - Fetching parent chunk 'a7eabf84-412a-4276-8184-dea9cdbe8d9b' for child 'd26ae280-8cc4-4432-a644-2f3b5abb2b38'
2025-11-18 01:50:39,752 - INFO - Fetching parent chunk '2283c402-444e-480e-b342-98c593c00692' for child '5d3504ba-7309-427a-a9f8-5f2ea67b741c'
2025-11-18 01:50:39,757 - INFO - Fetching parent chunk 'de60d082-b3d5-4645-b51c-f5261a1803c0' for child 'ef11fcd6-3134-4f30-81ce-0ec3d32f7f21'
2025-11-18 01:50:39,762 - INFO - Retrieved 5 final context chunks.
2025-11-18 01:51:23,041 - INFO - --- Query: 'Tell me about radioactive elements' ---
2025-11-18 01:51:23,043 - INFO - Moving embedding model to compute device for embedding...
2025-11-18 01:51:23,158 - INFO - Offloading embedding model back to CPU...
2025-11-18 01:51:23,295 - INFO - Step 1: Retrieving top 20 hybrid results from Elasticsearch...
2025-11-18 01:51:23,330 - INFO - Step 2: Reranking 20 results...
2025-11-18 01:51:23,330 - INFO - Moving reranker to compute device for reranking...
2025-11-18 01:51:24,130 - INFO - Offloading reranker back to CPU...
2025-11-18 01:51:24,463 - INFO - Step 3: Applying 'small-to-big' retrieval logic...
2025-11-18 01:51:24,463 - INFO - Fetching parent chunk '3fd38689-52db-4654-8a8d-1415f061fc1b' for child 'ae180b27-5081-41ae-938e-6ae4b4c5831e'
2025-11-18 01:51:24,476 - INFO - Fetching parent chunk '1e97afda-3467-4f78-90ba-efa56ea1960d' for child '5ed5f51e-4609-4373-9acd-c476b0a8dab8'
2025-11-18 01:51:24,479 - INFO - Fetching parent chunk '58b6bc94-1e4c-4a80-aa67-11cc2807c836' for child 'fbac0a09-3ea7-40e6-b901-76966c6cb749'
2025-11-18 01:51:24,483 - INFO - Fetching parent chunk 'fbac0a09-3ea7-40e6-b901-76966c6cb749' for child '6022c77b-95a7-43db-a357-b2f1f85e2dfc'
2025-11-18 01:51:24,487 - INFO - Retrieved 5 final context chunks.
2025-11-18 01:52:18,206 - INFO - Setting up Elasticsearch client at: http://localhost:9200
2025-11-18 01:52:18,238 - INFO - Preferred device: cuda
2025-11-18 01:52:18,238 - INFO - Loading tokenizer: BAAI/bge-base-en-v1.5
2025-11-18 01:52:18,940 - INFO - Loading embedding model on CPU: BAAI/bge-base-en-v1.5
2025-11-18 01:52:19,293 - INFO - Loading reranker model on CPU: BAAI/bge-reranker-base
2025-11-18 01:52:21,598 - INFO - --- Query: 'radioactive elements' ---
2025-11-18 01:52:21,601 - INFO - Moving embedding model to compute device for embedding...
2025-11-18 01:52:21,690 - INFO - Offloading embedding model back to CPU...
2025-11-18 01:52:21,916 - INFO - Step 1: Retrieving top 20 hybrid results from Elasticsearch...
2025-11-18 01:52:21,956 - INFO - Step 2: Reranking 20 results...
2025-11-18 01:52:21,956 - INFO - Moving reranker to compute device for reranking...
2025-11-18 01:52:22,763 - INFO - Offloading reranker back to CPU...
2025-11-18 01:52:23,561 - INFO - Step 3: Applying 'small-to-big' retrieval logic...
2025-11-18 01:52:23,561 - INFO - Fetching parent chunk '1e97afda-3467-4f78-90ba-efa56ea1960d' for child '5ed5f51e-4609-4373-9acd-c476b0a8dab8'
2025-11-18 01:52:23,566 - INFO - Fetching parent chunk 'fbac0a09-3ea7-40e6-b901-76966c6cb749' for child '6022c77b-95a7-43db-a357-b2f1f85e2dfc'
2025-11-18 01:52:23,569 - INFO - Fetching parent chunk '58b6bc94-1e4c-4a80-aa67-11cc2807c836' for child 'fbac0a09-3ea7-40e6-b901-76966c6cb749'
2025-11-18 01:52:23,574 - INFO - Fetching parent chunk 'c12c7400-6570-420e-b859-e763b60ff2ab' for child 'e1bafc14-8a63-4888-93d6-6c63cebc8dd5'
2025-11-18 01:52:23,583 - INFO - Retrieved 5 final context chunks.
2025-11-18 01:55:14,066 - INFO - --- Query: 'radioactive f-block elements (lanthanoids and actinoids)' ---
2025-11-18 01:55:14,070 - INFO - Moving embedding model to compute device for embedding...
2025-11-18 01:55:14,155 - INFO - Offloading embedding model back to CPU...
2025-11-18 01:55:14,313 - INFO - Step 1: Retrieving top 20 hybrid results from Elasticsearch...
2025-11-18 01:55:14,351 - INFO - Step 2: Reranking 20 results...
2025-11-18 01:55:14,351 - INFO - Moving reranker to compute device for reranking...
2025-11-18 01:55:15,155 - INFO - Offloading reranker back to CPU...
2025-11-18 01:55:15,578 - INFO - Step 3: Applying 'small-to-big' retrieval logic...
2025-11-18 01:55:15,578 - INFO - Fetching parent chunk '58b6bc94-1e4c-4a80-aa67-11cc2807c836' for child 'fbac0a09-3ea7-40e6-b901-76966c6cb749'
2025-11-18 01:55:15,584 - INFO - Fetching parent chunk 'ae4ccf4d-9fd1-466d-b488-c9a3b1d6f74d' for child 'bc5a2435-8fc3-479b-9d1c-8fd0c00be7a9'
2025-11-18 01:55:15,589 - INFO - Fetching parent chunk '0d679c99-8769-4b77-bb21-7a66ac0ee7b4' for child 'f0aaa17c-4dc4-4821-bd4f-c11ae25ece85'
2025-11-18 01:55:15,596 - INFO - Retrieved 5 final context chunks.
2025-11-18 23:45:53,006 - INFO - Setting up Elasticsearch client at: http://localhost:9200
2025-11-18 23:45:53,096 - INFO - Preferred device: cuda
2025-11-18 23:45:53,096 - INFO - Loading tokenizer: BAAI/bge-base-en-v1.5
2025-11-18 23:45:53,949 - INFO - Loading embedding model on CPU: BAAI/bge-base-en-v1.5
2025-11-18 23:45:54,549 - INFO - Loading reranker model on CPU: BAAI/bge-reranker-base
2025-11-18 23:45:57,156 - INFO - --- Query: 'What is periodic table?' ---
2025-11-18 23:45:57,172 - INFO - Moving embedding model to compute device for embedding...
2025-11-18 23:46:01,548 - INFO - Offloading embedding model back to CPU...
2025-11-18 23:46:01,835 - INFO - Step 1: Retrieving top 20 hybrid results from Elasticsearch...
2025-11-18 23:46:01,994 - INFO - Step 2: Reranking 20 results...
2025-11-18 23:46:01,994 - INFO - Moving reranker to compute device for reranking...
2025-11-18 23:46:03,677 - INFO - Offloading reranker back to CPU...
2025-11-18 23:46:04,580 - INFO - Step 3: Applying 'small-to-big' retrieval logic...
2025-11-18 23:46:04,580 - INFO - Fetching parent chunk 'e5221e95-326e-4617-a43b-3391133b3bbc' for child '84fb4e3a-31b2-4e01-8387-ecb86dd16fd8'
2025-11-18 23:46:04,587 - INFO - Fetching parent chunk '1dcf5d6f-285a-48de-96ac-d882655f9b99' for child '2e886769-0d4b-4889-a20b-ca2ac0b1d77f'
2025-11-18 23:46:04,591 - INFO - Fetching parent chunk '2e886769-0d4b-4889-a20b-ca2ac0b1d77f' for child '0f5fd2b6-b2ee-4206-995c-672be52f134c'
2025-11-18 23:46:04,595 - INFO - Fetching parent chunk '482dd368-1e82-484b-a2e7-7814dc28d9f8' for child 'e5221e95-326e-4617-a43b-3391133b3bbc'
2025-11-18 23:46:04,597 - INFO - Retrieved 5 final context chunks.
2025-11-18 23:46:27,079 - INFO - Setting up Elasticsearch client at: http://localhost:9200
2025-11-18 23:46:27,089 - INFO - Preferred device: cuda
2025-11-18 23:46:27,089 - INFO - Loading tokenizer: BAAI/bge-base-en-v1.5
2025-11-18 23:46:27,791 - INFO - Loading embedding model on CPU: BAAI/bge-base-en-v1.5
2025-11-18 23:46:28,148 - INFO - Loading reranker model on CPU: BAAI/bge-reranker-base
2025-11-18 23:46:31,516 - INFO - --- Query: 'radioactive elements' ---
2025-11-18 23:46:31,518 - INFO - Moving embedding model to compute device for embedding...
2025-11-18 23:46:33,688 - INFO - Offloading embedding model back to CPU...
2025-11-18 23:46:35,168 - INFO - Step 1: Retrieving top 20 hybrid results from Elasticsearch...
2025-11-18 23:46:35,225 - INFO - Step 2: Reranking 20 results...
2025-11-18 23:46:35,225 - INFO - Moving reranker to compute device for reranking...
2025-11-18 23:46:36,042 - INFO - Offloading reranker back to CPU...
2025-11-18 23:46:37,031 - INFO - Step 3: Applying 'small-to-big' retrieval logic...
2025-11-18 23:46:37,031 - INFO - Fetching parent chunk '1e97afda-3467-4f78-90ba-efa56ea1960d' for child '5ed5f51e-4609-4373-9acd-c476b0a8dab8'
2025-11-18 23:46:37,074 - INFO - Fetching parent chunk 'fbac0a09-3ea7-40e6-b901-76966c6cb749' for child '6022c77b-95a7-43db-a357-b2f1f85e2dfc'
2025-11-18 23:46:37,134 - INFO - Fetching parent chunk '58b6bc94-1e4c-4a80-aa67-11cc2807c836' for child 'fbac0a09-3ea7-40e6-b901-76966c6cb749'
2025-11-18 23:46:37,143 - INFO - Fetching parent chunk 'c12c7400-6570-420e-b859-e763b60ff2ab' for child 'e1bafc14-8a63-4888-93d6-6c63cebc8dd5'
2025-11-18 23:46:37,152 - INFO - Retrieved 5 final context chunks.
2025-11-19 19:25:28,389 - INFO - Setting up Elasticsearch client at: http://localhost:9200
2025-11-19 19:25:28,521 - INFO - Preferred device: cuda
2025-11-19 19:25:28,521 - INFO - Loading tokenizer: BAAI/bge-base-en-v1.5
2025-11-19 19:25:29,256 - INFO - Loading embedding model on CPU: BAAI/bge-base-en-v1.5
2025-11-19 19:25:29,696 - INFO - Loading reranker model on CPU: BAAI/bge-reranker-base
2025-11-19 19:25:32,157 - INFO - --- Query: 'What is a periodic table?' ---
2025-11-19 19:25:32,162 - INFO - Moving embedding model to compute device for embedding...
2025-11-19 19:25:33,009 - INFO - Offloading embedding model back to CPU...
2025-11-19 19:25:33,311 - INFO - Step 1: Retrieving top 20 hybrid results from Elasticsearch...
2025-11-19 19:25:33,598 - INFO - Step 2: Reranking 20 results...
2025-11-19 19:25:33,598 - INFO - Moving reranker to compute device for reranking...
2025-11-19 19:25:35,511 - INFO - Offloading reranker back to CPU...
2025-11-19 19:25:38,090 - INFO - Step 3: Applying 'small-to-big' retrieval logic...
2025-11-19 19:25:38,090 - INFO - Fetching parent chunk 'e5221e95-326e-4617-a43b-3391133b3bbc' for child '84fb4e3a-31b2-4e01-8387-ecb86dd16fd8'
2025-11-19 19:25:38,103 - INFO - Fetching parent chunk '1dcf5d6f-285a-48de-96ac-d882655f9b99' for child '2e886769-0d4b-4889-a20b-ca2ac0b1d77f'
2025-11-19 19:25:38,108 - INFO - Fetching parent chunk '2f9fae48-1974-44e1-be4b-381e5cd6e648' for child '71ec064a-98ed-4bc0-9ce9-40334a721569'
2025-11-19 19:25:38,113 - INFO - Fetching parent chunk '2e886769-0d4b-4889-a20b-ca2ac0b1d77f' for child '0f5fd2b6-b2ee-4206-995c-672be52f134c'
2025-11-19 19:25:38,118 - INFO - Retrieved 5 final context chunks.
2025-11-19 19:26:17,799 - INFO - Setting up Elasticsearch client at: http://localhost:9200
2025-11-19 19:26:17,814 - INFO - Preferred device: cuda
2025-11-19 19:26:17,814 - INFO - Loading tokenizer: BAAI/bge-base-en-v1.5
2025-11-19 19:26:18,450 - INFO - Loading embedding model on CPU: BAAI/bge-base-en-v1.5
2025-11-19 19:26:18,745 - INFO - Loading reranker model on CPU: BAAI/bge-reranker-base
2025-11-19 19:26:20,892 - INFO - --- Query: 'radioactive elements' ---
2025-11-19 19:26:20,894 - INFO - Moving embedding model to compute device for embedding...
2025-11-19 19:26:20,999 - INFO - Offloading embedding model back to CPU...
2025-11-19 19:26:21,224 - INFO - Step 1: Retrieving top 20 hybrid results from Elasticsearch...
2025-11-19 19:26:21,270 - INFO - Step 2: Reranking 20 results...
2025-11-19 19:26:21,270 - INFO - Moving reranker to compute device for reranking...
2025-11-19 19:26:22,074 - INFO - Offloading reranker back to CPU...
2025-11-19 19:26:22,919 - INFO - Step 3: Applying 'small-to-big' retrieval logic...
2025-11-19 19:26:22,919 - INFO - Fetching parent chunk '1e97afda-3467-4f78-90ba-efa56ea1960d' for child '5ed5f51e-4609-4373-9acd-c476b0a8dab8'
2025-11-19 19:26:23,119 - INFO - Fetching parent chunk 'fbac0a09-3ea7-40e6-b901-76966c6cb749' for child '6022c77b-95a7-43db-a357-b2f1f85e2dfc'
2025-11-19 19:26:23,123 - INFO - Fetching parent chunk '58b6bc94-1e4c-4a80-aa67-11cc2807c836' for child 'fbac0a09-3ea7-40e6-b901-76966c6cb749'
2025-11-19 19:26:23,133 - INFO - Fetching parent chunk 'c12c7400-6570-420e-b859-e763b60ff2ab' for child 'e1bafc14-8a63-4888-93d6-6c63cebc8dd5'
2025-11-19 19:26:23,140 - INFO - Retrieved 5 final context chunks.
2025-11-19 19:28:26,689 - INFO - --- Query: 'radioactive elements' ---
2025-11-19 19:28:26,730 - INFO - Moving embedding model to compute device for embedding...
2025-11-19 19:28:26,819 - INFO - Offloading embedding model back to CPU...
2025-11-19 19:28:26,959 - INFO - Step 1: Retrieving top 20 hybrid results from Elasticsearch...
2025-11-19 19:28:27,172 - INFO - Step 2: Reranking 20 results...
2025-11-19 19:28:27,172 - INFO - Moving reranker to compute device for reranking...
2025-11-19 19:28:27,981 - INFO - Offloading reranker back to CPU...
2025-11-19 19:28:28,365 - INFO - Step 3: Applying 'small-to-big' retrieval logic...
2025-11-19 19:28:28,365 - INFO - Fetching parent chunk '1e97afda-3467-4f78-90ba-efa56ea1960d' for child '5ed5f51e-4609-4373-9acd-c476b0a8dab8'
2025-11-19 19:28:28,371 - INFO - Fetching parent chunk 'fbac0a09-3ea7-40e6-b901-76966c6cb749' for child '6022c77b-95a7-43db-a357-b2f1f85e2dfc'
2025-11-19 19:28:28,377 - INFO - Fetching parent chunk '58b6bc94-1e4c-4a80-aa67-11cc2807c836' for child 'fbac0a09-3ea7-40e6-b901-76966c6cb749'
2025-11-19 19:28:28,384 - INFO - Fetching parent chunk 'c12c7400-6570-420e-b859-e763b60ff2ab' for child 'e1bafc14-8a63-4888-93d6-6c63cebc8dd5'
2025-11-19 19:28:28,391 - INFO - Retrieved 5 final context chunks.
2025-11-19 19:30:33,508 - INFO - Setting up Elasticsearch client at: http://localhost:9200
2025-11-19 19:30:33,579 - INFO - Preferred device: cuda
2025-11-19 19:30:33,579 - INFO - Loading tokenizer: BAAI/bge-base-en-v1.5
2025-11-19 19:30:34,244 - INFO - Loading embedding model on CPU: BAAI/bge-base-en-v1.5
2025-11-19 19:30:34,629 - INFO - Loading reranker model on CPU: BAAI/bge-reranker-base
2025-11-19 19:30:37,261 - INFO - --- Query: 'Explain me about radioactive elements' ---
2025-11-19 19:30:37,266 - INFO - Moving embedding model to compute device for embedding...
2025-11-19 19:30:37,654 - INFO - Offloading embedding model back to CPU...
2025-11-19 19:30:37,819 - INFO - Step 1: Retrieving top 20 hybrid results from Elasticsearch...
2025-11-19 19:30:37,891 - INFO - Step 2: Reranking 20 results...
2025-11-19 19:30:37,891 - INFO - Moving reranker to compute device for reranking...
2025-11-19 19:30:38,714 - INFO - Offloading reranker back to CPU...
2025-11-19 19:30:39,104 - INFO - Step 3: Applying 'small-to-big' retrieval logic...
2025-11-19 19:30:39,104 - INFO - Fetching parent chunk '3fd38689-52db-4654-8a8d-1415f061fc1b' for child 'ae180b27-5081-41ae-938e-6ae4b4c5831e'
2025-11-19 19:30:39,116 - INFO - Fetching parent chunk '58b6bc94-1e4c-4a80-aa67-11cc2807c836' for child 'fbac0a09-3ea7-40e6-b901-76966c6cb749'
2025-11-19 19:30:39,121 - INFO - Fetching parent chunk 'fbac0a09-3ea7-40e6-b901-76966c6cb749' for child '6022c77b-95a7-43db-a357-b2f1f85e2dfc'
2025-11-19 19:30:39,130 - INFO - Fetching parent chunk '1e97afda-3467-4f78-90ba-efa56ea1960d' for child '5ed5f51e-4609-4373-9acd-c476b0a8dab8'
2025-11-19 19:30:39,136 - INFO - Retrieved 5 final context chunks.
2025-11-19 19:31:10,574 - INFO - Setting up Elasticsearch client at: http://localhost:9200
2025-11-19 19:31:10,590 - INFO - Preferred device: cuda
2025-11-19 19:31:10,590 - INFO - Loading tokenizer: BAAI/bge-base-en-v1.5
2025-11-19 19:31:11,319 - INFO - Loading embedding model on CPU: BAAI/bge-base-en-v1.5
2025-11-19 19:31:11,668 - INFO - Loading reranker model on CPU: BAAI/bge-reranker-base
2025-11-19 19:31:13,808 - INFO - --- Query: 'radioactive elements' ---
2025-11-19 19:31:13,822 - INFO - Moving embedding model to compute device for embedding...
2025-11-19 19:31:13,934 - INFO - Offloading embedding model back to CPU...
2025-11-19 19:31:14,109 - INFO - Step 1: Retrieving top 20 hybrid results from Elasticsearch...
2025-11-19 19:31:14,157 - INFO - Step 2: Reranking 20 results...
2025-11-19 19:31:14,158 - INFO - Moving reranker to compute device for reranking...
2025-11-19 19:31:14,967 - INFO - Offloading reranker back to CPU...
2025-11-19 19:31:15,497 - INFO - Step 3: Applying 'small-to-big' retrieval logic...
2025-11-19 19:31:15,497 - INFO - Fetching parent chunk '1e97afda-3467-4f78-90ba-efa56ea1960d' for child '5ed5f51e-4609-4373-9acd-c476b0a8dab8'
2025-11-19 19:31:15,513 - INFO - Fetching parent chunk 'fbac0a09-3ea7-40e6-b901-76966c6cb749' for child '6022c77b-95a7-43db-a357-b2f1f85e2dfc'
2025-11-19 19:31:15,517 - INFO - Fetching parent chunk '58b6bc94-1e4c-4a80-aa67-11cc2807c836' for child 'fbac0a09-3ea7-40e6-b901-76966c6cb749'
2025-11-19 19:31:15,524 - INFO - Fetching parent chunk 'c12c7400-6570-420e-b859-e763b60ff2ab' for child 'e1bafc14-8a63-4888-93d6-6c63cebc8dd5'
2025-11-19 19:31:15,529 - INFO - Retrieved 5 final context chunks.
2025-11-19 19:32:31,292 - INFO - --- Query: 'radioactive elements' ---
2025-11-19 19:32:31,304 - INFO - Moving embedding model to compute device for embedding...
2025-11-19 19:32:31,409 - INFO - Offloading embedding model back to CPU...
2025-11-19 19:32:31,566 - INFO - Step 1: Retrieving top 20 hybrid results from Elasticsearch...
2025-11-19 19:32:31,620 - INFO - Step 2: Reranking 20 results...
2025-11-19 19:32:31,620 - INFO - Moving reranker to compute device for reranking...
2025-11-19 19:32:32,439 - INFO - Offloading reranker back to CPU...
2025-11-19 19:32:32,827 - INFO - Step 3: Applying 'small-to-big' retrieval logic...
2025-11-19 19:32:32,827 - INFO - Fetching parent chunk '1e97afda-3467-4f78-90ba-efa56ea1960d' for child '5ed5f51e-4609-4373-9acd-c476b0a8dab8'
2025-11-19 19:32:32,832 - INFO - Fetching parent chunk 'fbac0a09-3ea7-40e6-b901-76966c6cb749' for child '6022c77b-95a7-43db-a357-b2f1f85e2dfc'
2025-11-19 19:32:32,836 - INFO - Fetching parent chunk '58b6bc94-1e4c-4a80-aa67-11cc2807c836' for child 'fbac0a09-3ea7-40e6-b901-76966c6cb749'
2025-11-19 19:32:32,843 - INFO - Fetching parent chunk 'c12c7400-6570-420e-b859-e763b60ff2ab' for child 'e1bafc14-8a63-4888-93d6-6c63cebc8dd5'
2025-11-19 19:32:32,848 - INFO - Retrieved 5 final context chunks.
2025-11-19 23:02:17,141 - INFO - Setting up Elasticsearch client at: http://localhost:9200
2025-11-19 23:02:17,285 - INFO - Preferred device: cuda
2025-11-19 23:02:17,285 - INFO - Loading tokenizer: BAAI/bge-base-en-v1.5
2025-11-19 23:02:19,994 - INFO - Loading embedding model on CPU: BAAI/bge-base-en-v1.5
2025-11-19 23:02:20,645 - INFO - Loading reranker model on CPU: BAAI/bge-reranker-base
2025-11-19 23:02:24,166 - INFO - --- Query: 'd block elements' ---
2025-11-19 23:02:24,171 - INFO - Moving embedding model to compute device for embedding...
2025-11-19 23:02:25,944 - INFO - Offloading embedding model back to CPU...
2025-11-19 23:02:27,083 - INFO - Step 1: Retrieving top 20 hybrid results from Elasticsearch...
2025-11-19 23:02:27,438 - INFO - Step 2: Reranking 20 results...
2025-11-19 23:02:27,438 - INFO - Moving reranker to compute device for reranking...
2025-11-19 23:02:32,899 - INFO - Offloading reranker back to CPU...
2025-11-19 23:02:33,775 - INFO - Step 3: Applying 'small-to-big' retrieval logic...
2025-11-19 23:02:33,775 - INFO - Fetching parent chunk 'cdf276ed-a82f-411a-abbf-486060adecac' for child 'af3014c6-bbf6-4b49-a6b8-c1bd0769a5d7'
2025-11-19 23:02:33,785 - INFO - Fetching parent chunk '800f1dbd-d802-4f7b-88a7-80a85343affc' for child 'cdf276ed-a82f-411a-abbf-486060adecac'
2025-11-19 23:02:33,789 - INFO - Fetching parent chunk 'ae4ccf4d-9fd1-466d-b488-c9a3b1d6f74d' for child 'bc5a2435-8fc3-479b-9d1c-8fd0c00be7a9'
2025-11-19 23:02:33,793 - INFO - Retrieved 4 final context chunks.
2025-11-19 23:03:35,643 - INFO - Setting up Elasticsearch client at: http://localhost:9200
2025-11-19 23:03:35,651 - INFO - Preferred device: cuda
2025-11-19 23:03:35,652 - INFO - Loading tokenizer: BAAI/bge-base-en-v1.5
2025-11-19 23:03:37,005 - INFO - Loading embedding model on CPU: BAAI/bge-base-en-v1.5
2025-11-19 23:03:37,380 - INFO - Loading reranker model on CPU: BAAI/bge-reranker-base
2025-11-19 23:03:41,078 - INFO - --- Query: 'Explain it briefly what's in the report' ---
2025-11-19 23:03:41,081 - INFO - Moving embedding model to compute device for embedding...
2025-11-19 23:03:41,208 - INFO - Offloading embedding model back to CPU...
2025-11-19 23:03:41,420 - INFO - Step 1: Retrieving top 20 hybrid results from Elasticsearch...
2025-11-19 23:03:41,521 - INFO - Step 2: Reranking 20 results...
2025-11-19 23:03:41,521 - INFO - Moving reranker to compute device for reranking...
2025-11-19 23:03:42,329 - INFO - Offloading reranker back to CPU...
2025-11-19 23:03:43,572 - INFO - Step 3: Applying 'small-to-big' retrieval logic...
2025-11-19 23:03:43,572 - INFO - Fetching parent chunk '09b215d2-99bc-4e4f-8d4f-ca420eafedb2' for child '026b0436-a2ff-4c18-b3fd-71601fa28d85'
2025-11-19 23:03:43,580 - INFO - Fetching parent chunk '6c1e672e-a648-4d47-be02-714d9ae06884' for child '7283841e-6096-4978-bfcd-8330e1966b4f'
2025-11-19 23:03:43,584 - INFO - Fetching parent chunk 'e2afce7a-2212-48af-80d8-c6d5e11dc90b' for child 'ef11c2c4-b7f7-4bd3-8d29-2d8c9b994570'
2025-11-19 23:03:43,587 - INFO - Fetching parent chunk 'dfe5fede-d1f3-4a7c-b0fb-23cdae050f8d' for child '0802ff9e-02e4-4a2e-82b9-0e6e54f4c161'
2025-11-19 23:03:43,591 - INFO - Fetching parent chunk 'cad2e0bc-0e74-4ed8-9f5d-a514e4ab4360' for child 'd8e1180d-1500-471f-aea6-e1af4268c271'
2025-11-19 23:03:43,595 - INFO - Retrieved 5 final context chunks.
2025-11-19 23:04:06,727 - INFO - --- Query: 'Briefly explain about the d block elements' ---
2025-11-19 23:04:06,730 - INFO - Moving embedding model to compute device for embedding...
2025-11-19 23:04:06,845 - INFO - Offloading embedding model back to CPU...
2025-11-19 23:04:06,964 - INFO - Step 1: Retrieving top 20 hybrid results from Elasticsearch...
2025-11-19 23:04:06,989 - INFO - Step 2: Reranking 20 results...
2025-11-19 23:04:06,989 - INFO - Moving reranker to compute device for reranking...
2025-11-19 23:04:07,781 - INFO - Offloading reranker back to CPU...
2025-11-19 23:04:08,100 - INFO - Step 3: Applying 'small-to-big' retrieval logic...
2025-11-19 23:04:08,100 - INFO - Fetching parent chunk 'cdf276ed-a82f-411a-abbf-486060adecac' for child 'af3014c6-bbf6-4b49-a6b8-c1bd0769a5d7'
2025-11-19 23:04:08,104 - INFO - Fetching parent chunk '800f1dbd-d802-4f7b-88a7-80a85343affc' for child 'cdf276ed-a82f-411a-abbf-486060adecac'
2025-11-19 23:04:08,107 - INFO - Fetching parent chunk 'ae4ccf4d-9fd1-466d-b488-c9a3b1d6f74d' for child 'bc5a2435-8fc3-479b-9d1c-8fd0c00be7a9'
2025-11-19 23:04:08,111 - INFO - Retrieved 4 final context chunks.
2025-11-19 23:18:22,379 - INFO - Setting up Elasticsearch client at: http://localhost:9200
2025-11-19 23:18:22,421 - INFO - Preferred device: cuda
2025-11-19 23:18:22,421 - INFO - Loading tokenizer: BAAI/bge-base-en-v1.5
2025-11-19 23:18:26,063 - INFO - Loading embedding model on CPU: BAAI/bge-base-en-v1.5
2025-11-19 23:18:26,528 - INFO - Loading reranker model on CPU: BAAI/bge-reranker-base
2025-11-19 23:18:30,168 - INFO - --- Query: 'What are radioactive elements' ---
2025-11-19 23:18:30,171 - INFO - Moving embedding model to compute device for embedding...
2025-11-19 23:18:30,978 - INFO - Offloading embedding model back to CPU...
2025-11-19 23:18:31,140 - INFO - Step 1: Retrieving top 20 hybrid results from Elasticsearch...
2025-11-19 23:18:31,191 - INFO - Step 2: Reranking 20 results...
2025-11-19 23:18:31,191 - INFO - Moving reranker to compute device for reranking...
2025-11-19 23:18:31,997 - INFO - Offloading reranker back to CPU...
2025-11-19 23:18:32,765 - INFO - Step 3: Applying 'small-to-big' retrieval logic...
2025-11-19 23:18:32,765 - INFO - Fetching parent chunk '1e97afda-3467-4f78-90ba-efa56ea1960d' for child '5ed5f51e-4609-4373-9acd-c476b0a8dab8'
2025-11-19 23:18:32,771 - INFO - Fetching parent chunk 'fbac0a09-3ea7-40e6-b901-76966c6cb749' for child '6022c77b-95a7-43db-a357-b2f1f85e2dfc'
2025-11-19 23:18:32,776 - INFO - Fetching parent chunk '58b6bc94-1e4c-4a80-aa67-11cc2807c836' for child 'fbac0a09-3ea7-40e6-b901-76966c6cb749'
2025-11-19 23:18:32,783 - INFO - Fetching parent chunk '0d679c99-8769-4b77-bb21-7a66ac0ee7b4' for child 'f0aaa17c-4dc4-4821-bd4f-c11ae25ece85'
2025-11-19 23:18:32,789 - INFO - Retrieved 5 final context chunks.
2025-11-19 23:19:24,183 - INFO - Setting up Elasticsearch client at: http://localhost:9200
2025-11-19 23:19:24,188 - INFO - Preferred device: cuda
2025-11-19 23:19:24,188 - INFO - Loading tokenizer: BAAI/bge-base-en-v1.5
2025-11-19 23:19:25,058 - INFO - Loading embedding model on CPU: BAAI/bge-base-en-v1.5
2025-11-19 23:19:25,555 - INFO - Loading reranker model on CPU: BAAI/bge-reranker-base
2025-11-19 23:19:29,027 - INFO - --- Query: 'd block elements' ---
2025-11-19 23:19:29,030 - INFO - Moving embedding model to compute device for embedding...
2025-11-19 23:19:29,125 - INFO - Offloading embedding model back to CPU...
2025-11-19 23:19:29,932 - INFO - Step 1: Retrieving top 20 hybrid results from Elasticsearch...
2025-11-19 23:19:29,959 - INFO - Step 2: Reranking 20 results...
2025-11-19 23:19:29,959 - INFO - Moving reranker to compute device for reranking...
2025-11-19 23:19:30,756 - INFO - Offloading reranker back to CPU...
2025-11-19 23:19:34,257 - INFO - Step 3: Applying 'small-to-big' retrieval logic...
2025-11-19 23:19:34,257 - INFO - Fetching parent chunk 'cdf276ed-a82f-411a-abbf-486060adecac' for child 'af3014c6-bbf6-4b49-a6b8-c1bd0769a5d7'
2025-11-19 23:19:34,270 - INFO - Fetching parent chunk '800f1dbd-d802-4f7b-88a7-80a85343affc' for child 'cdf276ed-a82f-411a-abbf-486060adecac'
2025-11-19 23:19:34,274 - INFO - Fetching parent chunk 'ae4ccf4d-9fd1-466d-b488-c9a3b1d6f74d' for child 'bc5a2435-8fc3-479b-9d1c-8fd0c00be7a9'
2025-11-19 23:19:34,278 - INFO - Retrieved 4 final context chunks.
