2025-11-04 13:02:34,242 - WARNING - Failed to index chunk_id: 3fec7e23-c325-495b-8dcb-342907aa8ab5
2025-11-04 13:02:34,242 - WARNING - Failed to index chunk_id: 44f719aa-e951-4390-9cd7-44abdc0372cd
2025-11-04 13:02:34,242 - WARNING - Failed to index chunk_id: ea4c8eb6-c1be-4762-849a-b56ad2fa6f62
2025-11-04 13:02:34,242 - WARNING - Failed to index chunk_id: b49e18ff-2ac7-4d84-86aa-44e3345925b4
2025-11-04 13:02:34,242 - WARNING - Failed to index chunk_id: 7669878e-e8dc-48f7-9caf-0d9f7ea8726d
2025-11-04 13:02:34,242 - WARNING - Failed to index chunk_id: 1048f2fd-c685-4dd1-80b1-b3085967cace
2025-11-04 13:02:34,242 - WARNING - Failed to index chunk_id: c4f566b6-daf8-43ab-9677-e73b1e4721a1
2025-11-04 13:02:34,242 - WARNING - Failed to index chunk_id: 862d184c-48e2-4b73-9e5b-9d43e3af950f
2025-11-04 13:02:34,242 - WARNING - Failed to index chunk_id: 4401aecf-e56a-4704-abe7-38b3019eb94c
2025-11-04 13:02:34,242 - WARNING - Failed to index chunk_id: d608025e-851b-40c0-a8fd-4f90175dee1f
2025-11-04 13:02:34,242 - WARNING - Failed to index chunk_id: 482fad96-a9cc-44b7-ac09-970b1a73f2be
2025-11-04 13:02:34,242 - WARNING - Failed to index chunk_id: b0f5ae6d-c525-41af-92ad-27fc6877d821
2025-11-04 13:02:34,242 - WARNING - Failed to index chunk_id: 20917348-ccf9-403e-b714-7d0d316d22db
2025-11-04 13:02:34,242 - WARNING - Failed to index chunk_id: 7a9b3387-bca4-44fd-985a-d24315d6c63e
2025-11-04 13:02:34,242 - WARNING - Failed to index chunk_id: e39544d8-13c7-4da0-b7d6-29ead788e371
2025-11-04 13:02:34,242 - WARNING - Failed to index chunk_id: 570423fd-0def-4ae7-9f9f-1b913b832727
2025-11-04 13:02:34,242 - WARNING - Failed to index chunk_id: 52c5c316-f13a-4aec-aa2f-49485d20132c
2025-11-04 13:02:34,242 - WARNING - Failed to index chunk_id: 83846246-d018-4ecf-af9e-c8d120beaf5e
2025-11-04 13:02:34,242 - WARNING - Failed to index chunk_id: 29be2905-6a7b-440a-b6f8-ed1a8d4ab55c
2025-11-04 13:02:34,242 - WARNING - Failed to index chunk_id: 00214957-f359-45a8-ac58-de1a2c80a05f
2025-11-04 13:02:34,242 - WARNING - Failed to index chunk_id: 52e0fcf1-9b7c-4ca4-98c1-10d2e79cd78d
2025-11-04 13:02:34,242 - WARNING - Failed to index chunk_id: c4684a02-251a-41d9-89e2-6cd12d7ef0af
2025-11-04 13:02:34,242 - WARNING - Failed to index chunk_id: 154a3907-b66c-4982-b309-383ae02d80ca
2025-11-04 13:02:34,242 - WARNING - Failed to index chunk_id: 2632f64d-d487-4229-a490-0448fcacdedb
2025-11-04 13:02:34,242 - WARNING - Failed to index chunk_id: 042d24a0-b49b-45bd-9400-57a956479cd0
2025-11-04 13:02:34,242 - WARNING - Failed to index chunk_id: 512a416e-eb99-4f43-a573-ce639098089c
2025-11-04 13:02:34,242 - WARNING - Failed to index chunk_id: 2ec2d468-a16b-44eb-afe1-19d6f5a09742
2025-11-04 13:02:34,242 - WARNING - Failed to index chunk_id: f4462c88-6394-408d-ad62-841a0eeb393a
2025-11-04 13:02:34,242 - WARNING - Failed to index chunk_id: f60e317b-7c7d-4a61-809f-9f9126f634e9
2025-11-04 13:02:34,242 - WARNING - Failed to index chunk_id: bd79da8b-5aee-4910-b254-64c6be28fb3f
2025-11-04 13:02:34,242 - WARNING - Failed to index chunk_id: 3b7ad6a5-a20d-42a4-a00e-455f66eb0087
2025-11-04 13:02:34,242 - WARNING - Failed to index chunk_id: c4022d1d-8273-43ea-9c75-71ccc3e93f96
2025-11-04 13:02:34,242 - WARNING - Failed to index chunk_id: 23fa9e0e-8aae-4578-b946-72e06da1c697
2025-11-04 13:02:34,242 - WARNING - Failed to index chunk_id: 49774d60-8f25-4a4b-934b-64d2a8dcbc98
2025-11-04 13:02:34,242 - WARNING - Failed to index chunk_id: 4eb47733-b815-4d56-b907-5fe496325a3b
2025-11-04 13:02:34,242 - WARNING - Failed to index chunk_id: 4a658726-a41a-4ee0-b549-c0d3f6f4365f
2025-11-04 13:02:34,242 - WARNING - Failed to index chunk_id: 35bb6b73-7a0c-4b42-bed4-8d7291b1270a
2025-11-04 13:02:34,242 - WARNING - Failed to index chunk_id: 8b370a25-356d-41ae-8db6-33aa2aa6baf6
2025-11-04 13:02:34,242 - WARNING - Failed to index chunk_id: 461cc5a1-1f03-4f47-bf46-41b99d232d63
2025-11-04 13:02:34,242 - WARNING - Failed to index chunk_id: 0b517fa7-aeea-4d4a-a5ef-8c3bfd730568
2025-11-04 13:02:34,242 - WARNING - Failed to index chunk_id: 7f847385-62f0-4be8-8691-deab2c93e05d
2025-11-04 13:02:34,242 - WARNING - Failed to index chunk_id: a59ed425-904b-4824-8957-a26dd29b2c99
2025-11-04 13:02:34,242 - WARNING - Failed to index chunk_id: 7e1e27c4-9a92-4dee-bc6f-f777b5e768f8
2025-11-04 13:02:34,242 - WARNING - Failed to index chunk_id: 9f35a93b-c99d-424b-9b81-69d2fd4dea83
2025-11-04 13:02:34,242 - WARNING - Failed to index chunk_id: 5ee0b40a-3775-4e65-9c1c-135c268d56fd
2025-11-04 13:02:34,242 - WARNING - Failed to index chunk_id: 2bc921b5-d2a6-4b58-b7f1-c9283c836850
2025-11-04 13:02:34,242 - WARNING - Failed to index chunk_id: e6cfbb1d-693d-492e-83f1-39905f0170da
2025-11-04 13:02:34,242 - WARNING - Failed to index chunk_id: f0a9f232-531c-4791-b480-242af6886f4a
2025-11-04 13:02:34,242 - WARNING - Failed to index chunk_id: 7cb79d8a-f0a0-47af-af84-b5582324cd76
2025-11-04 13:02:34,242 - WARNING - Failed to index chunk_id: 549f5207-6394-43c5-9c5c-ed76a8aadf5f
2025-11-04 13:02:34,242 - WARNING - Failed to index chunk_id: 59852c2c-62a3-4890-9693-2b27cfe80064
2025-11-04 13:02:34,242 - WARNING - Failed to index chunk_id: 0c61d9c6-3ec2-4e3d-bf0b-17f722105fd3
2025-11-04 13:02:34,242 - WARNING - Failed to index chunk_id: 685054ef-3ffe-4282-818b-683ab678e47d
2025-11-04 13:02:34,242 - WARNING - Failed to index chunk_id: 5f7a42a3-0329-4c9b-8771-bb055bea5025
2025-11-04 13:02:34,242 - WARNING - Failed to index chunk_id: c3e6e1f7-617b-4774-b101-32364ad9387d
2025-11-04 13:02:34,242 - WARNING - Failed to index chunk_id: 386ce197-7562-4311-a3b2-44895f9870d4
2025-11-04 13:02:34,242 - WARNING - Failed to index chunk_id: a6731df0-544d-4394-93cd-547ac52e5ac0
2025-11-04 13:02:34,243 - WARNING - Failed to index chunk_id: 926a9f24-3b75-464d-9099-35211d5e20eb
2025-11-04 13:02:34,243 - WARNING - Failed to index chunk_id: 447981d9-67be-4c30-bb50-2b8dbb010dc2
2025-11-04 13:02:34,243 - WARNING - Failed to index chunk_id: ad75466e-0e07-46be-a27a-f6896536eb05
2025-11-04 13:02:34,243 - WARNING - Failed to index chunk_id: 4c760e74-f710-4aa2-93db-e7606a624c61
2025-11-04 13:02:34,243 - WARNING - Failed to index chunk_id: e84a90c8-7904-4f27-b572-500a2f3fda1d
2025-11-04 13:02:34,243 - WARNING - Failed to index chunk_id: ec5412b5-43b7-4e4d-bcb5-c3dbe7132fd5
2025-11-04 13:02:34,243 - WARNING - Failed to index chunk_id: f7391660-ec6b-45f0-9158-620b98d40023
2025-11-04 13:02:34,243 - WARNING - Failed to index chunk_id: 8a61a514-a646-459d-a56f-8396f4d2be83
2025-11-04 13:02:34,243 - WARNING - Failed to index chunk_id: 4c36e390-37bc-4343-a67e-512bb4efc8ce
2025-11-04 13:02:34,243 - WARNING - Failed to index chunk_id: 33645096-d538-4b39-a82c-7d0a1954293d
2025-11-04 13:02:34,243 - WARNING - Failed to index chunk_id: ddc2d0b7-c2a7-483d-8621-cc0a57c74afe
2025-11-04 13:02:34,243 - WARNING - Failed to index chunk_id: c86680c5-1145-4c54-92d5-d1659fa731ae
2025-11-04 13:02:34,243 - WARNING - Failed to index chunk_id: cad2e0bc-0e74-4ed8-9f5d-a514e4ab4360
2025-11-04 13:02:34,243 - WARNING - Failed to index chunk_id: b1b8a1c7-03d5-45ba-ab9b-5f017102474a
2025-11-04 13:02:34,243 - WARNING - Failed to index chunk_id: fbcfe585-9969-4c15-a4ba-b4fd7cfb31bc
2025-11-04 13:02:34,243 - WARNING - Failed to index chunk_id: 7dd54ee8-b423-4dc2-98e0-884171f9ae49
2025-11-04 13:02:34,243 - WARNING - Failed to index chunk_id: 53d4ad0f-90a1-4017-b0d6-9243b207105b
2025-11-04 13:02:34,243 - WARNING - Failed to index chunk_id: d8e1180d-1500-471f-aea6-e1af4268c271
2025-11-04 13:02:34,243 - WARNING - Failed to index chunk_id: b0e51e73-b97f-4aa9-8e4a-2b3036c65e40
2025-11-04 13:02:34,243 - WARNING - Failed to index chunk_id: 9e770e76-88bd-40a8-b530-c8cd22f8a4e5
2025-11-04 13:02:34,243 - WARNING - Failed to index chunk_id: d678d110-6f5d-42d7-84c0-6f1fd511363a
2025-11-04 13:02:34,243 - WARNING - Failed to index chunk_id: 0bb9f72b-7dbf-4019-9ddb-df72b658e280
2025-11-04 13:02:34,243 - WARNING - Failed to index chunk_id: b9ae210a-88b7-47f5-a9f3-3b27638ee311
2025-11-04 13:02:34,243 - WARNING - Failed to index chunk_id: 89d70511-e6ee-4df2-80e7-cc018f714549
2025-11-04 13:02:34,243 - WARNING - Failed to index chunk_id: a0a69461-e35f-46e0-a46d-9d530d1bb560
2025-11-04 13:02:34,243 - WARNING - Failed to index chunk_id: ddaaf1c9-73dd-4769-a7cd-36e928088b31
2025-11-04 13:02:34,243 - WARNING - Failed to index chunk_id: 4f2d2d2f-5f84-4556-b379-f305b5f35a66
2025-11-04 13:02:34,243 - WARNING - Failed to index chunk_id: f8946e8b-8be5-47de-ad2a-71a2be9902ee
2025-11-04 13:02:34,243 - WARNING - Failed to index chunk_id: f44d3c34-be50-40e2-8047-0b19cf949ef3
2025-11-04 13:02:34,243 - WARNING - Failed to index chunk_id: 8ce73a36-6b50-4d72-927b-f0a30878b6e8
2025-11-04 13:02:34,243 - WARNING - Failed to index chunk_id: a949b627-a3b4-4ea4-8479-4b8da97d8518
2025-11-04 13:02:34,243 - WARNING - Failed to index chunk_id: 9a8f6780-7fe7-48c7-b07c-c4bf68b299b3
2025-11-04 13:02:34,243 - WARNING - Failed to index chunk_id: d8af485e-d062-4779-9535-da34d74ed292
2025-11-04 13:02:34,243 - WARNING - Failed to index chunk_id: 5f0a216d-a62f-4cd7-bfd6-d5a3e9e19be3
2025-11-04 13:02:34,243 - WARNING - Failed to index chunk_id: 81bbcab4-883e-43c6-a57a-80854dd652ec
2025-11-04 13:02:34,243 - WARNING - Failed to index chunk_id: cd88978a-6a65-4824-a618-8c6badaf2869
2025-11-04 13:02:34,243 - WARNING - Failed to index chunk_id: d17e92d7-17b4-4293-b880-50146a8d02af
2025-11-04 13:02:34,243 - WARNING - Failed to index chunk_id: a81ba605-8e79-445f-a8aa-d454f38b3dff
2025-11-04 13:02:34,243 - WARNING - Failed to index chunk_id: bf40a775-169a-4403-ad9d-c41957b694eb
2025-11-04 13:02:34,243 - WARNING - Failed to index chunk_id: 5e5d9e37-cf0f-41b0-bac1-f99d2b17bf9c
2025-11-04 13:02:34,243 - WARNING - Failed to index chunk_id: c5735cd8-b647-43b8-93b4-ee12d9cfffa8
2025-11-04 13:02:34,243 - WARNING - Failed to index chunk_id: a7cce666-e01a-4154-9ab2-9e121f436acf
2025-11-04 13:02:34,243 - WARNING - Failed to index chunk_id: dde1e564-bea3-4c00-8d0b-6da032145ade
2025-11-04 13:02:34,324 - WARNING - Failed to index chunk_id: 276507fe-fe44-409e-bdd4-aeeec3151c55
2025-11-04 13:02:34,324 - WARNING - Failed to index chunk_id: fa809040-8210-4a95-b0de-773b7c990f74
2025-11-04 13:02:34,324 - WARNING - Failed to index chunk_id: 058e4423-7788-4d8b-91a2-91786fc0417b
2025-11-04 13:02:34,324 - WARNING - Failed to index chunk_id: f83a0448-c7c5-46bd-b2ff-1935742c4a81
2025-11-04 13:02:34,324 - WARNING - Failed to index chunk_id: dc680565-3d83-478a-896c-8c00ea450415
2025-11-04 13:02:34,324 - WARNING - Failed to index chunk_id: a28cad8e-38b1-4406-b748-88feb8165dc5
2025-11-04 13:02:34,324 - WARNING - Failed to index chunk_id: fa583bf2-0178-4f13-96be-4d18373bd823
2025-11-04 13:02:34,324 - WARNING - Failed to index chunk_id: 21ba4c4d-5686-42e9-9d55-d38bd7c334b7
2025-11-04 13:02:34,324 - WARNING - Failed to index chunk_id: 34524a74-0952-4992-b86e-ab5cc06f0672
2025-11-04 13:02:34,324 - WARNING - Failed to index chunk_id: 2de0d938-cc94-473f-9497-8ef75a260a31
2025-11-04 13:02:34,324 - WARNING - Failed to index chunk_id: 6eeea686-755e-40b0-a47b-633748ba16e0
2025-11-04 13:02:34,324 - WARNING - Failed to index chunk_id: 4031b430-2366-4378-88f4-dc4552584d14
2025-11-04 13:02:34,324 - WARNING - Failed to index chunk_id: 28d884bd-0ed8-49b0-b845-7207303df504
2025-11-04 13:02:34,324 - WARNING - Failed to index chunk_id: 7e85d43e-71ba-4db6-b07b-1c7a8886b789
2025-11-04 13:02:34,324 - WARNING - Failed to index chunk_id: b912827a-ffb0-4a70-9aa6-36537e50bff6
2025-11-04 13:02:34,324 - WARNING - Failed to index chunk_id: e6e497ec-b39e-4cd0-9dfe-ac66b52b8d3e
2025-11-04 13:02:34,324 - WARNING - Failed to index chunk_id: 418f4664-8d0a-4771-8aac-94933d4ad70b
2025-11-04 13:02:34,324 - WARNING - Failed to index chunk_id: 2cebaf57-44f7-497f-bfad-2a6df48ef6a0
2025-11-04 13:02:34,324 - WARNING - Failed to index chunk_id: 05401705-2747-42b7-a82c-ad346792da7d
2025-11-04 13:02:34,324 - WARNING - Failed to index chunk_id: eb1ce80a-0f1c-43a9-aeb4-68a18cc8400e
2025-11-04 13:02:34,324 - WARNING - Failed to index chunk_id: b49e8f51-5052-472e-8465-f60e624b73d4
2025-11-04 13:02:34,324 - WARNING - Failed to index chunk_id: 599cec41-220f-4909-9b2b-ea3dc6defa79
2025-11-04 13:02:34,324 - WARNING - Failed to index chunk_id: 8b5cb4f2-69b5-4094-9aa1-6b1e1ab922ac
2025-11-04 13:02:34,324 - WARNING - Failed to index chunk_id: 2c4611b7-2200-41f9-aa00-e834c70cc274
2025-11-04 13:02:34,324 - WARNING - Failed to index chunk_id: 90f74d1e-f2ec-454b-9d0b-aba4448ac8dc
2025-11-04 13:02:34,324 - WARNING - Failed to index chunk_id: dfe5fede-d1f3-4a7c-b0fb-23cdae050f8d
2025-11-04 13:02:34,324 - WARNING - Failed to index chunk_id: 623de61d-5868-4df7-948b-3780e584bd75
2025-11-04 13:02:34,324 - WARNING - Failed to index chunk_id: 2c132cd4-226a-45bb-9ca8-60c43ba32506
2025-11-04 13:02:34,324 - WARNING - Failed to index chunk_id: 0802ff9e-02e4-4a2e-82b9-0e6e54f4c161
2025-11-04 13:02:34,324 - WARNING - Failed to index chunk_id: 3c869b3b-bb89-40c3-b809-393008524f43
2025-11-04 13:02:34,324 - WARNING - Failed to index chunk_id: c549974a-1fa2-4f7c-8d16-ac94b80fc53e
2025-11-04 13:02:34,324 - WARNING - Failed to index chunk_id: 1faad64c-1211-4b59-85fc-bcc38b42e8af
2025-11-04 13:02:34,324 - WARNING - Failed to index chunk_id: aaeb66c3-1e23-4883-a6fe-5b31d185aaae
2025-11-04 13:02:34,324 - WARNING - Failed to index chunk_id: 8e266aba-6a95-4c56-8b07-a725dc12e18a
2025-11-04 13:02:34,324 - WARNING - Failed to index chunk_id: f78596a6-7fb7-4c9c-be67-4b576d9b405a
2025-11-04 13:02:34,324 - WARNING - Failed to index chunk_id: 91ff515d-477f-4b64-a0fa-72130a1950bb
2025-11-04 13:02:34,324 - WARNING - Failed to index chunk_id: 4f20a8c3-b97f-4c85-9a8a-ac2b5da1f90a
2025-11-04 13:02:34,324 - WARNING - Failed to index chunk_id: 4cbd7dca-73e7-4704-9444-14061d07b62f
2025-11-04 13:02:34,324 - WARNING - Failed to index chunk_id: 41b36ff9-e37b-4790-909f-91394c3bf184
2025-11-04 13:02:34,324 - WARNING - Failed to index chunk_id: ea52d3b8-591e-49c1-b24d-d870ce33ce8f
2025-11-04 13:02:34,324 - WARNING - Failed to index chunk_id: ae4ccf4d-9fd1-466d-b488-c9a3b1d6f74d
2025-11-04 13:02:34,324 - WARNING - Failed to index chunk_id: bc5a2435-8fc3-479b-9d1c-8fd0c00be7a9
2025-11-04 13:02:34,324 - WARNING - Failed to index chunk_id: 88eacfa2-45f9-4a8d-9f76-723669c4db46
2025-11-04 13:02:34,324 - WARNING - Failed to index chunk_id: 2807fd9a-c45e-4021-85bc-4c56dcce8abb
2025-11-04 13:02:34,324 - WARNING - Failed to index chunk_id: 11d42524-e033-4ed5-b1dd-e57469105f1b
2025-11-04 13:02:34,324 - WARNING - Failed to index chunk_id: 891a1bf7-d21b-4107-938a-cd79011e57bd
2025-11-04 13:02:34,324 - WARNING - Failed to index chunk_id: 24adbde3-0d20-4881-990d-d52502093802
2025-11-04 13:02:34,324 - WARNING - Failed to index chunk_id: 863ff90e-5349-4302-b742-966e902d9ddb
2025-11-04 13:02:34,324 - WARNING - Failed to index chunk_id: 2bf0564e-3acc-4fff-b8fc-6ddb6b68efce
2025-11-04 13:02:34,324 - WARNING - Failed to index chunk_id: 002b13d9-2313-4a29-b023-e11dd9de7d99
2025-11-04 13:02:34,324 - WARNING - Failed to index chunk_id: 9f19b3a0-0a92-4b48-92d6-6de3e5fd4779
2025-11-04 13:02:34,324 - WARNING - Failed to index chunk_id: 8ca15a5d-8bf8-4cc1-9efa-f8424893cc6a
2025-11-04 13:02:34,324 - WARNING - Failed to index chunk_id: e0efc070-1b0a-4e37-8f0d-ea75db39def7
2025-11-04 13:02:34,324 - WARNING - Failed to index chunk_id: 71fd4601-d5e1-4e15-9e3c-5a2f743afc84
2025-11-04 13:02:34,324 - WARNING - Failed to index chunk_id: b7131fdb-ed36-4f1f-a55d-53cb4b34d8b5
2025-11-04 13:02:34,324 - WARNING - Failed to index chunk_id: 8dff0e6d-b14b-4420-925c-5e2c88409167
2025-11-04 13:02:34,324 - WARNING - Failed to index chunk_id: 52e4cc14-4512-4b0a-99c0-17497ecf484b
2025-11-04 13:02:34,324 - WARNING - Failed to index chunk_id: a8a9526c-7115-4b4c-9732-ba685d0f9800
2025-11-04 13:02:34,324 - WARNING - Failed to index chunk_id: 334a4b50-10da-4f57-afa1-412db46f3dae
2025-11-04 13:02:34,324 - WARNING - Failed to index chunk_id: 8c7cd4cb-531d-4246-acb9-bdc5c3e5924b
2025-11-04 13:02:34,324 - WARNING - Failed to index chunk_id: 42ecb078-9dce-4065-ad6f-70f6e49f5e89
2025-11-04 13:02:34,324 - WARNING - Failed to index chunk_id: d6ef2829-5dd5-4a59-b340-293c32ea3a06
2025-11-04 13:02:34,324 - WARNING - Failed to index chunk_id: a5ea5857-1bdb-4803-aad9-0904d973733a
2025-11-04 13:02:34,324 - WARNING - Failed to index chunk_id: cca838d8-e31b-4f09-9a3f-8dd70daa0f1f
2025-11-04 13:02:34,324 - WARNING - Failed to index chunk_id: eb040271-760d-4199-b042-16315e0a804a
2025-11-04 13:02:34,324 - WARNING - Failed to index chunk_id: 3c5bcebe-8c56-4699-8f62-6f27216d639c
2025-11-04 13:02:34,324 - WARNING - Failed to index chunk_id: 973a7772-f1d7-4a58-a7be-b17c088c4c8d
2025-11-04 13:02:34,324 - WARNING - Failed to index chunk_id: 94857336-b470-4751-bdba-ba84f6da60d5
2025-11-04 13:02:34,324 - WARNING - Failed to index chunk_id: 864fdb4b-4bad-48a0-be00-564e04b4da59
2025-11-04 13:02:34,324 - WARNING - Failed to index chunk_id: 3c5f720b-0e60-40cf-971e-f7cdfc87ba31
2025-11-04 13:02:34,324 - WARNING - Failed to index chunk_id: 73686557-4a70-4e2a-a808-5763d54ab4f3
2025-11-04 13:02:34,324 - WARNING - Failed to index chunk_id: 50772d4f-5c5b-4c7d-a702-4759c5dfd8e8
2025-11-04 13:02:34,324 - WARNING - Failed to index chunk_id: 6994b220-51b3-4b0e-a01e-34572d537b3e
2025-11-04 13:02:34,324 - WARNING - Failed to index chunk_id: a9de7892-1e39-43c2-a1bc-f3c614eebab1
2025-11-04 13:02:34,324 - WARNING - Failed to index chunk_id: 366e3569-bc79-49ab-bd81-fed826c561ef
2025-11-04 13:02:34,324 - WARNING - Failed to index chunk_id: 08ad04b8-71d3-48ac-93e9-4b2a8e925b8a
2025-11-04 13:02:34,324 - WARNING - Failed to index chunk_id: 15a61d1c-5223-4f66-895a-5e90accb2fb2
2025-11-04 13:02:34,324 - WARNING - Failed to index chunk_id: 12c707c8-243b-4016-82b4-8525273693ad
2025-11-04 13:02:34,324 - WARNING - Failed to index chunk_id: 400bbc33-490c-4ff0-b2ae-99c1e6d541bb
2025-11-04 13:02:34,324 - WARNING - Failed to index chunk_id: 3cf46d90-997c-4d2a-aefb-e6a2144d5d53
2025-11-04 13:02:34,324 - WARNING - Failed to index chunk_id: b39482d8-8efe-46b9-b52c-21951fac7820
2025-11-04 13:02:34,324 - WARNING - Failed to index chunk_id: 2a52594e-2af6-45cd-922b-034657fa17c6
2025-11-04 13:02:34,324 - WARNING - Failed to index chunk_id: 6278fd63-a2d2-4a6c-bbb4-76dfb9c92710
2025-11-04 13:02:34,324 - WARNING - Failed to index chunk_id: e1965922-574c-4174-a2aa-268967bcbd28
2025-11-04 13:02:34,324 - WARNING - Failed to index chunk_id: b9712239-ba49-4254-9e87-4c7cee7b4ab7
2025-11-04 13:02:34,324 - WARNING - Failed to index chunk_id: 50c21c66-d31c-4511-a6b8-a32cda1a473f
2025-11-04 13:02:34,324 - WARNING - Failed to index chunk_id: 4c968aaa-b584-4a7d-8382-adaa47257282
2025-11-04 13:02:34,324 - WARNING - Failed to index chunk_id: 2afc306f-a1e3-4b7b-98b4-11810a24b370
2025-11-04 13:02:34,324 - WARNING - Failed to index chunk_id: 616ed882-3aa2-4e1f-b8a2-8bf138d950b4
2025-11-04 13:02:34,324 - WARNING - Failed to index chunk_id: 20a54c93-9256-42da-99c6-63f475ce05df
2025-11-04 13:02:34,324 - WARNING - Failed to index chunk_id: 13e684cb-3770-4060-aea9-f991e901ee12
2025-11-04 13:02:34,324 - WARNING - Failed to index chunk_id: 1e5c091e-7a11-4cbd-8fa1-7ec11c4f448d
2025-11-04 13:02:34,324 - WARNING - Failed to index chunk_id: 4e196ea1-7a6a-4d3d-b85a-1ea72d0871d9
2025-11-04 13:02:34,324 - WARNING - Failed to index chunk_id: 19f57706-bf01-41c2-a75b-a0634fdb95c1
2025-11-04 13:02:34,324 - WARNING - Failed to index chunk_id: a4f67baf-f7d5-4f57-99b2-02f6e4b5e9d8
2025-11-04 13:02:34,324 - WARNING - Failed to index chunk_id: d17684a8-95ab-4274-9352-bb9c13e90369
2025-11-04 13:02:34,324 - WARNING - Failed to index chunk_id: 4e665ccc-b617-4c3d-9092-998246cfebf2
2025-11-04 13:02:34,324 - WARNING - Failed to index chunk_id: b0a218f6-b30b-4d78-aee7-401e9c6f3e8f
2025-11-04 13:02:34,325 - WARNING - Failed to index chunk_id: d9c27873-a43f-469b-ae16-f1ba3709a515
2025-11-04 13:02:34,325 - WARNING - Failed to index chunk_id: 55360f0b-793e-4d7b-b020-ee6e92e00f02
2025-11-04 13:02:34,398 - WARNING - Failed to index chunk_id: 8548f7bd-5083-475e-8070-7c4273ea2fe8
2025-11-04 13:02:34,398 - WARNING - Failed to index chunk_id: dbe599c9-8998-4284-a0c6-0eabe714ea9a
2025-11-04 13:02:34,398 - WARNING - Failed to index chunk_id: 93492246-e792-40a4-827a-e56b9e8c0553
2025-11-04 13:02:34,398 - WARNING - Failed to index chunk_id: 49a666e6-2441-4ed8-a4f9-98ec2d28ef5b
2025-11-04 13:02:34,398 - WARNING - Failed to index chunk_id: 92996b41-04de-4f4d-b721-7e257522f242
2025-11-04 13:02:34,398 - WARNING - Failed to index chunk_id: ab8b66ae-51ad-4ba8-a3bd-c5efec40f937
2025-11-04 13:02:34,398 - WARNING - Failed to index chunk_id: 532b55d5-f953-4f6e-9fc4-006fef754ab7
2025-11-04 13:02:34,398 - WARNING - Failed to index chunk_id: 1d2fbb52-4c92-4330-94cd-4f4480abd1d6
2025-11-04 13:02:34,398 - WARNING - Failed to index chunk_id: d8c078bd-ae39-404f-97d5-65c7fec5766e
2025-11-04 13:02:34,398 - WARNING - Failed to index chunk_id: 96bb3904-1fb4-47f8-81d0-eba3e9fd1d46
2025-11-04 13:02:34,398 - WARNING - Failed to index chunk_id: 708954b3-ed68-48ef-8edf-cdcb5d1a9a20
2025-11-04 13:02:34,398 - WARNING - Failed to index chunk_id: 210666a4-a49c-4da4-84a4-afd1eff400ed
2025-11-04 13:02:34,398 - WARNING - Failed to index chunk_id: 98bba8e4-e159-41f6-8169-64b14c9fba07
2025-11-04 13:02:34,398 - WARNING - Failed to index chunk_id: 24a65646-9ca4-4278-94d6-41ae7977436e
2025-11-04 13:02:34,398 - WARNING - Failed to index chunk_id: 9acb7ef1-6b3c-4645-a9a3-42976413ebef
2025-11-04 13:02:34,398 - WARNING - Failed to index chunk_id: 849b516b-473a-4710-a3a2-764a7fb62d5b
2025-11-04 13:02:34,398 - WARNING - Failed to index chunk_id: 5cc778c3-ef25-421e-a781-10cb37dab0e1
2025-11-04 13:02:34,398 - WARNING - Failed to index chunk_id: 92b03bcb-dc57-4a6d-96ba-b85af9f84cd0
2025-11-04 13:02:34,398 - WARNING - Failed to index chunk_id: e60452a9-eb60-4121-9735-5d3bbc5c0c3e
2025-11-04 13:02:34,398 - WARNING - Failed to index chunk_id: 778a8440-c092-4b11-b68d-69506765495f
2025-11-04 13:02:34,398 - WARNING - Failed to index chunk_id: 3b013487-acb4-4215-894c-d8c9c8bc0a27
2025-11-04 13:02:34,398 - WARNING - Failed to index chunk_id: 36170323-4e99-405f-82ab-688ed1c098a6
2025-11-04 13:02:34,398 - WARNING - Failed to index chunk_id: 25b9959f-d3b6-4a1b-b183-725ae1728e31
2025-11-04 13:02:34,398 - WARNING - Failed to index chunk_id: 79dd5e9e-e380-4abb-8850-443ae0c6c105
2025-11-04 13:02:34,398 - WARNING - Failed to index chunk_id: 26254b2a-d71b-4248-8fe5-f130aba60ce1
2025-11-04 13:02:34,398 - WARNING - Failed to index chunk_id: 74bc42cf-6906-4d27-a9f0-ad07bd029652
2025-11-04 13:02:34,398 - WARNING - Failed to index chunk_id: cc8326c1-556f-499f-af2f-0b112e8f5e9f
2025-11-04 13:02:34,398 - WARNING - Failed to index chunk_id: 23d1f608-a59f-4aee-adcb-5f186e3fec55
2025-11-04 13:02:34,398 - WARNING - Failed to index chunk_id: 53f0d98f-c77b-49ce-ace1-50e725376f95
2025-11-04 13:02:34,398 - WARNING - Failed to index chunk_id: ad5711b1-5f24-4796-a595-9c96e65dba35
2025-11-04 13:02:34,398 - WARNING - Failed to index chunk_id: e0a300c8-b998-4cdc-bc34-2ea9343f55ad
2025-11-04 13:02:34,398 - WARNING - Failed to index chunk_id: d564625e-1894-4b7f-bdb1-bcd485ac9b88
2025-11-04 13:02:34,398 - WARNING - Failed to index chunk_id: 87cb9a43-34d9-47ad-8977-709ea2127ef8
2025-11-04 13:02:34,398 - WARNING - Failed to index chunk_id: dc2ce35d-5398-46b3-9618-59d28cc0f7d7
2025-11-04 13:02:34,398 - WARNING - Failed to index chunk_id: b42ce4dc-141b-4cdd-83dd-f4ed2732b609
2025-11-04 13:02:34,398 - WARNING - Failed to index chunk_id: 03539a0f-a322-468c-8e1e-ed4ee907cd66
2025-11-04 13:02:34,398 - WARNING - Failed to index chunk_id: c09edbbe-b33a-47cd-9429-0e5cdb76af14
2025-11-04 13:02:34,398 - WARNING - Failed to index chunk_id: 4c82e0d3-f512-4dcd-aa9c-813b4ee06480
2025-11-04 13:02:34,398 - WARNING - Failed to index chunk_id: 4eb38a2c-a52d-4db4-974d-e929f131ddfc
2025-11-04 13:02:34,398 - WARNING - Failed to index chunk_id: 7ad3cd03-c356-42e0-8732-eb3c140803ad
2025-11-04 13:02:34,398 - WARNING - Failed to index chunk_id: 3a3347ec-998d-4ea2-9d80-21dafb4f3d91
2025-11-04 13:02:34,398 - WARNING - Failed to index chunk_id: c67cf58a-9ebe-4b01-b2cd-bd19a48e61a7
2025-11-04 13:02:34,398 - WARNING - Failed to index chunk_id: b74a2f25-edf3-46cc-b321-78d1836e6652
2025-11-04 13:02:34,398 - WARNING - Failed to index chunk_id: f67ec05c-abb3-4f19-aadd-eeb152bffd4b
2025-11-04 13:02:34,398 - WARNING - Failed to index chunk_id: 6560cb2f-e06b-4e3f-8cd3-d2117a22e63c
2025-11-04 13:02:34,398 - WARNING - Failed to index chunk_id: 522d7bc3-a3a9-4c78-9ca9-000cb7cbef37
2025-11-04 13:02:34,398 - WARNING - Failed to index chunk_id: 5b89aa07-5972-42c8-94de-2177fd40926b
2025-11-04 13:02:34,398 - WARNING - Failed to index chunk_id: 53c5849a-b28a-4a43-ab80-6bb37ae02bdb
2025-11-04 13:02:34,398 - WARNING - Failed to index chunk_id: 8329370f-d310-430e-b2e5-5ea0374bbbc1
2025-11-04 13:02:34,398 - WARNING - Failed to index chunk_id: a6d9bb11-0c61-4afb-a510-0853167fe6f0
2025-11-04 13:02:34,399 - WARNING - Failed to index chunk_id: bb98d98e-5a63-41f1-b156-a42bc377cca1
2025-11-04 13:02:34,399 - WARNING - Failed to index chunk_id: fe7b2dda-bd21-4940-90f2-ce577f6d30c2
2025-11-04 13:02:34,399 - WARNING - Failed to index chunk_id: e1954b3a-43ea-4329-bc7d-2b084e135b9f
2025-11-04 13:02:34,399 - WARNING - Failed to index chunk_id: 612bc860-6db3-4e8c-9270-59a90fbdb878
2025-11-04 13:02:34,399 - WARNING - Failed to index chunk_id: c52c5b1d-a482-486f-93e0-622a701d1c53
2025-11-04 13:02:34,399 - WARNING - Failed to index chunk_id: 54cf0d5d-64b0-4fec-998a-8321ca71bb03
2025-11-04 13:02:34,399 - WARNING - Failed to index chunk_id: 13ba9aa1-3947-4288-b9aa-d0313a044da7
2025-11-04 13:02:34,399 - WARNING - Failed to index chunk_id: 8990058a-8151-476c-a3c9-f8f3bf7db3fe
2025-11-04 13:02:34,399 - WARNING - Failed to index chunk_id: e7204e1d-d173-4100-a82f-f4ba7afb4e93
2025-11-04 13:02:34,399 - WARNING - Failed to index chunk_id: 31129fa2-8dd1-455e-9bd2-86f90a47ddb9
2025-11-04 13:02:34,399 - WARNING - Failed to index chunk_id: ade590e0-f665-4db9-931e-7454a9664a85
2025-11-04 13:02:34,399 - WARNING - Failed to index chunk_id: d6255d1d-4f64-43a9-a305-f4e22f8d2cf3
2025-11-04 13:02:34,399 - WARNING - Failed to index chunk_id: eb3c8d03-99c0-48d8-9a4e-e8efd82f6902
2025-11-04 13:02:34,399 - WARNING - Failed to index chunk_id: 6db4706e-b27e-48a6-9145-a5acc84a5836
2025-11-04 13:02:34,399 - WARNING - Failed to index chunk_id: 55f35f18-5c5a-4bfa-b07c-6f0cb64a3fc0
2025-11-04 13:02:34,399 - WARNING - Failed to index chunk_id: 28dff63b-79c7-45d0-bc20-d00358ba98a5
2025-11-04 13:02:34,399 - WARNING - Failed to index chunk_id: 528aa012-371b-44df-b6ff-b2e6e26d8312
2025-11-04 13:02:34,399 - WARNING - Failed to index chunk_id: 87f477df-91ec-441e-bba0-5044cced380c
2025-11-04 13:02:34,399 - WARNING - Failed to index chunk_id: 52a9bbbe-1c11-4d48-a534-9284dd0e71c0
2025-11-04 13:02:34,399 - WARNING - Failed to index chunk_id: 2b3a9a51-b0ad-4d7d-8a7c-bb5b3fc372e2
2025-11-04 13:02:34,399 - WARNING - Failed to index chunk_id: 12adf6dc-1d76-4e39-a033-cb460c460142
2025-11-04 13:02:34,399 - WARNING - Failed to index chunk_id: 84f607b5-8391-4c04-a86f-6d9afad400d9
2025-11-04 13:02:34,399 - WARNING - Failed to index chunk_id: 86930993-a218-4543-aa85-629d537a59ca
2025-11-04 13:02:34,399 - WARNING - Failed to index chunk_id: 12a0c6dc-b390-4b1c-a5c4-1e366ca3df86
2025-11-04 13:02:34,399 - WARNING - Failed to index chunk_id: 546ae6a7-f816-4f6f-aff4-99813a82ef29
2025-11-04 13:02:34,399 - WARNING - Failed to index chunk_id: a388a274-ca32-4024-8f2c-9ca502eefd44
2025-11-04 13:02:34,399 - WARNING - Failed to index chunk_id: 7c3df93b-2d7d-4a61-b422-5653bc931ff6
2025-11-04 13:02:34,399 - WARNING - Failed to index chunk_id: b1f6467d-b982-4992-b574-6ee3c23471a8
2025-11-04 13:02:34,399 - WARNING - Failed to index chunk_id: 0d6f3208-7fab-4705-9570-a2f14a5ccac8
2025-11-04 13:02:34,399 - WARNING - Failed to index chunk_id: c298b0d6-a210-4080-b810-0250bbb09ff3
2025-11-04 13:02:34,399 - WARNING - Failed to index chunk_id: 0a29b40f-f6e9-4617-bc28-fc0249e890ee
2025-11-04 13:02:34,399 - WARNING - Failed to index chunk_id: 1e97afda-3467-4f78-90ba-efa56ea1960d
2025-11-04 13:02:34,399 - WARNING - Failed to index chunk_id: 44eb85a3-e71d-42e9-b6bf-d052a5f1ec36
2025-11-04 13:02:34,399 - WARNING - Failed to index chunk_id: 3777709d-1969-4544-b677-b020eff5eddf
2025-11-04 13:02:34,399 - WARNING - Failed to index chunk_id: 5ed5f51e-4609-4373-9acd-c476b0a8dab8
2025-11-04 13:02:34,399 - WARNING - Failed to index chunk_id: 72b3ac3c-b9e5-4ace-97e3-fd76e7586c44
2025-11-04 13:02:34,399 - WARNING - Failed to index chunk_id: 902fc742-8d67-4fbf-b3d1-96ba581690db
2025-11-04 13:02:34,399 - WARNING - Failed to index chunk_id: 79cb59ca-8563-4a45-9b3d-05d52dccfc0b
2025-11-04 13:02:34,399 - WARNING - Failed to index chunk_id: 46c37107-eb53-4574-8bbe-7abcfe9d4970
2025-11-04 13:02:34,399 - WARNING - Failed to index chunk_id: 95277abd-a6d7-41fe-936a-c4cdd8503899
2025-11-04 13:02:34,399 - WARNING - Failed to index chunk_id: b8e541b9-31d1-4948-8676-ced04002c3dc
2025-11-04 13:02:34,399 - WARNING - Failed to index chunk_id: 49856a17-11c6-4913-a943-9bce9688a72e
2025-11-04 13:02:34,399 - WARNING - Failed to index chunk_id: 8c6cca45-97d7-44ed-95e0-0b19ec81d4c0
2025-11-04 13:02:34,399 - WARNING - Failed to index chunk_id: 772be5b1-39cf-4bda-9437-2a7d2c65c3fa
2025-11-04 13:02:34,399 - WARNING - Failed to index chunk_id: ef6f67b2-23af-490f-b1ad-a21c9893c5af
2025-11-04 13:02:34,399 - WARNING - Failed to index chunk_id: 5b507b98-4cdc-4ffb-857a-abdf405cdaea
2025-11-04 13:02:34,399 - WARNING - Failed to index chunk_id: fe8cf622-7624-413e-9018-cc416efdb88e
2025-11-04 13:02:34,399 - WARNING - Failed to index chunk_id: 0140c5dd-900a-4084-9dcc-584aa415ffbf
2025-11-04 13:02:34,399 - WARNING - Failed to index chunk_id: 1db9b47b-973a-453b-8029-2c381719b6f2
2025-11-04 13:02:34,399 - WARNING - Failed to index chunk_id: 0d679c99-8769-4b77-bb21-7a66ac0ee7b4
2025-11-04 13:02:34,476 - WARNING - Failed to index chunk_id: 34a72ab9-f079-4b13-9f2f-d1c212c958be
2025-11-04 13:02:34,476 - WARNING - Failed to index chunk_id: 9abc85bc-240f-4192-9c84-b41850c3ec9d
2025-11-04 13:02:34,476 - WARNING - Failed to index chunk_id: e809eccd-f533-4d98-864c-3138a1e2067c
2025-11-04 13:02:34,476 - WARNING - Failed to index chunk_id: f0aaa17c-4dc4-4821-bd4f-c11ae25ece85
2025-11-04 13:02:34,476 - WARNING - Failed to index chunk_id: 8fe564cd-2375-4e54-819b-94d9bb946f36
2025-11-04 13:02:34,476 - WARNING - Failed to index chunk_id: 6c1e672e-a648-4d47-be02-714d9ae06884
2025-11-04 13:02:34,476 - WARNING - Failed to index chunk_id: 7283841e-6096-4978-bfcd-8330e1966b4f
2025-11-04 13:02:34,476 - WARNING - Failed to index chunk_id: a9f48f26-0ce5-45ad-bdd7-86143f08b7c5
2025-11-04 13:02:34,476 - WARNING - Failed to index chunk_id: 5ab13a8b-7167-49f3-9742-22729427ba67
2025-11-04 13:02:34,476 - WARNING - Failed to index chunk_id: e2afce7a-2212-48af-80d8-c6d5e11dc90b
2025-11-04 13:02:34,476 - WARNING - Failed to index chunk_id: ef11c2c4-b7f7-4bd3-8d29-2d8c9b994570
2025-11-04 13:02:34,476 - WARNING - Failed to index chunk_id: 4887da29-797a-4962-b96d-da669d915a2a
2025-11-04 13:02:34,476 - WARNING - Failed to index chunk_id: 2bdf2e98-508d-4a93-b2fa-f1e3637ec7d5
2025-11-04 13:02:34,476 - WARNING - Failed to index chunk_id: 1ebbf44d-1bf5-4298-8fad-6d826eb02a22
2025-11-04 13:02:34,476 - WARNING - Failed to index chunk_id: f8ce9ee5-9b87-4efa-818e-9a8c19cee7e7
2025-11-04 13:02:34,476 - WARNING - Failed to index chunk_id: 5a4f8606-b213-447a-b36b-695e639b42f4
2025-11-04 13:02:34,476 - WARNING - Failed to index chunk_id: be5c60db-53d6-4be4-b466-84238832daec
2025-11-04 13:02:34,476 - WARNING - Failed to index chunk_id: c736a6b6-5db5-4749-97e6-28cf1e174efd
2025-11-04 13:02:34,476 - WARNING - Failed to index chunk_id: 37b7411c-82c3-413d-b46f-4ad7065fb787
2025-11-04 13:02:34,476 - WARNING - Failed to index chunk_id: 0e73b08e-c9a5-4768-b87f-faccc767418d
2025-11-04 13:02:34,476 - WARNING - Failed to index chunk_id: 01f09aa6-69b9-412d-87b7-0ee67bcc8d45
2025-11-04 13:02:34,476 - WARNING - Failed to index chunk_id: 1236f038-18a3-4d3d-a070-ec334ee55a43
2025-11-04 13:02:34,476 - WARNING - Failed to index chunk_id: 5fcf0d54-d59d-4c18-9527-b5b2cb3eb9b1
2025-11-04 13:02:34,476 - WARNING - Failed to index chunk_id: e1436883-a2a9-48ff-aa57-04f57784c5ab
2025-11-04 13:02:34,476 - WARNING - Failed to index chunk_id: be5dd6f8-db22-4ba4-b675-197a0e686bba
2025-11-04 13:02:34,476 - WARNING - Failed to index chunk_id: 60f31c60-db49-4e15-a78b-a470a97808ef
2025-11-04 13:02:34,476 - WARNING - Failed to index chunk_id: 1c5342ee-53fe-4e3f-ad51-b550380b36dd
2025-11-04 13:02:34,477 - WARNING - Failed to index chunk_id: 56ab3d43-b6f7-4f34-af06-493bde3d22f6
2025-11-04 13:02:34,477 - WARNING - Failed to index chunk_id: c6ba0623-8d86-48fc-88c1-51e1ee14f7a3
2025-11-04 13:02:34,477 - WARNING - Failed to index chunk_id: 9f7d6601-3d5d-4ffa-ab7c-c0405f250a0a
2025-11-04 13:02:34,477 - WARNING - Failed to index chunk_id: 4996d113-1550-45c7-b2ce-290c8584c513
2025-11-04 13:02:34,477 - WARNING - Failed to index chunk_id: 3b1d41a3-6394-4259-ab3f-65183b145c11
2025-11-04 13:02:34,477 - WARNING - Failed to index chunk_id: e0e81b5c-fd8b-4dc3-aeee-12ef1156807b
2025-11-04 13:02:34,477 - WARNING - Failed to index chunk_id: 8e488eb4-78ea-4ad8-ba9a-d073a420f75b
2025-11-04 13:02:34,477 - WARNING - Failed to index chunk_id: bf774ec4-6b0e-44d8-9b8a-d6fbc045da2a
2025-11-04 13:02:34,477 - WARNING - Failed to index chunk_id: ecd4c0fa-05e9-4eef-a480-a71af680105a
2025-11-04 13:02:34,477 - WARNING - Failed to index chunk_id: a4e7f97f-a522-4485-89e5-0c289535f495
2025-11-04 13:02:34,477 - WARNING - Failed to index chunk_id: 9943d309-02f2-445e-ae5b-9ae72b18bd24
2025-11-04 13:02:34,477 - WARNING - Failed to index chunk_id: 7f9614b0-b7e7-4894-967f-4f7f15c7f821
2025-11-04 13:02:34,477 - WARNING - Failed to index chunk_id: 326ba239-51b3-4647-81fb-00cb7f6febef
2025-11-04 13:02:34,477 - WARNING - Failed to index chunk_id: ffe03cf3-aad1-43e0-9d6b-32d4c51602f7
2025-11-04 13:02:34,477 - WARNING - Failed to index chunk_id: fdc741ed-f585-4907-a8a9-216935e09cfe
2025-11-04 13:02:34,477 - WARNING - Failed to index chunk_id: df3b6fce-cf8e-48cd-9b43-6d031fd6874a
2025-11-04 13:02:34,477 - WARNING - Failed to index chunk_id: 1b3ae141-0856-4ce2-ba87-f71388bd0d24
2025-11-04 13:02:34,477 - WARNING - Failed to index chunk_id: bed7f408-a3b3-4626-a077-0d1a7d999197
2025-11-04 13:02:34,477 - WARNING - Failed to index chunk_id: 8882605d-a7f7-454e-adf5-1a7b46d03a3b
2025-11-04 13:02:34,477 - WARNING - Failed to index chunk_id: 9b16ca60-f62f-4b97-8fb6-bd0fe5257655
2025-11-04 13:02:34,477 - WARNING - Failed to index chunk_id: 203dacdf-7c5d-48a7-b965-deaaaaf696fb
2025-11-04 13:02:34,477 - WARNING - Failed to index chunk_id: 944b463e-23c0-4817-a80a-219939081707
2025-11-04 13:02:34,477 - WARNING - Failed to index chunk_id: 1fe4f2b4-021e-47f7-ad78-ad22cc946e4f
2025-11-04 13:02:34,477 - WARNING - Failed to index chunk_id: 2e137793-2a99-487c-a72f-e67dc61bb94d
2025-11-04 13:02:34,477 - WARNING - Failed to index chunk_id: a7328c2f-5406-46d0-9d84-192cfce2804f
2025-11-04 13:02:34,477 - WARNING - Failed to index chunk_id: be03354b-a4de-4e5a-b196-c0617762780e
2025-11-04 13:02:34,477 - WARNING - Failed to index chunk_id: 7d93cfab-8d2d-4bc6-966a-4d89a2eabc2c
2025-11-04 13:02:34,477 - WARNING - Failed to index chunk_id: 6ecbd34d-d95b-4073-b775-c1391f5e3fab
2025-11-04 13:02:34,477 - WARNING - Failed to index chunk_id: 2b39f7a9-d3f0-4a15-99df-b6380e84df7e
2025-11-04 13:02:34,477 - WARNING - Failed to index chunk_id: f4a2ac22-2267-4713-a4a6-1cf4266e5477
2025-11-04 13:02:34,477 - WARNING - Failed to index chunk_id: abe665fb-4475-4346-81ac-8e0f32cf6c9d
2025-11-04 13:02:34,477 - WARNING - Failed to index chunk_id: f0c5f8d9-f7ee-4c4f-af5b-5693caac7cff
2025-11-04 13:02:34,477 - WARNING - Failed to index chunk_id: 3d2c1cf8-4c8f-41d5-8b0a-2577fc76724e
2025-11-04 13:02:34,477 - WARNING - Failed to index chunk_id: 17718792-bb45-4be8-80e3-45f686ef96f7
2025-11-04 13:02:34,477 - WARNING - Failed to index chunk_id: 40f2325c-732f-4d19-9a99-0fdba3ec5546
2025-11-04 13:02:34,477 - WARNING - Failed to index chunk_id: ae5339ea-999f-4d8a-abae-eab3e98daebd
2025-11-04 13:02:34,477 - WARNING - Failed to index chunk_id: a103325f-8394-4fea-a595-c0d65a86a7dc
2025-11-04 13:02:34,477 - WARNING - Failed to index chunk_id: 6233f2a6-99b9-4160-b3c9-85f5f85a1998
2025-11-04 13:02:34,477 - WARNING - Failed to index chunk_id: 171e735d-974b-4d59-85c3-759f13b9458b
2025-11-04 13:02:34,477 - WARNING - Failed to index chunk_id: 54cd8db4-9dff-442c-a6f2-361059eb5366
2025-11-04 13:02:34,477 - WARNING - Failed to index chunk_id: a619e5bc-9145-4ecc-9cb9-613ac2e5ee6b
2025-11-04 13:02:34,477 - WARNING - Failed to index chunk_id: 178adbbb-064d-4370-85cd-c12088c7a945
2025-11-04 13:02:34,477 - WARNING - Failed to index chunk_id: d665bea5-d894-415b-b63a-2ca0bdd0625f
2025-11-04 13:02:34,477 - WARNING - Failed to index chunk_id: 8600be85-95c6-40b3-905d-d316b245998e
2025-11-04 13:02:34,477 - WARNING - Failed to index chunk_id: 56698585-88c7-46b8-83e6-2570f241f878
2025-11-04 13:02:34,477 - WARNING - Failed to index chunk_id: 431eefc7-99ac-4da0-a907-c0eb8e3a4823
2025-11-04 13:02:34,477 - WARNING - Failed to index chunk_id: f80c0ca5-4c57-43dd-8b20-a42320d83d69
2025-11-04 13:02:34,477 - WARNING - Failed to index chunk_id: b24b7d2d-1b3d-402f-a0ca-014267e39955
2025-11-04 13:02:34,477 - WARNING - Failed to index chunk_id: dd6ed22a-90a9-43a8-9313-82914b7a6094
2025-11-04 13:02:34,477 - WARNING - Failed to index chunk_id: 8e654cf3-1743-4655-a5f9-75ee466b38a4
2025-11-04 13:02:34,477 - WARNING - Failed to index chunk_id: cd9e2e01-4e57-48b0-bd0d-e5a55f4f2368
2025-11-04 13:02:34,477 - WARNING - Failed to index chunk_id: cb6496c7-4b34-4f45-80dc-26670a2fec28
2025-11-04 13:02:34,477 - WARNING - Failed to index chunk_id: 58603bb6-8516-4a78-8aa9-3f398e4272f0
2025-11-04 13:02:34,477 - WARNING - Failed to index chunk_id: 1a2b0ba7-7dac-41cd-adef-8641966a1790
2025-11-04 13:02:34,477 - WARNING - Failed to index chunk_id: 8ece5323-6276-4dc1-a321-2467e257cb6c
2025-11-04 13:02:34,477 - WARNING - Failed to index chunk_id: 11d75d17-8dcf-4f7e-a55b-f6b11d140af8
2025-11-04 13:02:34,477 - WARNING - Failed to index chunk_id: 95972307-3b86-4260-98f4-78041fffa28d
2025-11-04 13:02:34,477 - WARNING - Failed to index chunk_id: 128e9643-b486-434c-8b10-fd3d8c029822
2025-11-04 13:02:34,477 - WARNING - Failed to index chunk_id: 01313cb2-9c66-4354-af77-e586ffbd49a3
2025-11-04 13:02:34,477 - WARNING - Failed to index chunk_id: 32333ccf-f238-4ae3-b5ff-2d4500f9b4f9
2025-11-04 13:02:34,477 - WARNING - Failed to index chunk_id: 30624e47-5de7-45ce-ac98-aa3971f62da9
2025-11-04 13:02:34,477 - WARNING - Failed to index chunk_id: 9f186723-eef6-402a-88b0-6409456ebdd0
2025-11-04 13:02:34,477 - WARNING - Failed to index chunk_id: 15a2ec2b-fd0b-4f0b-ab28-f8050d4d3bb0
2025-11-04 13:02:34,477 - WARNING - Failed to index chunk_id: 4ff379ae-d4f3-42a1-9605-a69d98e36f07
2025-11-04 13:02:34,477 - WARNING - Failed to index chunk_id: 9586546c-faee-403b-b271-fec9170cc803
2025-11-04 13:02:34,477 - WARNING - Failed to index chunk_id: 5852f5d4-595e-4254-baf3-0a66cfaef64e
2025-11-04 13:02:34,477 - WARNING - Failed to index chunk_id: acf1da3a-4aad-4a2d-881f-5e32130c75c0
2025-11-04 13:02:34,477 - WARNING - Failed to index chunk_id: 2ca9b6bd-e48e-471b-a553-e7f258e85b25
2025-11-04 13:02:34,477 - WARNING - Failed to index chunk_id: ba6e6525-320f-45ce-9623-ac17f0ee6b37
2025-11-04 13:02:34,477 - WARNING - Failed to index chunk_id: 31ac823b-4512-43d3-bdec-c7c252f654ea
2025-11-04 13:02:34,477 - WARNING - Failed to index chunk_id: aa4ac77e-9ad9-4867-a420-718d49bd8bde
2025-11-04 13:02:34,477 - WARNING - Failed to index chunk_id: b550e158-306d-42bb-b764-9ac9daa3bb0f
2025-11-04 13:02:34,477 - WARNING - Failed to index chunk_id: 90c4ec5b-26a1-494b-8544-2977074828d1
2025-11-04 13:02:34,550 - WARNING - Failed to index chunk_id: 02251695-08de-427d-b024-1fc37fe44b32
2025-11-04 13:02:34,550 - WARNING - Failed to index chunk_id: df37f3f8-4d39-4fbf-9d77-c972ad6cc48d
2025-11-04 13:02:34,550 - WARNING - Failed to index chunk_id: 43ebd83a-394c-413a-a7f0-78bb9dab9021
2025-11-04 13:02:34,550 - WARNING - Failed to index chunk_id: 844ecc73-09f4-4258-9bd9-8a182eb8f2ad
2025-11-04 13:02:34,550 - WARNING - Failed to index chunk_id: cfb02581-c7a2-4053-901f-e0715b50e8ad
2025-11-04 13:02:34,550 - WARNING - Failed to index chunk_id: 1916655c-93d4-446d-8023-807f792f3005
2025-11-04 13:02:34,550 - WARNING - Failed to index chunk_id: 518acf13-96f4-43db-b7c6-8a8c2edb9a3e
2025-11-04 13:02:34,550 - WARNING - Failed to index chunk_id: 3dd45ab1-fb87-4e66-8608-523ab6ee346f
2025-11-04 13:02:34,550 - WARNING - Failed to index chunk_id: 8a000352-2218-4451-9690-40627f863e0a
2025-11-04 13:02:34,550 - WARNING - Failed to index chunk_id: 11cb6aca-4cf4-49d3-95f0-d605f414f5f0
2025-11-04 13:02:34,550 - WARNING - Failed to index chunk_id: 5e38b35a-224f-4324-ac02-b684732a3a09
2025-11-04 13:02:34,550 - WARNING - Failed to index chunk_id: 5978469b-5f4d-4c2a-8766-5b09ac5f553d
2025-11-04 13:02:34,550 - WARNING - Failed to index chunk_id: e6a90bca-3c01-4c72-9e60-ed686c2f7fea
2025-11-04 13:02:34,550 - WARNING - Failed to index chunk_id: 182b7974-b2b6-4fc7-ae10-a863a7b7b0e2
2025-11-04 13:02:34,550 - WARNING - Failed to index chunk_id: 21cd8600-7e62-4493-928a-30b6d2214c4e
2025-11-04 13:02:34,550 - WARNING - Failed to index chunk_id: 8d49f442-324f-44ec-bb51-02a3981c6f0a
2025-11-04 13:02:34,550 - WARNING - Failed to index chunk_id: a036a42d-22a4-42a4-9cb1-2c5bda1d96ac
2025-11-04 13:02:34,550 - WARNING - Failed to index chunk_id: 718e6737-cc5b-466a-8675-4f8c108207e5
2025-11-04 13:02:34,550 - WARNING - Failed to index chunk_id: f0124cf2-b0f3-4e7e-b8b1-2565bddd7b7f
2025-11-04 13:02:34,550 - WARNING - Failed to index chunk_id: bd11efa9-7b9a-4c78-bcf7-9fbadbb6ab9d
2025-11-04 13:02:34,550 - WARNING - Failed to index chunk_id: ae1981ec-4fdc-4268-ab3e-8a712fdd5e2a
2025-11-04 13:02:34,550 - WARNING - Failed to index chunk_id: 5d79e118-2f17-4a82-a1d3-391567f5ef42
2025-11-04 13:02:34,550 - WARNING - Failed to index chunk_id: 4a50d978-5e5f-4f6b-954b-fd0050eb60de
2025-11-04 13:02:34,550 - WARNING - Failed to index chunk_id: d65e125d-cbc2-4d8a-b24e-23ae0138f861
2025-11-04 13:02:34,550 - WARNING - Failed to index chunk_id: 33f07cb0-b3c2-406a-a9e1-82b4efa59c33
2025-11-04 13:02:34,550 - WARNING - Failed to index chunk_id: ce9435ec-a14f-4d5b-9916-b12369fd55f8
2025-11-04 13:02:34,550 - WARNING - Failed to index chunk_id: cd57870d-a4c3-41c6-9b14-bc6803286468
2025-11-04 13:02:34,550 - WARNING - Failed to index chunk_id: d9c6148b-8017-4f73-b30e-fa3b1fe09b18
2025-11-04 13:02:34,550 - WARNING - Failed to index chunk_id: 8b3ba64f-96b9-41f5-8e7d-7257450a7dc6
2025-11-04 13:02:34,550 - WARNING - Failed to index chunk_id: f0d96fae-a3f5-4416-895c-0df9867f7aea
2025-11-04 13:02:34,550 - WARNING - Failed to index chunk_id: b692a8fc-9cc9-4b00-861c-a64e1ae36e08
2025-11-04 13:02:34,550 - WARNING - Failed to index chunk_id: 1b496df3-c853-474d-8f2e-4d2fc1edb6ef
2025-11-04 13:02:34,550 - WARNING - Failed to index chunk_id: f2a24046-25ed-42e9-9352-645f7ee21f81
2025-11-04 13:02:34,550 - WARNING - Failed to index chunk_id: 23ba1daf-03d3-4401-8a7c-92ac11cadb7d
2025-11-04 13:02:34,550 - WARNING - Failed to index chunk_id: 7b3117a7-0dfe-43dc-9b37-e4ad056ee81f
2025-11-04 13:02:34,550 - WARNING - Failed to index chunk_id: 37286b3e-1b68-43b1-b4d5-193aa5e33392
2025-11-04 13:02:34,550 - WARNING - Failed to index chunk_id: eb6a9116-c526-4a95-9938-50dd5b9d0d03
2025-11-04 13:02:34,550 - WARNING - Failed to index chunk_id: eb750932-c3f9-4b76-bee6-2a53e1b608be
2025-11-04 13:02:34,550 - WARNING - Failed to index chunk_id: 5adf0c59-ad96-4c16-80b5-a60b4cd27c6d
2025-11-04 13:02:34,550 - WARNING - Failed to index chunk_id: 8ddb2ba6-ee85-4392-b4ea-841122867e30
2025-11-04 13:02:34,550 - WARNING - Failed to index chunk_id: 28e3941a-7a18-4493-b519-959dcdc0e120
2025-11-04 13:02:34,550 - WARNING - Failed to index chunk_id: d92503ec-cf53-4f68-82cd-144e59fccddb
2025-11-04 13:02:34,550 - WARNING - Failed to index chunk_id: 69b2ad0a-670b-455a-a818-608a2c6b68a4
2025-11-04 13:02:34,550 - WARNING - Failed to index chunk_id: d3bb501a-8ca1-4a24-9ad1-0e05a7f19ca3
2025-11-04 13:02:34,550 - WARNING - Failed to index chunk_id: 26435cac-e792-40ba-a0a4-acb2364df5f0
2025-11-04 13:02:34,550 - WARNING - Failed to index chunk_id: 9bf220f4-b02e-459a-a3cd-4b0c58ffddfe
2025-11-04 13:02:34,550 - WARNING - Failed to index chunk_id: 8ef5409c-c4c9-4424-885a-faf8b32d568d
2025-11-04 13:02:34,550 - WARNING - Failed to index chunk_id: 332797e8-e334-4e58-8c29-ffb995d8af02
2025-11-04 13:02:34,550 - WARNING - Failed to index chunk_id: efca9d89-cbd7-44d2-bdb7-18db98037fe2
2025-11-04 13:02:34,550 - WARNING - Failed to index chunk_id: 24964e9c-62e7-4ed2-b035-1974ca724ae5
2025-11-04 13:02:34,551 - WARNING - Failed to index chunk_id: 19ba01ea-acae-4fa4-89e5-6c77b06eb189
2025-11-04 13:02:34,551 - WARNING - Failed to index chunk_id: 45a7ba31-d434-4b95-be17-20e8886ea81c
2025-11-04 13:02:34,551 - WARNING - Failed to index chunk_id: b9f1cbea-682d-4727-b35b-34ab48c5108e
2025-11-04 13:02:34,551 - WARNING - Failed to index chunk_id: a8475654-2aae-4c50-ad8b-d8bbaebaa387
2025-11-04 13:02:34,551 - WARNING - Failed to index chunk_id: 63b157f2-6cab-47ef-ac02-34f07a5109d0
2025-11-04 13:02:34,551 - WARNING - Failed to index chunk_id: 49650ae6-dc67-417a-bc0a-9a920b0b0f5e
2025-11-04 13:02:34,551 - WARNING - Failed to index chunk_id: ec06edf9-a34c-4796-a36f-59093574d3d2
2025-11-04 13:02:34,551 - WARNING - Failed to index chunk_id: fbadd968-fe43-47b9-8224-d0d8cfb4163c
2025-11-04 13:02:34,551 - WARNING - Failed to index chunk_id: 0d8c084d-16a9-49c0-bab7-43d96a34dc87
2025-11-04 13:02:34,551 - WARNING - Failed to index chunk_id: f4ac022a-6ec6-48bb-8609-4d3146e7142a
2025-11-04 13:02:34,551 - WARNING - Failed to index chunk_id: 74cde473-21eb-4e04-9a56-24c1f6665873
2025-11-04 13:02:34,551 - WARNING - Failed to index chunk_id: 50aaefec-5e4a-4cbc-81bb-ea442ed84a08
2025-11-04 13:02:34,551 - WARNING - Failed to index chunk_id: 310cc4ca-badd-4fb5-8b62-fcff5aea2ce4
2025-11-04 13:02:34,551 - WARNING - Failed to index chunk_id: 8b4a5a42-939b-4842-99d9-5843767f9cdd
2025-11-04 13:02:34,551 - WARNING - Failed to index chunk_id: be531ef1-3b9b-4f67-93e5-b92813da304a
2025-11-04 13:02:34,551 - WARNING - Failed to index chunk_id: 35e0e45b-4273-4ad3-8ddb-bf988c7e9723
2025-11-04 13:02:34,551 - WARNING - Failed to index chunk_id: a5fe6029-04a1-4117-b560-09a30d794ce1
2025-11-04 13:02:34,551 - WARNING - Failed to index chunk_id: 9c78e566-2b2a-4d03-9aff-7d01328b8429
2025-11-04 13:02:34,551 - WARNING - Failed to index chunk_id: ffaa45ba-9c28-4682-be6d-079c422a2dd6
2025-11-04 13:02:34,551 - WARNING - Failed to index chunk_id: 32515752-7576-40cd-a73d-b0cfb76184ee
2025-11-04 13:02:34,551 - WARNING - Failed to index chunk_id: e736e2da-437a-42bc-b757-fcf0fba4b03a
2025-11-04 13:02:34,551 - WARNING - Failed to index chunk_id: 4178f698-4ec0-4ccd-a730-1bc4a53c7690
2025-11-04 13:02:34,551 - WARNING - Failed to index chunk_id: c7eface6-f093-4954-9ee2-8e3108cebd00
2025-11-04 13:02:34,551 - WARNING - Failed to index chunk_id: 0c9fe2f4-fc39-409c-85af-e7d7f9f46fac
2025-11-04 13:02:34,551 - WARNING - Failed to index chunk_id: 76ebb8d9-25dd-4093-a7e6-2cdff1be4a9b
2025-11-04 13:02:34,551 - WARNING - Failed to index chunk_id: d782279c-5f34-440a-9405-0133c862f909
2025-11-04 13:02:34,551 - WARNING - Failed to index chunk_id: 15c8ac79-33d8-49ef-8094-bea1890e4f5b
2025-11-04 13:02:34,551 - WARNING - Failed to index chunk_id: a5acd6c2-d9d0-4c95-88f8-6860f8cc4687
2025-11-04 13:02:34,551 - WARNING - Failed to index chunk_id: 905e2cbc-972c-4453-ad04-4b764f62a3ce
2025-11-04 13:02:34,551 - WARNING - Failed to index chunk_id: 1a96f0b2-074a-41bf-ad05-72d30b5535c7
2025-11-04 13:02:34,551 - WARNING - Failed to index chunk_id: 88c92c51-dbc9-4423-b713-c1a9a56d4940
2025-11-04 13:02:34,551 - WARNING - Failed to index chunk_id: f27c8435-157c-46e3-b241-25eee1b8cd1c
2025-11-04 13:02:34,551 - WARNING - Failed to index chunk_id: f91928ad-4cfd-4225-b9af-82e14abf4958
2025-11-04 13:02:34,551 - WARNING - Failed to index chunk_id: 3cde9516-31f4-4f4f-9fdc-a5fb5d0fdd34
2025-11-04 13:02:34,551 - WARNING - Failed to index chunk_id: 4898f7a6-a18c-4801-bc4c-6edbe6339007
2025-11-04 13:02:34,551 - WARNING - Failed to index chunk_id: 3cb45470-5c73-4f99-a7ff-6aa80f63ac78
2025-11-04 13:02:34,551 - WARNING - Failed to index chunk_id: 44ea3dc6-746b-4717-9155-f662cdd1d3cc
2025-11-04 13:02:34,551 - WARNING - Failed to index chunk_id: 8af8ab77-c512-4d4a-89cd-2394a22958db
2025-11-04 13:02:34,551 - WARNING - Failed to index chunk_id: c7b137d6-24bb-49e5-a757-09e7605ac767
2025-11-04 13:02:34,551 - WARNING - Failed to index chunk_id: 20068cab-30bf-4279-8b51-081a22ddba05
2025-11-04 13:02:34,551 - WARNING - Failed to index chunk_id: 7cc1656f-3be9-4bae-ba4e-24b3d5c98cba
2025-11-04 13:02:34,551 - WARNING - Failed to index chunk_id: e6f49688-80f0-4eb3-9024-b98e1ee8fe17
2025-11-04 13:02:34,551 - WARNING - Failed to index chunk_id: 1ff9ed34-2db5-4779-8da5-8f555acab16e
2025-11-04 13:02:34,551 - WARNING - Failed to index chunk_id: f278217f-afae-47d2-ba26-2efd4010f6de
2025-11-04 13:02:34,551 - WARNING - Failed to index chunk_id: 74612cac-14b8-4f04-80eb-1277506e06ba
2025-11-04 13:02:34,551 - WARNING - Failed to index chunk_id: 6da7e2b2-4960-4d91-9f73-497bd2c12054
2025-11-04 13:02:34,551 - WARNING - Failed to index chunk_id: 48ed15e6-2015-465b-b707-b83e56956d44
2025-11-04 13:02:34,551 - WARNING - Failed to index chunk_id: 572e76f7-4757-4c89-bd01-96d85cda6b66
2025-11-04 13:02:34,551 - WARNING - Failed to index chunk_id: fe550341-4c59-412c-ad81-a730e4307d2d
2025-11-04 13:02:34,551 - WARNING - Failed to index chunk_id: 433b41cc-ffbd-4216-8f27-de585a572675
2025-11-04 13:02:34,626 - WARNING - Failed to index chunk_id: c70e8d86-38df-4b61-8e3b-d7eebc10461f
2025-11-04 13:02:34,626 - WARNING - Failed to index chunk_id: 4b6beedd-18d6-47ba-9e8b-ebd89cf88e3f
2025-11-04 13:02:34,626 - WARNING - Failed to index chunk_id: 775e5208-ea49-40bb-a6e8-e014cbe1f8ee
2025-11-04 13:02:34,626 - WARNING - Failed to index chunk_id: e551bb39-6dd8-4a05-b823-0f2600d7affe
2025-11-04 13:02:34,626 - WARNING - Failed to index chunk_id: e77c793a-fabe-4002-a2f3-cf8e5e4486d4
2025-11-04 13:02:34,626 - WARNING - Failed to index chunk_id: a99d42ed-c3ed-4d64-bcdc-b2b33ff644d7
2025-11-04 13:02:34,626 - WARNING - Failed to index chunk_id: 5dabefd6-28f7-4379-9ddf-992ac60be689
2025-11-04 13:02:34,626 - WARNING - Failed to index chunk_id: 34b490b3-6b89-4d9b-a300-a7ee34c72b5c
2025-11-04 13:02:34,626 - WARNING - Failed to index chunk_id: e38e3f37-e02b-4f29-b9e7-1e5a50940243
2025-11-04 13:02:34,626 - WARNING - Failed to index chunk_id: 2272a2eb-bfc0-423f-9da3-1365cc9c22cd
2025-11-04 13:02:34,626 - WARNING - Failed to index chunk_id: 44822e07-4199-492a-8563-1dd23d28c0f4
2025-11-04 13:02:34,626 - WARNING - Failed to index chunk_id: ca432038-2952-48cc-a8af-be027fb6c7e0
2025-11-04 13:02:34,626 - WARNING - Failed to index chunk_id: 81a74988-4885-4e51-b1d2-6417d9f1dfb3
2025-11-04 13:02:34,626 - WARNING - Failed to index chunk_id: 63710737-16e8-4fdd-8c48-909e77fe5139
2025-11-04 13:02:34,626 - WARNING - Failed to index chunk_id: f46ceb72-3372-46d3-8ad4-44afaff487c7
2025-11-04 13:02:34,626 - WARNING - Failed to index chunk_id: a28d495b-1591-4901-96ec-29380f0f3eed
2025-11-04 13:02:34,626 - WARNING - Failed to index chunk_id: 3bc8da59-dd2c-4876-9ca7-6d8e66e144e7
2025-11-04 13:02:34,626 - WARNING - Failed to index chunk_id: d1d883f6-64fc-4c81-9ee6-9d83d2c3ef24
2025-11-04 13:02:34,626 - WARNING - Failed to index chunk_id: 6d9924fc-ce20-4560-89a7-fcb5acce89f4
2025-11-04 13:02:34,626 - WARNING - Failed to index chunk_id: b76121a0-a01c-42ec-9066-8afaf68dc0ec
2025-11-04 13:02:34,626 - WARNING - Failed to index chunk_id: 7743ce43-7d2a-431c-a136-f93fab2c32af
2025-11-04 13:02:34,626 - WARNING - Failed to index chunk_id: 5050e848-ab65-4003-b1d9-de72df0cbabb
2025-11-04 13:02:34,626 - WARNING - Failed to index chunk_id: 7796cf3e-668e-4992-bb74-6bb4d7c648c8
2025-11-04 13:02:34,626 - WARNING - Failed to index chunk_id: dfe52518-f1a7-4e89-a1bf-86bd02cab334
2025-11-04 13:02:34,626 - WARNING - Failed to index chunk_id: d9e823b6-fb93-4f22-aecb-a0e7a0701a3a
2025-11-04 13:02:34,626 - WARNING - Failed to index chunk_id: cef3297c-bb9d-415d-872b-2fbd38a5c1ea
2025-11-04 13:02:34,626 - WARNING - Failed to index chunk_id: 396abefd-6dc3-45ec-9111-ca09e829eb3c
2025-11-04 13:02:34,626 - WARNING - Failed to index chunk_id: 3320bab7-291b-44be-86ef-705a020caeeb
2025-11-04 13:02:34,626 - WARNING - Failed to index chunk_id: 8f697783-b677-4667-9523-bab74d7a1b65
2025-11-04 13:02:34,626 - WARNING - Failed to index chunk_id: 33c32f90-9b51-4c2a-b534-f22bffcb27cc
2025-11-04 13:02:34,626 - WARNING - Failed to index chunk_id: ae1eb143-f3bc-4b9e-898d-281d9568f72b
2025-11-04 13:02:34,626 - WARNING - Failed to index chunk_id: 276b6e8f-1906-47f0-b98d-322c65998d39
2025-11-04 13:02:34,626 - WARNING - Failed to index chunk_id: 79dc13f3-3596-4e1e-b7c0-8dfcdbc54d7f
2025-11-04 13:02:34,626 - WARNING - Failed to index chunk_id: 49202205-6090-4d65-82d6-12db7a0fa39d
2025-11-04 13:02:34,626 - WARNING - Failed to index chunk_id: 8720dec3-1d7c-44f7-9fc4-57742921bda1
2025-11-04 13:02:34,626 - WARNING - Failed to index chunk_id: f1b2f9e9-7a60-4bd3-ab05-e2125da10c92
2025-11-04 13:02:34,626 - WARNING - Failed to index chunk_id: 719945fa-b033-480e-a690-16d19dbc5bf1
2025-11-04 13:02:34,626 - WARNING - Failed to index chunk_id: 1961fa90-f55d-4917-b067-2b9387637fa0
2025-11-04 13:02:34,626 - WARNING - Failed to index chunk_id: c4e60bbf-bdf5-42ca-a468-9f9f23811490
2025-11-04 13:02:34,626 - WARNING - Failed to index chunk_id: 2769ac34-125e-4a10-83d8-1ffbe6804b57
2025-11-04 13:02:34,626 - WARNING - Failed to index chunk_id: a1b5d7df-ba8c-4ce3-8df5-8a4855910fba
2025-11-04 13:02:34,626 - WARNING - Failed to index chunk_id: 9edb12b7-b8d5-4a99-ad64-fc18f4f54026
2025-11-04 13:02:34,626 - WARNING - Failed to index chunk_id: 47d89168-9968-4d5a-987e-d1b19e60a221
2025-11-04 13:02:34,626 - WARNING - Failed to index chunk_id: 3ed07391-83d6-4e08-a0ad-07e394440d1a
2025-11-04 13:02:34,626 - WARNING - Failed to index chunk_id: 7843daef-4e8e-4c4a-bcaa-03c4765d7405
2025-11-04 13:02:34,626 - WARNING - Failed to index chunk_id: e925dd9e-ae9f-423f-9d21-9cdd83a9af82
2025-11-04 13:02:34,626 - WARNING - Failed to index chunk_id: 0ad8c978-76c6-4c50-8076-bfd1c201fe5c
2025-11-04 13:02:34,626 - WARNING - Failed to index chunk_id: 42fbcdc1-d702-4210-833b-94fe36e06ab0
2025-11-04 13:02:34,626 - WARNING - Failed to index chunk_id: 52a5f50f-812a-466b-a161-86cc0034489f
2025-11-04 13:02:34,626 - WARNING - Failed to index chunk_id: d9fa63c2-a8de-4160-8590-59c9a7d17d5a
2025-11-04 13:02:34,626 - WARNING - Failed to index chunk_id: 7c08b4a4-5e0f-4452-b8ba-76114bcb5357
2025-11-04 13:02:34,626 - WARNING - Failed to index chunk_id: 661e6734-7366-482d-b15c-4a32c5725f78
2025-11-04 13:02:34,626 - WARNING - Failed to index chunk_id: 196d80d8-4f0c-46f8-821c-e89a25ce15e6
2025-11-04 13:02:34,626 - WARNING - Failed to index chunk_id: 6456201a-6f60-4baa-b6ea-3185cc700ad6
2025-11-04 13:02:34,626 - WARNING - Failed to index chunk_id: 77f12da7-7c0f-4a00-af8c-86c02467767b
2025-11-04 13:02:34,626 - WARNING - Failed to index chunk_id: 44bf4efe-f67d-4eac-abae-bba4a0474739
2025-11-04 13:02:34,626 - WARNING - Failed to index chunk_id: 75429844-7281-411d-9059-6b1e8f39cdf7
2025-11-04 13:02:34,626 - WARNING - Failed to index chunk_id: 9e56cfcb-9696-490e-aa14-dac68bf350e5
2025-11-04 13:02:34,626 - WARNING - Failed to index chunk_id: efe9ec37-25fa-41e5-82ae-c9944ec1d6cd
2025-11-04 13:02:34,626 - WARNING - Failed to index chunk_id: ed1d6781-6410-40bb-ad27-a29301a52297
2025-11-04 13:02:34,626 - WARNING - Failed to index chunk_id: c12c7400-6570-420e-b859-e763b60ff2ab
2025-11-04 13:02:34,626 - WARNING - Failed to index chunk_id: 5e771dab-00c9-421b-b8f4-b22ce86a136f
2025-11-04 13:02:34,626 - WARNING - Failed to index chunk_id: 3e24f062-9098-4ce9-aaf2-cfe2b506b432
2025-11-04 13:02:34,626 - WARNING - Failed to index chunk_id: be7796fc-5d7f-42f5-9283-5d4466c1a367
2025-11-04 13:02:34,626 - WARNING - Failed to index chunk_id: e1bafc14-8a63-4888-93d6-6c63cebc8dd5
2025-11-04 13:02:34,626 - WARNING - Failed to index chunk_id: 4fbb5e6d-f2bc-4616-93fe-6e61cd445c2c
2025-11-04 13:02:34,626 - WARNING - Failed to index chunk_id: 1f727bbe-d90b-437c-b61d-3fc52476cdd9
2025-11-04 13:02:34,626 - WARNING - Failed to index chunk_id: 7b5b0e3d-1a6f-4dfc-aa17-4cf97f755f5d
2025-11-04 13:02:34,626 - WARNING - Failed to index chunk_id: 0fdc352b-8d4c-413f-91ca-15a3eec3d6de
2025-11-04 13:02:34,626 - WARNING - Failed to index chunk_id: c6aae579-9aaa-4e02-a31b-55d7d3b59e45
2025-11-04 13:02:34,626 - WARNING - Failed to index chunk_id: 4e4ff16c-9d0e-46e8-b1da-3dd6c51625df
2025-11-04 13:02:34,626 - WARNING - Failed to index chunk_id: 97c998ee-d03b-48f7-8135-fca06cf5927c
2025-11-04 13:02:34,626 - WARNING - Failed to index chunk_id: 29de766b-a33a-415e-bfe5-337033405cf7
2025-11-04 13:02:34,626 - WARNING - Failed to index chunk_id: 6c7c6052-8302-4dac-b3b5-2cfe8767e006
2025-11-04 13:02:34,626 - WARNING - Failed to index chunk_id: 461c7a11-0ed6-4c64-ac17-fea698c9fcca
2025-11-04 13:02:34,626 - WARNING - Failed to index chunk_id: 1aa94148-1370-4c72-9a3b-0c2820a5d534
2025-11-04 13:02:34,626 - WARNING - Failed to index chunk_id: 2e44e111-6c73-49dd-9733-ba8a4b63567d
2025-11-04 13:02:34,626 - WARNING - Failed to index chunk_id: ea5c4466-c12c-4173-b014-3f262bb71752
2025-11-04 13:02:34,626 - WARNING - Failed to index chunk_id: 247f16f2-8986-42d8-8430-efa17878de0b
2025-11-04 13:02:34,626 - WARNING - Failed to index chunk_id: 338c1492-5b84-47a8-996a-c127d64b3269
2025-11-04 13:02:34,626 - WARNING - Failed to index chunk_id: 0297d1fd-cbfc-4784-9673-ffd20957654b
2025-11-04 13:02:34,626 - WARNING - Failed to index chunk_id: 97294cbe-2b0b-45b7-826b-8457e3c31853
2025-11-04 13:02:34,626 - WARNING - Failed to index chunk_id: 823beb7d-f6cc-4842-94fd-4a99fce159c8
2025-11-04 13:02:34,626 - WARNING - Failed to index chunk_id: 77bdae02-0265-47c3-b1a7-dce0aa261c46
2025-11-04 13:02:34,626 - WARNING - Failed to index chunk_id: b575d4ce-de47-4b15-acaf-8a49dead6dbe
2025-11-04 13:02:34,626 - WARNING - Failed to index chunk_id: 49c69aa5-e68c-4f9e-a1c9-c54cf51f9cf2
2025-11-04 13:02:34,626 - WARNING - Failed to index chunk_id: 7f04c2e5-205c-45cd-8174-e9cf3d1696dc
2025-11-04 13:02:34,626 - WARNING - Failed to index chunk_id: 279afcc2-ac73-4a7e-b572-318daa92074a
2025-11-04 13:02:34,626 - WARNING - Failed to index chunk_id: 90040f81-c427-4f3f-9e25-e09a7ef2d541
2025-11-04 13:02:34,626 - WARNING - Failed to index chunk_id: a5a8a177-29b6-45f0-90ad-64a8f3c93efe
2025-11-04 13:02:34,626 - WARNING - Failed to index chunk_id: c5054cf2-8081-4549-b0f0-8d8539e5d164
2025-11-04 13:02:34,626 - WARNING - Failed to index chunk_id: 66dbb14c-9021-42d0-b343-609231de0bd2
2025-11-04 13:02:34,626 - WARNING - Failed to index chunk_id: f7bcac2f-fbdf-4159-ac00-5ac7d61e9c00
2025-11-04 13:02:34,626 - WARNING - Failed to index chunk_id: 91476f45-2d01-4022-a3da-77ca74d79c4a
2025-11-04 13:02:34,626 - WARNING - Failed to index chunk_id: 72d4bca1-028b-4bf5-8238-6ecd660094a4
2025-11-04 13:02:34,626 - WARNING - Failed to index chunk_id: e6bc62e4-87e5-417c-a0a1-a24d072d2924
2025-11-04 13:02:34,626 - WARNING - Failed to index chunk_id: 6d0a7adc-a656-431b-ab07-0900e5f4c153
2025-11-04 13:02:34,626 - WARNING - Failed to index chunk_id: 58b6bc94-1e4c-4a80-aa67-11cc2807c836
2025-11-04 13:02:34,626 - WARNING - Failed to index chunk_id: fbac0a09-3ea7-40e6-b901-76966c6cb749
2025-11-04 13:02:34,626 - WARNING - Failed to index chunk_id: 0a662ff5-caab-408a-862f-1ea03736f2bc
2025-11-04 13:02:34,698 - WARNING - Failed to index chunk_id: d425d045-446b-41ea-b9b0-937b3bdf7f93
2025-11-04 13:02:34,698 - WARNING - Failed to index chunk_id: 6022c77b-95a7-43db-a357-b2f1f85e2dfc
2025-11-04 13:02:34,698 - WARNING - Failed to index chunk_id: 8f6b0a37-cd6a-4975-8334-8087174d802e
2025-11-04 13:02:34,698 - WARNING - Failed to index chunk_id: ecf1aa9a-836d-41fe-b7f2-9be000d7a714
2025-11-04 13:02:34,698 - WARNING - Failed to index chunk_id: 8558cd53-7865-4f9c-b898-3a8c034156a8
2025-11-04 13:02:34,698 - WARNING - Failed to index chunk_id: cf46acea-feca-40a5-8e30-5ca770fb4b21
2025-11-04 13:02:34,698 - WARNING - Failed to index chunk_id: 34189151-252e-4111-98aa-26282fb9a63b
2025-11-04 13:02:34,698 - WARNING - Failed to index chunk_id: 4d9581fa-3b33-4711-8c97-121708082e57
2025-11-04 13:02:34,698 - WARNING - Failed to index chunk_id: 76e69727-b235-46f6-9657-d4d80de616c0
2025-11-04 13:02:34,698 - WARNING - Failed to index chunk_id: ea4b2064-18ca-4b6b-955f-a9614f8959b8
2025-11-04 13:02:34,698 - WARNING - Failed to index chunk_id: c8fecec7-a8b1-46a4-bce9-6c7ff8b9a47e
2025-11-04 13:02:34,698 - WARNING - Failed to index chunk_id: 27692088-0167-4f86-9137-0660e9f7d47f
2025-11-04 13:02:34,698 - WARNING - Failed to index chunk_id: 2fc4bdf2-dcbe-4a8b-a5bc-221128ae5c97
2025-11-04 13:02:34,698 - WARNING - Failed to index chunk_id: 10d0044e-f650-4cb3-a5bb-4838310ebea6
2025-11-04 13:02:34,698 - WARNING - Failed to index chunk_id: 51d6cf40-2443-46c6-b199-b2cf0cfe2b84
2025-11-04 13:02:34,698 - WARNING - Failed to index chunk_id: 6e9a854d-8c7d-4220-8b41-6427e701f106
2025-11-04 13:02:34,698 - WARNING - Failed to index chunk_id: c4f0e0ad-502b-45b0-ac86-c4c5aeb3c40a
2025-11-04 13:02:34,698 - WARNING - Failed to index chunk_id: 451cd184-8ca6-4484-b0ff-5f9045e81016
2025-11-04 13:02:34,698 - WARNING - Failed to index chunk_id: e33b40e8-196e-45b1-9ac4-223cbe2048a1
2025-11-04 13:02:34,698 - WARNING - Failed to index chunk_id: 6d65e030-7f4e-400a-a296-b9ee0da7c0bc
2025-11-04 13:02:34,698 - WARNING - Failed to index chunk_id: 17e3fc9f-d2ad-4349-9899-fd35113112d3
2025-11-04 13:02:34,698 - WARNING - Failed to index chunk_id: 34d7a482-f6ef-457e-9fcc-a31f17d8c7bf
2025-11-04 13:02:34,698 - WARNING - Failed to index chunk_id: d1e4ea58-0479-4290-ad8b-d78d678b2798
2025-11-04 13:02:34,698 - WARNING - Failed to index chunk_id: e8ea8498-acb9-4024-8261-2fb90f2c8285
2025-11-04 13:02:34,698 - WARNING - Failed to index chunk_id: 14300533-1ee5-4bb5-9f6b-1040e433fde3
2025-11-04 13:02:34,698 - WARNING - Failed to index chunk_id: 7ea25925-34a2-47fe-8d28-4707554c50ea
2025-11-04 13:02:34,698 - WARNING - Failed to index chunk_id: 981090a0-780d-42b1-b641-c62206f6d30d
2025-11-04 13:02:34,698 - WARNING - Failed to index chunk_id: 5a88a577-1179-4a86-a15f-4760ccd12146
2025-11-04 13:02:34,698 - WARNING - Failed to index chunk_id: 3501d0d4-5fa6-4587-99e7-d47cc3ee9726
2025-11-04 13:02:34,698 - WARNING - Failed to index chunk_id: 7f19c540-2682-40a0-9a73-bae0e1b7b26f
2025-11-04 13:02:34,698 - WARNING - Failed to index chunk_id: c2a160f5-fb58-4293-95fe-56c997e8b19d
2025-11-04 13:02:34,698 - WARNING - Failed to index chunk_id: b9cf819d-eae1-4b60-aa22-5f8433d35d53
2025-11-04 13:02:34,698 - WARNING - Failed to index chunk_id: cfe81993-02c3-4b1f-a8d7-16193785dcef
2025-11-04 13:02:34,698 - WARNING - Failed to index chunk_id: 57ad02dc-fd32-46dd-9f67-74c1f840e2a0
2025-11-04 13:02:34,698 - WARNING - Failed to index chunk_id: ac339db0-a499-4b27-8a32-15f756fff0fb
2025-11-04 13:02:34,698 - WARNING - Failed to index chunk_id: 402312a1-a145-447f-90bb-012a2b0b7a77
2025-11-04 13:02:34,698 - WARNING - Failed to index chunk_id: 5eeaab8a-0e9b-4571-86c1-34900026a5d2
2025-11-04 13:02:34,698 - WARNING - Failed to index chunk_id: 16edd391-a829-4cba-9fb9-6a417f9ec545
2025-11-04 13:02:34,698 - WARNING - Failed to index chunk_id: 003d8e15-2725-41b7-afc2-0902e0890a2b
2025-11-04 13:02:34,698 - WARNING - Failed to index chunk_id: 5829dc8e-cb70-4cad-afc4-5d2e937ff8c9
2025-11-04 13:02:34,698 - WARNING - Failed to index chunk_id: 658881e5-052b-455b-90b7-e19345b8cee6
2025-11-04 13:02:34,698 - WARNING - Failed to index chunk_id: 3275f9c5-983f-452f-a247-40f7725780f8
2025-11-04 13:02:34,698 - WARNING - Failed to index chunk_id: ace42429-2f37-426f-ad8c-f3f4032977bf
2025-11-04 13:02:34,698 - WARNING - Failed to index chunk_id: 3253c0ea-4069-4dbd-b876-397056d78c8a
2025-11-04 13:02:34,698 - WARNING - Failed to index chunk_id: 979b8dcb-b2a1-461d-86a5-7e992bc011fb
2025-11-04 13:02:34,698 - WARNING - Failed to index chunk_id: 062d1963-b8cc-4a34-ac75-cc1b0c3e6c0d
2025-11-04 13:02:34,698 - WARNING - Failed to index chunk_id: 6ca7040a-b996-4d6d-8dde-d33a1259cdef
2025-11-04 13:02:34,698 - WARNING - Failed to index chunk_id: f5018c5e-f42a-4636-a8db-33d7998de118
2025-11-04 13:02:34,698 - WARNING - Failed to index chunk_id: c5a2eb17-82ec-4c54-8920-82d12a60a967
2025-11-04 13:02:34,698 - WARNING - Failed to index chunk_id: 07d4d4a4-a7a6-4c25-8ced-9992086cafd6
2025-11-04 13:02:34,698 - WARNING - Failed to index chunk_id: fd5af1ce-3528-42a3-afeb-ab6eb52dd5b6
2025-11-04 13:02:34,698 - WARNING - Failed to index chunk_id: 4c1b0295-c650-4e52-9f60-9ad4361423fb
2025-11-04 13:02:34,698 - WARNING - Failed to index chunk_id: 9b2780bf-b082-4ab0-a0dc-160696972db2
2025-11-04 13:02:34,698 - WARNING - Failed to index chunk_id: 5e0532f6-9302-4071-ba7b-cb19d8a4ac83
2025-11-04 13:02:34,698 - WARNING - Failed to index chunk_id: 50da7922-f217-48d6-8506-ae33f9dc8903
2025-11-04 13:02:34,698 - WARNING - Failed to index chunk_id: 520d45f0-b8ae-4cee-82f2-77972d603191
2025-11-04 13:02:34,698 - WARNING - Failed to index chunk_id: 7195109c-8a57-453f-bce8-8618be23bef7
2025-11-04 13:02:34,698 - WARNING - Failed to index chunk_id: 66ed9cf0-e8c5-48bf-a816-099dbc6123fa
2025-11-04 13:02:34,698 - WARNING - Failed to index chunk_id: 6deab11a-0166-4ecb-b41d-36887fc07c49
2025-11-04 13:02:34,698 - WARNING - Failed to index chunk_id: 32552975-88ba-4851-8045-478d91bc0c0e
2025-11-04 13:02:34,698 - WARNING - Failed to index chunk_id: cb10ae60-a7e5-4171-a552-9eed0d0e4136
2025-11-04 13:02:34,698 - WARNING - Failed to index chunk_id: 9412a09d-5cb4-4feb-9ecd-613f78ab4d18
2025-11-04 13:02:34,698 - WARNING - Failed to index chunk_id: a6bef825-e5d4-4bb1-bf81-ec57e0a9d922
2025-11-04 13:02:34,698 - WARNING - Failed to index chunk_id: 230dc0ad-82ce-4027-83fa-5109d17f8098
2025-11-04 13:02:34,699 - WARNING - Failed to index chunk_id: 7de5c12e-3bc8-4228-a6fe-cc4aaced6046
2025-11-04 13:02:34,699 - WARNING - Failed to index chunk_id: 7ce53819-8abb-4d54-a062-71df2c2b10a5
2025-11-04 13:02:34,699 - WARNING - Failed to index chunk_id: 60fe6df2-f24e-49fb-9b44-88d3e207d8f6
2025-11-04 13:02:34,699 - WARNING - Failed to index chunk_id: 2b79e6f9-8491-480b-b2f4-446b422ac205
2025-11-04 13:02:34,699 - WARNING - Failed to index chunk_id: 75263c4d-a69d-4e46-bb4a-0c7e9a1ec9c0
2025-11-04 13:02:34,699 - WARNING - Failed to index chunk_id: a4358aab-2c6c-4864-a6de-7bf46a2086be
2025-11-04 13:02:34,699 - WARNING - Failed to index chunk_id: 3066ba58-3bae-4387-9a01-f8a98e5664fb
2025-11-04 13:02:34,699 - WARNING - Failed to index chunk_id: d4e61ef9-825e-433d-8547-c623f464da3d
2025-11-04 13:02:34,699 - WARNING - Failed to index chunk_id: abf6e889-f95d-49db-8485-dad38cefa8cf
2025-11-04 13:02:34,699 - WARNING - Failed to index chunk_id: e6d396f8-fded-4fc6-9848-6f26c384f378
2025-11-04 13:02:34,699 - WARNING - Failed to index chunk_id: 967a2f89-6d7d-425a-a1af-a05a1e454394
2025-11-04 13:02:34,699 - WARNING - Failed to index chunk_id: 0b153f83-ce13-4f30-933c-8e7e2132304d
2025-11-04 13:02:34,699 - WARNING - Failed to index chunk_id: f0fddd5b-7b50-4526-be2a-3bd91d4b849e
2025-11-04 13:02:34,699 - WARNING - Failed to index chunk_id: 26041d77-56d6-4960-8673-9950091810fc
2025-11-04 13:02:34,699 - WARNING - Failed to index chunk_id: e075a3c5-6f12-4db8-83be-91b6a76503f1
2025-11-04 13:02:34,699 - WARNING - Failed to index chunk_id: 12fc3652-2154-4cd2-bab1-01550dfb4b08
2025-11-04 13:02:34,699 - WARNING - Failed to index chunk_id: 21335282-88b2-40c9-b0b5-9488a71c504b
2025-11-04 13:02:34,699 - WARNING - Failed to index chunk_id: 9ad27519-f6bb-47c5-8ab9-5ec8017e13d1
2025-11-04 13:02:34,699 - WARNING - Failed to index chunk_id: d9397e29-c641-43cb-8939-44f386cd43b1
2025-11-04 13:02:34,699 - WARNING - Failed to index chunk_id: 3034ed26-a917-442f-9dae-7aed33960311
2025-11-04 13:02:34,699 - WARNING - Failed to index chunk_id: 2372caac-f280-4f98-9c8a-185985d855f3
2025-11-04 13:02:34,699 - WARNING - Failed to index chunk_id: ed23d3f2-4058-4643-a0c3-c8bd9e58f9a0
2025-11-04 13:02:34,699 - WARNING - Failed to index chunk_id: 2c38d9ee-ed60-4f72-8a3d-e3f183358510
2025-11-04 13:02:34,699 - WARNING - Failed to index chunk_id: dfef914f-560d-4bcd-88a4-80f3c7a7daca
2025-11-04 13:02:34,699 - WARNING - Failed to index chunk_id: d0b86469-bd96-41ae-9e1a-8042af18d0db
2025-11-04 13:02:34,699 - WARNING - Failed to index chunk_id: 82400f82-801c-44cb-914b-117c3465461a
2025-11-04 13:02:34,699 - WARNING - Failed to index chunk_id: d2f41bde-497a-4707-83fc-385e59c3bdaf
2025-11-04 13:02:34,699 - WARNING - Failed to index chunk_id: 4ad229b5-9f51-424d-88dc-b7096d892b1d
2025-11-04 13:02:34,699 - WARNING - Failed to index chunk_id: d433968f-d9fa-45e8-97cd-30538128ae0e
2025-11-04 13:02:34,699 - WARNING - Failed to index chunk_id: 99bd7814-49b5-4176-a741-83ae5e34a286
2025-11-04 13:02:34,699 - WARNING - Failed to index chunk_id: 73155db3-2933-435b-91d7-8e8cfd0b24b4
2025-11-04 13:02:34,699 - WARNING - Failed to index chunk_id: 6c54cd53-cec4-4474-8279-606fa9325789
2025-11-04 13:02:34,699 - WARNING - Failed to index chunk_id: 7e249e89-7ffb-4595-b79c-566e583baab9
2025-11-04 13:02:34,699 - WARNING - Failed to index chunk_id: 946d8c76-39ea-4a60-a74e-c2efb5e6e8fa
2025-11-04 13:02:34,699 - WARNING - Failed to index chunk_id: 88d76cdd-b8bc-49e9-a890-9fb7d87edfd5
2025-11-04 13:02:34,699 - WARNING - Failed to index chunk_id: 685a15b8-32c9-4963-b3fc-6e7597529793
2025-11-04 13:02:34,771 - WARNING - Failed to index chunk_id: 9a0b71d2-592e-4018-9ec6-7dbfba9d2054
2025-11-04 13:02:34,771 - WARNING - Failed to index chunk_id: 73cdebab-82bc-4d18-9f1f-4740fd297055
2025-11-04 13:02:34,771 - WARNING - Failed to index chunk_id: de0bee79-f57c-49bf-96b5-a66785df8e0b
2025-11-04 13:02:34,771 - WARNING - Failed to index chunk_id: 2bdb3953-76af-4b08-b9eb-ab5dd8d1bfc4
2025-11-04 13:02:34,771 - WARNING - Failed to index chunk_id: bb513921-ed08-491f-aafa-c089a249773d
2025-11-04 13:02:34,771 - WARNING - Failed to index chunk_id: e21e5fff-d556-4108-ac18-ad1502a3aa6c
2025-11-04 13:02:34,771 - WARNING - Failed to index chunk_id: 6646215f-ce68-45e7-a74e-608ebc149d18
2025-11-04 13:02:34,771 - WARNING - Failed to index chunk_id: 7de8359c-02a8-429b-be0e-3995a4e63f2d
2025-11-04 13:02:34,771 - WARNING - Failed to index chunk_id: 32e3620c-b405-43d6-8eea-5960081a3641
2025-11-04 13:02:34,771 - WARNING - Failed to index chunk_id: 85502372-f47e-4057-9353-7fffad46231b
2025-11-04 13:02:34,771 - WARNING - Failed to index chunk_id: 7de780d9-277a-4695-b751-a0a36036148c
2025-11-04 13:02:34,771 - WARNING - Failed to index chunk_id: 03a9ec64-0a8e-46cd-bdbc-b646eec1cd85
2025-11-04 13:02:34,771 - WARNING - Failed to index chunk_id: 0bb00fa8-265e-4deb-8f68-54b54d61311b
2025-11-04 13:02:34,771 - WARNING - Failed to index chunk_id: 6170ae3e-0db3-4aff-b3ca-ef6d18e2f0c9
2025-11-04 13:02:34,771 - WARNING - Failed to index chunk_id: fe3770de-a4c8-450f-9baa-c062e5d2edb4
2025-11-04 13:02:34,771 - WARNING - Failed to index chunk_id: 9be94d08-c8e0-419e-af07-92202022405a
2025-11-04 13:02:34,771 - WARNING - Failed to index chunk_id: 532b69be-9131-442f-a50e-c0fcc24e12c3
2025-11-04 13:02:34,771 - WARNING - Failed to index chunk_id: dfd47522-2f54-4b15-9f9f-8b8ec67775d3
2025-11-04 13:02:34,771 - WARNING - Failed to index chunk_id: acebd26e-e2b9-4340-ab63-9d5ed4e3d45e
2025-11-04 13:02:34,771 - WARNING - Failed to index chunk_id: 0ffee4de-383d-48b7-b21a-99520f535ea2
2025-11-04 13:02:34,771 - WARNING - Failed to index chunk_id: 95de579b-d7dc-4c57-aa99-4f0c9cc6c822
2025-11-04 13:02:34,771 - WARNING - Failed to index chunk_id: e8beccda-ac10-4acb-a367-0ee9587193f7
2025-11-04 13:02:34,771 - WARNING - Failed to index chunk_id: 5bee5ca0-c01c-45ad-9f49-daba3c7dc8b3
2025-11-04 13:02:34,771 - WARNING - Failed to index chunk_id: fd883e48-c595-4cc7-90e1-2feda81f0b2a
2025-11-04 13:02:34,771 - WARNING - Failed to index chunk_id: 9e13b0f3-21d3-441e-87e1-482d7b95fed0
2025-11-04 13:02:34,771 - WARNING - Failed to index chunk_id: c67afe91-c946-4418-a67c-72560ff366de
2025-11-04 13:02:34,771 - WARNING - Failed to index chunk_id: 7c3c4b97-e802-4952-8e87-2b312ce4bd7b
2025-11-04 13:02:34,771 - WARNING - Failed to index chunk_id: 9d020229-db31-43d8-89f3-0e828f6d55c0
2025-11-04 13:02:34,771 - WARNING - Failed to index chunk_id: 61f59337-f090-4fe7-ab63-003bb519db50
2025-11-04 13:02:34,771 - WARNING - Failed to index chunk_id: 5914698e-8470-4ef9-b161-c19db25b0d44
2025-11-04 13:02:34,771 - WARNING - Failed to index chunk_id: f34bda0d-4b89-4969-b1c7-0794311c7e73
2025-11-04 13:02:34,771 - WARNING - Failed to index chunk_id: dadc5b84-be5d-4160-a931-eb756b4d8974
2025-11-04 13:02:34,771 - WARNING - Failed to index chunk_id: f8653754-7be5-4cda-b4e6-4d3cd5cc6832
2025-11-04 13:02:34,771 - WARNING - Failed to index chunk_id: 7e1a30b4-c5f9-40a1-a80b-18323605cfd2
2025-11-04 13:02:34,771 - WARNING - Failed to index chunk_id: b7a7ba8e-a177-48d7-baca-51426d5ad53d
2025-11-04 13:02:34,771 - WARNING - Failed to index chunk_id: 788a9100-9604-4c4e-ac3f-4df89c5eb4b4
2025-11-04 13:02:34,771 - WARNING - Failed to index chunk_id: 38c5de2e-c4b4-48b0-a0e9-8b46fc061ad5
2025-11-04 13:02:34,771 - WARNING - Failed to index chunk_id: 7d8dc83b-6b0d-4f26-b5dd-8089378d1d2c
2025-11-04 13:02:34,771 - WARNING - Failed to index chunk_id: 1e44f4fc-c840-4c7d-a607-651420f19518
2025-11-04 13:02:34,771 - WARNING - Failed to index chunk_id: ad329f1d-6826-45bd-8461-8261949a658e
2025-11-04 13:02:34,771 - WARNING - Failed to index chunk_id: 086c076a-1a1b-4ffd-81c0-1cc13ae66918
2025-11-04 13:02:34,771 - WARNING - Failed to index chunk_id: 19ce5711-657c-4e39-9a67-2c73c1d37e9f
2025-11-04 13:02:34,771 - WARNING - Failed to index chunk_id: f5499367-72be-46b4-b52a-6356ff8d0460
2025-11-04 13:02:34,771 - WARNING - Failed to index chunk_id: 4f0ca78e-c78b-4262-bd2c-566f1a46cc25
2025-11-04 13:02:34,771 - WARNING - Failed to index chunk_id: 940134ce-0249-4cbb-8805-0c08df01b04b
2025-11-04 13:02:34,771 - WARNING - Failed to index chunk_id: d1890338-29c8-447a-a12b-0ddded7720b3
2025-11-04 13:02:34,771 - WARNING - Failed to index chunk_id: a3cfe28e-27e6-41fb-ab61-ba7e20ec2144
2025-11-04 13:02:34,772 - WARNING - Failed to index chunk_id: 04b7872b-9bc7-4b7c-9235-791bdfc0b650
2025-11-04 13:02:34,772 - WARNING - Failed to index chunk_id: 3b8c409e-0a04-4435-bab8-31baf29b9a1f
2025-11-04 13:02:34,772 - WARNING - Failed to index chunk_id: 0ac43be2-d838-4a8c-b478-4e23a71ef641
2025-11-04 13:02:34,772 - WARNING - Failed to index chunk_id: 16558a81-e711-4b1e-9e9f-169021e8172f
2025-11-04 13:02:34,772 - WARNING - Failed to index chunk_id: 8dad82db-0221-4575-af36-79269e05616c
2025-11-04 13:02:34,772 - WARNING - Failed to index chunk_id: 79ac3085-7511-474f-afee-2cbca49bdd1d
2025-11-04 13:02:34,772 - WARNING - Failed to index chunk_id: 00a10638-1fcf-4785-8724-7de410c41794
2025-11-04 13:02:34,772 - WARNING - Failed to index chunk_id: a8015717-fc53-400d-b58b-fa7c4a83f770
2025-11-04 13:02:34,772 - WARNING - Failed to index chunk_id: 9f485bd0-b895-4dc4-840e-98021d879eb6
2025-11-04 13:02:34,772 - WARNING - Failed to index chunk_id: 54021bc0-d26d-4c2f-958e-a4a93d2f9b4b
2025-11-04 13:02:34,772 - WARNING - Failed to index chunk_id: 0444dc6c-2134-459d-be7b-bdeeae9662e1
2025-11-04 13:02:34,772 - WARNING - Failed to index chunk_id: 9f0ea35a-bfb6-4f21-9494-53fde880ad2a
2025-11-04 13:02:34,772 - WARNING - Failed to index chunk_id: 3d3dd348-ab73-4db6-96c8-f3476b78f19e
2025-11-04 13:02:34,772 - WARNING - Failed to index chunk_id: 63509731-5256-41f0-9c61-5bc65404d8a3
2025-11-04 13:02:34,772 - WARNING - Failed to index chunk_id: 96363339-278a-4809-923f-70b92f2a7508
2025-11-04 13:02:34,772 - WARNING - Failed to index chunk_id: 6de146ce-6f67-4554-97bb-0847763127db
2025-11-04 13:02:34,772 - WARNING - Failed to index chunk_id: 18c637ea-33cd-451c-a1bc-8fe55c4bc227
2025-11-04 13:02:34,772 - WARNING - Failed to index chunk_id: 0fecb8a0-6c9f-4a02-a365-963afe1545a2
2025-11-04 13:02:34,772 - WARNING - Failed to index chunk_id: 8fed4cd8-c4a4-47ca-bd9b-504aedba7d12
2025-11-04 13:02:34,772 - WARNING - Failed to index chunk_id: 5749be4c-d87d-4f96-bdb5-5951e24222a8
2025-11-04 13:02:34,772 - WARNING - Failed to index chunk_id: fd092248-db5c-4aa6-8b9f-cf0fac392cbc
2025-11-04 13:02:34,772 - WARNING - Failed to index chunk_id: cd3b7f78-1a47-4c4b-8b13-400babd06a2c
2025-11-04 13:02:34,772 - WARNING - Failed to index chunk_id: c8d934c8-0031-4d25-8e7e-191ecec9b3b6
2025-11-04 13:02:34,772 - WARNING - Failed to index chunk_id: 834d1a4e-55e3-47a9-aeae-4e2e9bd3240c
2025-11-04 13:02:34,772 - WARNING - Failed to index chunk_id: ac9d5fd0-edce-4a69-8a9a-408bc88384ff
2025-11-04 13:02:34,772 - WARNING - Failed to index chunk_id: cf14e8ef-0592-44b5-8b9b-f0781d53f011
2025-11-04 13:02:34,772 - WARNING - Failed to index chunk_id: 68def9b3-66c4-4521-b3c2-ddb0ac8f6710
2025-11-04 13:02:34,772 - WARNING - Failed to index chunk_id: 0d44279f-1a7a-4f9b-97d9-9a918e2697a9
2025-11-04 13:02:34,772 - WARNING - Failed to index chunk_id: 09b215d2-99bc-4e4f-8d4f-ca420eafedb2
2025-11-04 13:02:34,772 - WARNING - Failed to index chunk_id: a3d4387d-742b-49c7-ad04-9f3796464923
2025-11-04 13:02:34,772 - WARNING - Failed to index chunk_id: 9e0c5445-2633-40b0-a34a-5ee4b73e868c
2025-11-04 13:02:34,772 - WARNING - Failed to index chunk_id: 43a5039b-7ffb-4b7a-9bfd-2fde984fa733
2025-11-04 13:02:34,772 - WARNING - Failed to index chunk_id: 026b0436-a2ff-4c18-b3fd-71601fa28d85
2025-11-04 13:02:34,772 - WARNING - Failed to index chunk_id: d1518b00-af70-4735-a61f-1378e49c597e
2025-11-04 13:02:34,772 - WARNING - Failed to index chunk_id: 4bbdb010-39b2-43b7-ba20-08081aad92ab
2025-11-04 13:02:34,772 - WARNING - Failed to index chunk_id: 122ce283-700d-4250-a79f-3b9702fd1e2e
2025-11-04 13:02:34,772 - WARNING - Failed to index chunk_id: a11d2bfd-7eb1-4f6f-9db2-b4190774175b
2025-11-04 13:02:34,772 - WARNING - Failed to index chunk_id: d8b59014-6b35-4aa9-873f-5a8edae5f9b6
2025-11-04 13:02:34,772 - WARNING - Failed to index chunk_id: b42ce87a-b3bf-4372-91e4-2681758ba992
2025-11-04 13:02:34,772 - WARNING - Failed to index chunk_id: 4d463c2b-6e4c-43c8-83b7-59afa61204c8
2025-11-04 13:02:34,772 - WARNING - Failed to index chunk_id: 5951bba5-2d00-4fe9-ab6b-852e171eabbc
2025-11-04 13:02:34,772 - WARNING - Failed to index chunk_id: 57a6f9aa-5a40-416d-82de-df295bb26e44
2025-11-04 13:02:34,772 - WARNING - Failed to index chunk_id: b9c79a2f-81e9-4e55-a6b7-52f6120f0a67
2025-11-04 13:02:34,772 - WARNING - Failed to index chunk_id: 344875be-c828-4e0e-99b1-5a1109681ebc
2025-11-04 13:02:34,772 - WARNING - Failed to index chunk_id: 1d96e99a-5a36-4a2e-85bf-69e3cb429888
2025-11-04 13:02:34,772 - WARNING - Failed to index chunk_id: 0343ddc4-f2ea-4930-9f63-8eef3e1af913
2025-11-04 13:02:34,772 - WARNING - Failed to index chunk_id: fe5b550a-2e56-4184-8e76-1910fe2951d7
2025-11-04 13:02:34,772 - WARNING - Failed to index chunk_id: 303e5a45-fd2d-4cdf-8865-bbf0f83f3efa
2025-11-04 13:02:34,772 - WARNING - Failed to index chunk_id: ae581203-d471-4e11-bf1b-fe6b5afcfe7c
2025-11-04 13:02:34,772 - WARNING - Failed to index chunk_id: fc32e05e-7ea8-45a5-92a1-6450ad1c0495
2025-11-04 13:02:34,772 - WARNING - Failed to index chunk_id: 5c6def83-f0ae-4c1b-9d15-b741844f22be
2025-11-04 13:02:34,772 - WARNING - Failed to index chunk_id: c6b7428a-c2fc-4d23-8a31-1bdc200b9b0c
2025-11-04 13:02:34,772 - WARNING - Failed to index chunk_id: 4e8e9c1e-3a83-47e8-81fe-bbc9476970ce
2025-11-04 13:02:34,846 - WARNING - Failed to index chunk_id: 2ada26da-6812-436f-b464-dec95f1f3126
2025-11-04 13:02:34,846 - WARNING - Failed to index chunk_id: e2306436-8ab3-4cbd-b880-17aaaf360d06
2025-11-04 13:02:34,846 - WARNING - Failed to index chunk_id: 12b50b4b-52ea-46f7-85e7-16e016ed9635
2025-11-04 13:02:34,846 - WARNING - Failed to index chunk_id: 792a1f98-36a8-41ad-bc95-f32c5aafd776
2025-11-04 13:02:34,846 - WARNING - Failed to index chunk_id: 6ee25439-ca83-4d02-943e-342f23304e01
2025-11-04 13:02:34,846 - WARNING - Failed to index chunk_id: 2a3f31ff-2137-46ae-8fa4-a0887c79e890
2025-11-04 13:02:34,846 - WARNING - Failed to index chunk_id: d2c8628c-8907-482a-8bab-cf71d642b569
2025-11-04 13:02:34,846 - WARNING - Failed to index chunk_id: 11dca0a7-70b6-4c48-b154-70d5688b0afd
2025-11-04 13:02:34,846 - WARNING - Failed to index chunk_id: 92b02f4a-9b52-405c-9b0c-857735735b92
2025-11-04 13:02:34,846 - WARNING - Failed to index chunk_id: 6ba93a3d-0d77-48e8-aa75-07d7bf3009a8
2025-11-04 13:02:34,846 - WARNING - Failed to index chunk_id: bc9023a7-1460-4ef7-ae83-fb050d21bace
2025-11-04 13:02:34,846 - WARNING - Failed to index chunk_id: c2eed85c-7f53-426e-af61-c835303a0aa9
2025-11-04 13:02:34,846 - WARNING - Failed to index chunk_id: e090e8cf-425c-420c-bd31-d9607a944ab3
2025-11-04 13:02:34,846 - WARNING - Failed to index chunk_id: 1d8d270d-1b15-4a84-a53f-005d98c8af8c
2025-11-04 13:02:34,846 - WARNING - Failed to index chunk_id: 069e4f43-9c8d-4c11-a1d1-c72b2faf9e4f
2025-11-04 13:02:34,846 - WARNING - Failed to index chunk_id: a27eeda3-2d82-4101-b961-a50841bf8fa2
2025-11-04 13:02:34,846 - WARNING - Failed to index chunk_id: fb3b2f3d-3704-47b5-9a11-ca590bc710b6
2025-11-04 13:02:34,846 - WARNING - Failed to index chunk_id: 65982bcc-680f-45f9-960d-a453e00053b7
2025-11-04 13:02:34,846 - WARNING - Failed to index chunk_id: 91bb068b-0333-4f14-8844-cda49d44a57f
2025-11-04 13:02:34,846 - WARNING - Failed to index chunk_id: 316ce7f5-4032-4010-9a99-d4744dd162d9
2025-11-04 13:02:34,846 - WARNING - Failed to index chunk_id: 1a049ac9-371a-458e-8338-4fe80283a20a
2025-11-04 13:02:34,846 - WARNING - Failed to index chunk_id: 20fd0d4c-c95c-4fc7-bfee-32764c5df2da
2025-11-04 13:02:34,846 - WARNING - Failed to index chunk_id: 577be784-ce5a-4082-9b77-ed9ee36731d1
2025-11-04 13:02:34,846 - WARNING - Failed to index chunk_id: e70fff6f-a668-446b-84f5-09244d3492eb
2025-11-04 13:02:34,846 - WARNING - Failed to index chunk_id: 0e4d5868-97fd-4c00-b12d-58e7166699f3
2025-11-04 13:02:34,846 - WARNING - Failed to index chunk_id: 59a36457-6e8e-43a4-9ba2-46c3695984e9
2025-11-04 13:02:34,846 - WARNING - Failed to index chunk_id: 10f4954c-a244-43c4-89e8-550622caf7de
2025-11-04 13:02:34,846 - WARNING - Failed to index chunk_id: d733cd97-d0ee-402c-a6c9-b3d25a0f13b6
2025-11-04 13:02:34,846 - WARNING - Failed to index chunk_id: a46782e4-7006-4708-a9ce-921030e69525
2025-11-04 13:02:34,846 - WARNING - Failed to index chunk_id: dba7f60f-4819-41da-835d-460a0c89c41a
2025-11-04 13:02:34,846 - WARNING - Failed to index chunk_id: dd1694a6-2c09-48dc-a1f7-2a2524389cca
2025-11-04 13:02:34,846 - WARNING - Failed to index chunk_id: c444f9ac-9113-4292-a744-03ad6bcfdffc
2025-11-04 13:02:34,846 - WARNING - Failed to index chunk_id: 34581eba-6b66-4abc-812f-1c1a305785b5
2025-11-04 13:02:34,846 - WARNING - Failed to index chunk_id: 29ec5045-018a-421e-86be-4d14f50745b8
2025-11-04 13:02:34,846 - WARNING - Failed to index chunk_id: f8816dda-3b70-4596-9786-a94dd27e64f7
2025-11-04 13:02:34,846 - WARNING - Failed to index chunk_id: 7bab3aa0-effa-4313-9eb1-e9b85fd6c3d0
2025-11-04 13:02:34,846 - WARNING - Failed to index chunk_id: fbd1ee94-ef90-4f2b-8187-e8c2a0b3aeef
2025-11-04 13:02:34,846 - WARNING - Failed to index chunk_id: a398ef10-4716-41d3-897b-ad8207bc17ea
2025-11-04 13:02:34,846 - WARNING - Failed to index chunk_id: 817869fc-0e5c-456c-843b-6644128e0514
2025-11-04 13:02:34,846 - WARNING - Failed to index chunk_id: f2b43bd2-28e6-4b82-a412-b5983fda777b
2025-11-04 13:02:34,846 - WARNING - Failed to index chunk_id: 38228b51-9f7c-441b-9506-ca0c4ba777d8
2025-11-04 13:02:34,846 - WARNING - Failed to index chunk_id: c8ace33c-64db-450f-a4f6-ec1bf081e412
2025-11-04 13:02:34,846 - WARNING - Failed to index chunk_id: 14d35b3e-2658-4df2-8305-abff6f0d7d10
2025-11-04 13:02:34,846 - WARNING - Failed to index chunk_id: c6f95ddd-bbba-4424-95b4-970a29441aa3
2025-11-04 13:02:34,846 - WARNING - Failed to index chunk_id: d5014aca-db63-48bd-92c4-526c2c225625
2025-11-04 13:02:34,846 - WARNING - Failed to index chunk_id: 0cedec19-746d-4458-832b-4326131c6e44
2025-11-04 13:02:34,846 - WARNING - Failed to index chunk_id: 83ed0007-2ee4-44da-ba84-79d8315f9a09
2025-11-04 13:02:34,846 - WARNING - Failed to index chunk_id: a744c820-6c7b-42c0-ba56-98ab9f919c0b
2025-11-04 13:02:34,846 - WARNING - Failed to index chunk_id: b214039f-ab4c-4805-9cec-96dc28e5a0ee
2025-11-04 13:02:34,846 - WARNING - Failed to index chunk_id: c651a0bd-8fe7-4656-ba1f-76abdd8a8f2c
2025-11-04 13:02:34,846 - WARNING - Failed to index chunk_id: 348af3fa-efd9-4091-951d-27261784a33d
2025-11-04 13:02:34,846 - WARNING - Failed to index chunk_id: 8e0fbb18-cf7d-48a7-843d-4dcb41a62bea
2025-11-04 13:02:34,846 - WARNING - Failed to index chunk_id: 5f620f28-bc0d-4590-b2af-9130b6948cbc
2025-11-04 13:02:34,846 - WARNING - Failed to index chunk_id: 2dd68442-425b-40f0-bc46-d7d98b490ad9
2025-11-04 13:02:34,846 - WARNING - Failed to index chunk_id: d4b3c251-2b99-45d2-8701-0904e0824523
2025-11-04 13:02:34,846 - WARNING - Failed to index chunk_id: aa61e902-6b0a-45e5-ad18-5649e6f31148
2025-11-04 13:02:34,846 - WARNING - Failed to index chunk_id: de7093aa-da44-4fe6-b051-6176df43a1f3
2025-11-04 13:02:34,846 - WARNING - Failed to index chunk_id: c281f4c3-1b85-4ceb-ad74-fa20182060b7
2025-11-04 13:02:34,846 - WARNING - Failed to index chunk_id: d849195b-13ad-4ac4-a847-352e9184f81a
2025-11-04 13:02:34,846 - WARNING - Failed to index chunk_id: 9b4e4f4c-4271-41ea-a988-c98baf3d2006
2025-11-04 13:02:34,846 - WARNING - Failed to index chunk_id: 4ed948f2-489b-468c-aec0-4e77d51b8508
2025-11-04 13:02:34,846 - WARNING - Failed to index chunk_id: 4d3c5c04-827f-46bc-ad80-32681a1715fe
2025-11-04 13:02:34,846 - WARNING - Failed to index chunk_id: e53af7a2-6640-4650-a7c4-79310a90cc14
2025-11-04 13:02:34,846 - WARNING - Failed to index chunk_id: 898a23b5-9245-405e-a940-9a44945e78f7
2025-11-04 13:02:34,846 - WARNING - Failed to index chunk_id: b4ba3953-497b-420c-b473-9949248964d0
2025-11-04 13:02:34,846 - WARNING - Failed to index chunk_id: c6c36198-2ef5-4dac-98c8-4005ba8b3486
2025-11-04 13:02:34,846 - WARNING - Failed to index chunk_id: 05306b15-46be-459a-8a03-d63fc51918a5
2025-11-04 13:02:34,846 - WARNING - Failed to index chunk_id: cc14ea6c-a64b-40ee-a369-4841f4acf812
2025-11-04 13:02:34,846 - WARNING - Failed to index chunk_id: 1441a753-9a97-43ee-905e-ea522c03eeb8
2025-11-04 13:02:34,846 - WARNING - Failed to index chunk_id: 1b3fec8e-3e94-46ac-8915-8af041bfb1b2
2025-11-04 13:02:34,846 - WARNING - Failed to index chunk_id: 03dead99-35dd-4f17-94ec-11089a9fce2d
2025-11-04 13:02:34,846 - WARNING - Failed to index chunk_id: 678bf315-b788-476a-bbe5-7600eeac522c
2025-11-04 13:02:34,846 - WARNING - Failed to index chunk_id: f16abb4a-92a9-4a69-b2d8-af3e07671305
2025-11-04 13:02:34,846 - WARNING - Failed to index chunk_id: 29e0d3d5-f90f-45a1-8b07-7089c39f33fc
2025-11-04 13:02:34,846 - WARNING - Failed to index chunk_id: a1bba294-4b6f-4ae0-ab3d-f6d4d8da5ab1
2025-11-04 13:02:34,846 - WARNING - Failed to index chunk_id: 537f6085-480c-4636-952c-a7b4b6c3bf60
2025-11-04 13:02:34,846 - WARNING - Failed to index chunk_id: 3f33b261-f2d3-4fdf-a3f7-65ba15397db4
2025-11-04 13:02:34,846 - WARNING - Failed to index chunk_id: 7d37f83a-52e2-4037-ac85-a6eebe0ce3b9
2025-11-04 13:02:34,846 - WARNING - Failed to index chunk_id: 5352ff0f-c15f-4b16-849d-392b1ca36169
2025-11-04 13:02:34,846 - WARNING - Failed to index chunk_id: abcd2f7c-d737-47b2-bc9b-ca767f714836
2025-11-04 13:02:34,846 - WARNING - Failed to index chunk_id: 43b39172-673a-4d2e-b35a-bfd1cdfc02d3
2025-11-04 13:02:34,846 - WARNING - Failed to index chunk_id: 08734ef4-db12-4b1a-8bba-240418d7dc40
2025-11-04 13:02:34,846 - WARNING - Failed to index chunk_id: efae4e14-54cc-421f-8fdc-d8ed2fe0c032
2025-11-04 13:02:34,846 - WARNING - Failed to index chunk_id: 3b12a136-6f20-4d7f-a70b-ccd566fe39ea
2025-11-04 13:02:34,846 - WARNING - Failed to index chunk_id: 6027e0d0-86bc-47a2-b9fe-1ffb0a9e0b0c
2025-11-04 13:02:34,846 - WARNING - Failed to index chunk_id: d42c29a3-997e-4885-89d8-89a13f5faaab
2025-11-04 13:02:34,846 - WARNING - Failed to index chunk_id: 68a2d8ba-e2d9-42be-9c4d-288ccd62a52a
2025-11-04 13:02:34,846 - WARNING - Failed to index chunk_id: 347afe33-567b-4b35-b782-3454fcc10a07
2025-11-04 13:02:34,846 - WARNING - Failed to index chunk_id: d5228860-04f5-49d9-a959-9459bd35f036
2025-11-04 13:02:34,846 - WARNING - Failed to index chunk_id: 57592cf0-5d66-47f8-9535-a16cbe0766ff
2025-11-04 13:02:34,846 - WARNING - Failed to index chunk_id: e9efa5d5-2eb3-49b1-b0b7-1bdbf9d09aee
2025-11-04 13:02:34,846 - WARNING - Failed to index chunk_id: 6bda98f6-5da5-4db5-9fd9-90b6db23a2ea
2025-11-04 13:02:34,846 - WARNING - Failed to index chunk_id: 90b28850-6807-4769-9dfa-89505d18e9a5
2025-11-04 13:02:34,846 - WARNING - Failed to index chunk_id: b9329603-fb97-4f09-b3b5-0bb701b39982
2025-11-04 13:02:34,846 - WARNING - Failed to index chunk_id: 81d76e41-fc93-4e06-ad64-da9b9d15b4d8
2025-11-04 13:02:34,846 - WARNING - Failed to index chunk_id: c625bec3-ebd7-4e0c-b5d2-e3438ce8451b
2025-11-04 13:02:34,846 - WARNING - Failed to index chunk_id: 637f5132-a9ac-4d70-9b0e-47d384d377b3
2025-11-04 13:02:34,846 - WARNING - Failed to index chunk_id: 58e54ee9-32c9-4114-82ea-aee13f292f35
2025-11-04 13:02:34,846 - WARNING - Failed to index chunk_id: 04cccac0-5d32-4ded-947e-80689730a468
2025-11-04 13:02:34,846 - WARNING - Failed to index chunk_id: c40e3bc8-522d-4833-88eb-6ecf30c1f571
2025-11-04 13:02:34,920 - WARNING - Failed to index chunk_id: 6c08bdbf-0da3-46f0-81a7-c7096f5ef103
2025-11-04 13:02:34,920 - WARNING - Failed to index chunk_id: 37e16c9b-db54-4c32-accd-b5f907da7e25
2025-11-04 13:02:34,920 - WARNING - Failed to index chunk_id: 86898168-ffa9-4483-a7f6-fbc6dcc5bbde
2025-11-04 13:02:34,920 - WARNING - Failed to index chunk_id: ccf21cbc-6e6f-4a0b-9569-3da528825da7
2025-11-04 13:02:34,920 - WARNING - Failed to index chunk_id: 2668e4a4-368c-46e0-84a7-6d8f274565c9
2025-11-04 13:02:34,920 - WARNING - Failed to index chunk_id: 12cf3ec9-22dc-45db-8db2-e8c0b23a88bc
2025-11-04 13:02:34,920 - WARNING - Failed to index chunk_id: ba51b6a4-ef0a-41be-a9d3-801ca0ec0df7
2025-11-04 13:02:34,920 - WARNING - Failed to index chunk_id: 367fc2d5-fc05-4382-94c1-00fa500bc9d7
2025-11-04 13:02:34,920 - WARNING - Failed to index chunk_id: 4781fc98-f8de-46e1-96aa-dc9a4777b0c2
2025-11-04 13:02:34,920 - WARNING - Failed to index chunk_id: d6da06bd-a6c2-4ff3-a5b3-7a41194d4897
2025-11-04 13:02:34,920 - WARNING - Failed to index chunk_id: 538bbab1-a099-4b98-8d7b-4a708d0b3eac
2025-11-04 13:02:34,920 - WARNING - Failed to index chunk_id: c20300fd-4f34-49a9-b6c4-4524e42c0cd6
2025-11-04 13:02:34,920 - WARNING - Failed to index chunk_id: 791d1f6a-882f-4aa5-b0dc-823a67cdabd0
2025-11-04 13:02:34,920 - WARNING - Failed to index chunk_id: 5da6e6be-ce2f-426a-8916-52aeec3a1597
2025-11-04 13:02:34,920 - WARNING - Failed to index chunk_id: be69cc86-4ed9-4ff5-82a3-23bdcc051bab
2025-11-04 13:02:34,920 - WARNING - Failed to index chunk_id: 212c99f6-9a84-4f9e-8c46-61adcaba24a4
2025-11-04 13:02:34,920 - WARNING - Failed to index chunk_id: 48325221-180b-4d12-9a6f-03bb6a882cd6
2025-11-04 13:02:34,920 - WARNING - Failed to index chunk_id: 2bf73b21-2b5f-430b-854e-d0b639aa69f1
2025-11-04 13:02:34,920 - WARNING - Failed to index chunk_id: 7558a5df-4db9-4595-821e-6ab1fd8f544f
2025-11-04 13:02:34,920 - WARNING - Failed to index chunk_id: 8e44e8f3-a832-4c97-8375-d7b0c2b9bf97
2025-11-04 13:02:34,920 - WARNING - Failed to index chunk_id: fba99313-0756-4d0b-a2e7-10fddbcac1bb
2025-11-04 13:02:34,920 - WARNING - Failed to index chunk_id: faf4c11e-6a81-4925-a778-4f72b9dec63b
2025-11-04 13:02:34,920 - WARNING - Failed to index chunk_id: 614da537-1557-4956-9052-88f7e6c6e3a6
2025-11-04 13:02:34,920 - WARNING - Failed to index chunk_id: 67d81789-de4c-4b1e-9f28-8ce9d8d06993
2025-11-04 13:02:34,920 - WARNING - Failed to index chunk_id: 1f31a549-b41e-467c-809c-d15a5cd7deb3
2025-11-04 13:02:34,920 - WARNING - Failed to index chunk_id: 8a238028-86cd-4ad3-a5e8-7f0502b6cad8
2025-11-04 13:02:34,920 - WARNING - Failed to index chunk_id: 676ac39a-e59c-44a8-830e-d2b3db6dfe94
2025-11-04 13:02:34,920 - WARNING - Failed to index chunk_id: 3007e5a0-7f10-471c-8449-f82d529ad7f2
2025-11-04 13:02:34,920 - WARNING - Failed to index chunk_id: 4e76d720-6469-434e-be1d-67048348fecf
2025-11-04 13:02:34,920 - WARNING - Failed to index chunk_id: d431d374-9d50-4900-8b0d-66e3c0b0971f
2025-11-04 13:02:34,920 - WARNING - Failed to index chunk_id: e611010c-e703-416e-ab0b-3e57174645c0
2025-11-04 13:02:34,920 - WARNING - Failed to index chunk_id: d3448dc6-9cc8-47fc-83b5-ad077dcf5599
2025-11-04 13:02:34,920 - WARNING - Failed to index chunk_id: 0b7f7c52-35c9-43b9-bc72-7e6559cd4ab2
2025-11-04 13:02:34,921 - WARNING - Failed to index chunk_id: 38dc4fe8-d19a-402f-8562-854f497d9624
2025-11-04 13:02:34,921 - WARNING - Failed to index chunk_id: 17c20ea7-d56d-444c-aee4-7a408276a5ff
2025-11-04 13:02:34,921 - WARNING - Failed to index chunk_id: 9d6d270a-30a5-4cb4-ad67-c864670718cf
2025-11-04 13:02:34,921 - WARNING - Failed to index chunk_id: 814aac50-63fb-421f-944e-affdf03c4514
2025-11-04 13:02:34,921 - WARNING - Failed to index chunk_id: 397a9a29-78bb-423d-8a69-e039f00438f1
2025-11-04 13:02:34,921 - WARNING - Failed to index chunk_id: 30375816-e7f5-4af7-a7b2-6a5eddcbb187
2025-11-04 13:02:34,921 - WARNING - Failed to index chunk_id: 087cb250-e5a3-4282-81fc-d430fbb73f59
2025-11-04 13:02:34,921 - WARNING - Failed to index chunk_id: 1729eb11-0356-4112-8d98-1e044c657296
2025-11-04 13:02:34,921 - WARNING - Failed to index chunk_id: f70ab59d-96a5-4f1f-8c6d-540cfd1f34b5
2025-11-04 13:02:34,921 - WARNING - Failed to index chunk_id: 8cb0c312-ca73-488a-acfc-4c755e78f21e
2025-11-04 13:02:34,921 - WARNING - Failed to index chunk_id: da54c49f-d4e2-41d8-a232-c8a9f12c4306
2025-11-04 13:02:34,921 - WARNING - Failed to index chunk_id: e5c3a076-73e5-4ab7-9819-e79234f853d3
2025-11-04 13:02:34,921 - WARNING - Failed to index chunk_id: a0b4a097-764b-4878-b148-bed5f65e0fa2
2025-11-04 13:02:34,921 - WARNING - Failed to index chunk_id: f538546e-9508-4a57-96fb-94880fb1d335
2025-11-04 13:02:34,921 - WARNING - Failed to index chunk_id: 7e10cf4b-f2f9-4b3f-b6e7-717614ec38a5
2025-11-04 13:02:34,921 - WARNING - Failed to index chunk_id: b5e3dd7d-a2cd-4c1f-b74b-4cdf7e612b8a
2025-11-04 13:02:34,921 - WARNING - Failed to index chunk_id: f3da25f9-4070-413a-ab77-92ed6405d746
2025-11-04 13:02:34,921 - WARNING - Failed to index chunk_id: f4f0fa0c-4554-4194-a6e1-2a1a353d8302
2025-11-04 13:02:34,921 - WARNING - Failed to index chunk_id: ca99c3fc-118a-4291-a458-cd3ac32beb6a
2025-11-04 13:02:34,921 - WARNING - Failed to index chunk_id: 81513109-912f-4f60-a1f0-7db1ef49f5cb
2025-11-04 13:02:34,921 - WARNING - Failed to index chunk_id: 2420ba04-bbb1-4ed4-8beb-05a8d4475bb1
2025-11-04 13:02:34,921 - WARNING - Failed to index chunk_id: 8ec1d209-1769-47f6-83e9-6dc0d4a34ff2
2025-11-04 13:02:34,921 - WARNING - Failed to index chunk_id: 3659a7d7-88e1-4b9f-b3ca-7a5efc931814
2025-11-04 13:02:34,921 - WARNING - Failed to index chunk_id: 0d8a79a7-7931-4d37-a620-943ff246203f
2025-11-04 13:02:34,921 - WARNING - Failed to index chunk_id: 5274d419-19c8-41c4-a801-2dd47a539dc7
2025-11-04 13:02:34,921 - WARNING - Failed to index chunk_id: faa9872e-bf11-4c99-aad3-b3be4cf78772
2025-11-04 13:02:34,921 - WARNING - Failed to index chunk_id: 82380570-ec3e-4e0e-b6fa-c3e02ca13d9d
2025-11-04 13:02:34,921 - WARNING - Failed to index chunk_id: 024a8338-1c9c-40cf-9714-43517e2dfde3
2025-11-04 13:02:34,921 - WARNING - Failed to index chunk_id: aecfac61-b005-4b0a-b828-a0b40c05bc6f
2025-11-04 13:02:34,921 - WARNING - Failed to index chunk_id: e3f8f144-8607-49c0-8c73-5b6350d4c5cf
2025-11-04 13:02:34,921 - WARNING - Failed to index chunk_id: 2fc03e20-8daf-4e3c-bd48-97dbfee23776
2025-11-04 13:02:34,921 - WARNING - Failed to index chunk_id: e6b3b301-c209-4e65-a81d-49dc6a2645d4
2025-11-04 13:02:34,921 - WARNING - Failed to index chunk_id: c6401326-c13f-4b91-ba95-60e3a0fe4f8f
2025-11-04 13:02:34,921 - WARNING - Failed to index chunk_id: bc218736-9cfc-4393-9cd1-e4ff5c36b7b5
2025-11-04 13:02:34,921 - WARNING - Failed to index chunk_id: 58439e64-90f4-403a-9f9f-c033edb3856f
2025-11-04 13:02:34,921 - WARNING - Failed to index chunk_id: 382ea2e0-3244-419e-b3ac-6778700b5614
2025-11-04 13:02:34,921 - WARNING - Failed to index chunk_id: ca6d7b76-237d-4bda-8c74-5ee49440c87f
2025-11-04 13:02:34,921 - WARNING - Failed to index chunk_id: 0d9d8d91-e5a8-491c-a3d3-80f9472c58b6
2025-11-04 13:02:34,921 - WARNING - Failed to index chunk_id: 4ab4a6c1-955f-4141-82ca-e96551997637
2025-11-04 13:02:34,921 - WARNING - Failed to index chunk_id: a9c56095-bc72-43b7-9fa9-fc6131e73a1b
2025-11-04 13:02:34,921 - WARNING - Failed to index chunk_id: 69529b97-ea2e-4f90-8fc9-a13098ba2129
2025-11-04 13:02:34,921 - WARNING - Failed to index chunk_id: 442018a6-de9a-417e-a3bb-d4fa3f407ea5
2025-11-04 13:02:34,921 - WARNING - Failed to index chunk_id: b6c13621-c8ed-4a87-bef0-3745cbd12d99
2025-11-04 13:02:34,921 - WARNING - Failed to index chunk_id: 8e6df0a1-e2df-44f3-84a8-fc20179bb1f4
2025-11-04 13:02:34,921 - WARNING - Failed to index chunk_id: e33d7e81-fd3c-4511-8fbc-eb267f9f3fbe
2025-11-04 13:02:34,921 - WARNING - Failed to index chunk_id: 0f346183-6297-4d1a-9a59-8cd085488ce0
2025-11-04 13:02:34,921 - WARNING - Failed to index chunk_id: 434ccbd2-064a-4c6a-995b-4ff6245308e9
2025-11-04 13:02:34,921 - WARNING - Failed to index chunk_id: 53c31869-ed3d-4bdb-8233-0d34894cc659
2025-11-04 13:02:34,921 - WARNING - Failed to index chunk_id: 8c580095-d406-4065-b8c2-0d480b4f9b6d
2025-11-04 13:02:34,921 - WARNING - Failed to index chunk_id: 47132bc4-ac26-4cd9-8faf-d91ccdc5ffc7
2025-11-04 13:02:34,921 - WARNING - Failed to index chunk_id: da403d56-d525-4456-8228-d1a2b710a5e4
2025-11-04 13:02:34,921 - WARNING - Failed to index chunk_id: 928ef37e-e4f8-40e8-8657-49ad5b58b4c2
2025-11-04 13:02:34,921 - WARNING - Failed to index chunk_id: 12bef40e-22ab-4f97-9448-41854a9ef4b9
2025-11-04 13:02:34,921 - WARNING - Failed to index chunk_id: b357025a-0ff0-48f6-80a2-fc4b8021d0c1
2025-11-04 13:02:34,921 - WARNING - Failed to index chunk_id: 1be6d2d9-27c2-448b-86eb-8456e8d659f0
2025-11-04 13:02:34,921 - WARNING - Failed to index chunk_id: 28f9c091-107a-4511-adbf-593935ca4dce
2025-11-04 13:02:34,921 - WARNING - Failed to index chunk_id: 73e72441-447f-483d-897c-c307436630c6
2025-11-04 13:02:34,921 - WARNING - Failed to index chunk_id: 9ed3d218-1ad4-431d-8ceb-905640995f42
2025-11-04 13:02:34,921 - WARNING - Failed to index chunk_id: c0a655ca-09ca-4a1b-a1cf-733c7c6cd74b
2025-11-04 13:02:34,921 - WARNING - Failed to index chunk_id: 9b7d68ac-4626-4135-9498-33c810a7473f
2025-11-04 13:02:34,921 - WARNING - Failed to index chunk_id: 63dadc8c-d6e2-4d3d-aaca-1c282e77d7f0
2025-11-04 13:02:34,921 - WARNING - Failed to index chunk_id: 4e06bb4b-b62c-4191-ba42-c146632cbd6e
2025-11-04 13:02:34,921 - WARNING - Failed to index chunk_id: 3ee2c753-fa0a-4fc9-9965-4c95a35770bd
2025-11-04 13:02:34,921 - WARNING - Failed to index chunk_id: b72e59ac-d8e9-4edf-a2f5-f0dae9189125
2025-11-04 13:02:34,921 - WARNING - Failed to index chunk_id: 9f9f24ce-23da-4f86-9d45-083b31bae449
2025-11-04 13:02:34,921 - WARNING - Failed to index chunk_id: 77065315-c1f2-4aff-b634-09129d48070c
2025-11-04 13:02:34,921 - WARNING - Failed to index chunk_id: 87dd4abb-969d-420c-8c5a-24cb34dca946
2025-11-04 13:02:34,993 - WARNING - Failed to index chunk_id: cba06d54-a0d8-4dfd-ba57-2e8ab2435c72
2025-11-04 13:02:34,993 - WARNING - Failed to index chunk_id: 1cc7bc21-a056-48c6-b7b6-940b5b3a5d5d
2025-11-04 13:02:34,993 - WARNING - Failed to index chunk_id: 535f5e76-a591-48b1-9838-9e6f4c392ee8
2025-11-04 13:02:34,993 - WARNING - Failed to index chunk_id: 037527cb-ffca-41ed-b2b4-e22b8674ae55
2025-11-04 13:02:34,993 - WARNING - Failed to index chunk_id: 76cfe7ab-c077-4067-a78f-63835a19fa16
2025-11-04 13:02:34,993 - WARNING - Failed to index chunk_id: 25ea85f7-3e5f-4b3d-88a4-a5b7141e80d8
2025-11-04 13:02:34,993 - WARNING - Failed to index chunk_id: b8840cf9-c248-4591-b6d3-49de52d4ac88
2025-11-04 13:02:34,993 - WARNING - Failed to index chunk_id: cdddd04c-7708-41d2-b07a-fb4c3537e0fb
2025-11-04 13:02:34,993 - WARNING - Failed to index chunk_id: 3e7c914d-8798-42e8-9464-1db816ff51f9
2025-11-04 13:02:34,993 - WARNING - Failed to index chunk_id: f51daf32-20b9-4c68-a2f0-fd413e78f513
2025-11-04 13:02:34,993 - WARNING - Failed to index chunk_id: 6ff0bd17-71d3-403c-8bbe-44acc20e505a
2025-11-04 13:02:34,993 - WARNING - Failed to index chunk_id: bb4335f3-06bd-4efa-8ded-40fa8345231d
2025-11-04 13:02:34,993 - WARNING - Failed to index chunk_id: 08d2faab-ee78-4523-bf30-70d4bf7a47d4
2025-11-04 13:02:34,993 - WARNING - Failed to index chunk_id: 6c379f37-8f89-4c5c-9221-466bbc59a353
2025-11-04 13:02:34,993 - WARNING - Failed to index chunk_id: ea92db2d-e1ff-4484-8a1a-a626cf72adfc
2025-11-04 13:02:34,993 - WARNING - Failed to index chunk_id: b30ddca0-4495-4bc1-8578-bc871baad68d
2025-11-04 13:02:34,993 - WARNING - Failed to index chunk_id: ea29da14-849e-487b-9959-6e800f6e62db
2025-11-04 13:02:34,993 - WARNING - Failed to index chunk_id: 8614854e-f605-4fda-a762-e7c36733d272
2025-11-04 13:02:34,993 - WARNING - Failed to index chunk_id: c262c20f-1335-4c65-be4a-b5099332f0dc
2025-11-04 13:02:34,993 - WARNING - Failed to index chunk_id: be3b716e-5030-496c-917b-9eedf5017844
2025-11-04 13:02:34,993 - WARNING - Failed to index chunk_id: c0c2812e-be2a-4a5d-b9d7-68b53675d7ed
2025-11-04 13:02:34,993 - WARNING - Failed to index chunk_id: e48914fb-4c0a-40c2-83fa-8f3827289386
2025-11-04 13:02:34,993 - WARNING - Failed to index chunk_id: 0410e804-5a6a-4cfd-8474-a056095c1cda
2025-11-04 13:02:34,993 - WARNING - Failed to index chunk_id: fc821e5e-10b6-43f5-9ae9-c601d764f729
2025-11-04 13:02:34,993 - WARNING - Failed to index chunk_id: 688c8747-a52e-41d3-952a-dd9f4fb9cb69
2025-11-04 13:02:34,993 - WARNING - Failed to index chunk_id: 7ce15585-c297-436b-814b-50ac7e6882b2
2025-11-04 13:02:34,993 - WARNING - Failed to index chunk_id: e3a44e7a-8e8c-436d-8d10-9b264f800286
2025-11-04 13:02:34,993 - WARNING - Failed to index chunk_id: 9ca769fc-e205-4d78-bb93-2a54eb36960d
2025-11-04 13:02:34,993 - WARNING - Failed to index chunk_id: da2dd7e7-8e00-463c-a42d-cae5557bd08d
2025-11-04 13:02:34,994 - WARNING - Failed to index chunk_id: 1fa62a3f-8865-40c4-8c74-c8b5611bb507
2025-11-04 13:02:34,994 - WARNING - Failed to index chunk_id: c6f078b8-9d1a-46aa-9816-7281ff45d5ab
2025-11-04 13:02:34,994 - WARNING - Failed to index chunk_id: f02f83bc-ebca-4885-8021-a06e6d5a75cc
2025-11-04 13:02:34,994 - WARNING - Failed to index chunk_id: 66a37f1f-9bc6-4b24-80a4-baa677dab810
2025-11-04 13:02:34,994 - WARNING - Failed to index chunk_id: 6d445a00-aaf9-40d5-8c98-067984dd97f6
2025-11-04 13:02:34,994 - WARNING - Failed to index chunk_id: d6fb6f02-f600-461d-8f02-cbf6eb4bf555
2025-11-04 13:02:34,994 - WARNING - Failed to index chunk_id: b007dea4-614f-40f8-a268-7c0267859ae3
2025-11-04 13:02:34,994 - WARNING - Failed to index chunk_id: c187cfa2-6987-4229-b367-8c5257840223
2025-11-04 13:02:34,994 - WARNING - Failed to index chunk_id: 4fc800d0-71c9-4117-b5a6-d28a8e4a9f6e
2025-11-04 13:02:34,994 - WARNING - Failed to index chunk_id: 88c91851-9236-4e01-85c9-5183321a6670
2025-11-04 13:02:34,994 - WARNING - Failed to index chunk_id: 182c5599-1654-4d03-9fb8-0d4964dbde2a
2025-11-04 13:02:34,994 - WARNING - Failed to index chunk_id: a735494d-ad52-4e33-85c4-784e4fad3470
2025-11-04 13:02:34,994 - WARNING - Failed to index chunk_id: 2c8e0cd2-bfd7-435d-adb6-ee81dac46210
2025-11-04 13:02:34,994 - WARNING - Failed to index chunk_id: 282c989b-8964-4ad3-a89d-fb1f663eec33
2025-11-04 13:02:34,994 - WARNING - Failed to index chunk_id: 4afee8be-f9da-41ef-812e-4a892dab5bff
2025-11-04 13:02:34,994 - WARNING - Failed to index chunk_id: d3517c9c-fd3a-4bd8-9298-33ed41789074
2025-11-04 13:02:34,994 - WARNING - Failed to index chunk_id: cb349f22-325e-4432-bafb-9618d2716e52
2025-11-04 13:02:34,994 - WARNING - Failed to index chunk_id: 5968f420-c8a6-4f51-8db6-6d46df9551c6
2025-11-04 13:02:34,994 - WARNING - Failed to index chunk_id: ba17e017-0e5d-4f82-9d1e-1eb5fac39ff6
2025-11-04 13:02:34,994 - WARNING - Failed to index chunk_id: e4ff2c49-bca3-402f-96d2-2d18b6b05815
2025-11-04 13:02:34,994 - WARNING - Failed to index chunk_id: d1a8e18c-d37e-414a-81e1-41369f84eac7
2025-11-04 13:02:34,994 - WARNING - Failed to index chunk_id: 6c0bc29c-7c0f-4c7d-ba0d-8110a6d3e5f1
2025-11-04 13:02:34,994 - WARNING - Failed to index chunk_id: 72c6e9dd-9643-4dc9-a31e-6102006928c8
2025-11-04 13:02:34,994 - WARNING - Failed to index chunk_id: 46d4c667-1051-40a8-aa7e-3b5ac8a8073c
2025-11-04 13:02:34,994 - WARNING - Failed to index chunk_id: a51297bb-3be9-4471-8a25-07ea1bdb6b8e
2025-11-04 13:02:34,994 - WARNING - Failed to index chunk_id: ab0eebe4-ae54-42e9-b035-be353ca1487e
2025-11-04 13:02:34,994 - WARNING - Failed to index chunk_id: 8ad38953-1514-4a64-b78f-a617d99a6973
2025-11-04 13:02:34,994 - WARNING - Failed to index chunk_id: 45fe33c3-b6e7-4fca-9fe2-c005b2cd1a34
2025-11-04 13:02:34,994 - WARNING - Failed to index chunk_id: 74fbd025-ac5a-4045-acf3-9cdf66800ef4
2025-11-04 13:02:34,994 - WARNING - Failed to index chunk_id: e659a506-1331-4af0-bebc-b8d4c9ba10b4
2025-11-04 13:02:34,994 - WARNING - Failed to index chunk_id: 2d25f592-307d-4399-93e9-5358a83d8e26
2025-11-04 13:02:34,994 - WARNING - Failed to index chunk_id: 04c27a7c-f8c2-40f3-aab8-3c677ef9735c
2025-11-04 13:02:34,994 - WARNING - Failed to index chunk_id: 42284241-99c2-4595-a14b-18d528cc9a6a
2025-11-04 13:02:34,994 - WARNING - Failed to index chunk_id: de217b8f-837e-4ead-8910-2e289bab2725
2025-11-04 13:02:34,994 - WARNING - Failed to index chunk_id: 90555d63-3f9e-448a-9245-e4b97a9492f5
2025-11-04 13:02:34,994 - WARNING - Failed to index chunk_id: 987f69aa-7c20-4af0-b1f6-8b3152206716
2025-11-04 13:02:34,994 - WARNING - Failed to index chunk_id: bbe6d632-cd53-48c1-9b25-ecbd3f51a180
2025-11-04 13:02:34,994 - WARNING - Failed to index chunk_id: 9d2ae8cc-414b-4728-a61c-52158a899057
2025-11-04 13:02:34,994 - WARNING - Failed to index chunk_id: 174cd0e4-af81-48b7-99f5-99b488d3f363
2025-11-04 13:02:34,994 - WARNING - Failed to index chunk_id: 3714762e-2102-4cad-8a48-354da33c61e4
2025-11-04 13:02:34,994 - WARNING - Failed to index chunk_id: 8d7e7b97-2c63-4604-855b-c0a63ee602ae
2025-11-04 13:02:34,994 - WARNING - Failed to index chunk_id: 5382aa85-f2b7-4cac-aea3-56ddb94f1d4c
2025-11-04 13:02:34,994 - WARNING - Failed to index chunk_id: f1a3a0ed-8048-421c-87e5-54579546eedb
2025-11-04 13:02:34,994 - WARNING - Failed to index chunk_id: 4884abfc-6b30-4408-8799-3a43379a0c72
2025-11-04 13:02:34,994 - WARNING - Failed to index chunk_id: 0c91e0c7-ad92-4e76-a8d1-7cbd3e96b6dc
2025-11-04 13:02:34,994 - WARNING - Failed to index chunk_id: 6904b6af-5dd5-45c1-9c97-7bd1ae411643
2025-11-04 13:02:34,994 - WARNING - Failed to index chunk_id: 35b8e64e-5212-4f94-a5c8-f04babf48967
2025-11-04 13:02:34,994 - WARNING - Failed to index chunk_id: 136970d7-3247-4538-b592-f81de15d44bc
2025-11-04 13:02:34,994 - WARNING - Failed to index chunk_id: c69b2d44-a595-4bfe-8d1e-7cb1027d0240
2025-11-04 13:02:34,994 - WARNING - Failed to index chunk_id: 927a09a9-e542-46bf-9530-94b398620662
2025-11-04 13:02:34,994 - WARNING - Failed to index chunk_id: 485e35fa-81f2-4f92-8446-ff4514891679
2025-11-04 13:02:34,994 - WARNING - Failed to index chunk_id: 302a0cf5-bd29-4bd2-a376-a2327cd7dcd9
2025-11-04 13:02:34,994 - WARNING - Failed to index chunk_id: 40b483ee-da7b-4e14-906a-d69035305c50
2025-11-04 13:02:34,994 - WARNING - Failed to index chunk_id: d803bba2-0f74-4f01-a364-3f6c4d532d10
2025-11-04 13:02:34,994 - WARNING - Failed to index chunk_id: 5ef5898d-8e87-423b-88a1-6172ab039c17
2025-11-04 13:02:34,994 - WARNING - Failed to index chunk_id: 97b16285-7481-45b1-a531-9d7db2a362ac
2025-11-04 13:02:34,994 - WARNING - Failed to index chunk_id: 60e2355a-7f1c-481b-ab58-70ef18872cec
2025-11-04 13:02:34,994 - WARNING - Failed to index chunk_id: 11790df6-9226-4667-813e-d31077bb9ada
2025-11-04 13:02:34,994 - WARNING - Failed to index chunk_id: b839df5c-e82f-470d-b28d-d8b234ded031
2025-11-04 13:02:34,994 - WARNING - Failed to index chunk_id: 51f67eb6-a377-46e6-a9ed-90555a132139
2025-11-04 13:02:34,994 - WARNING - Failed to index chunk_id: b6b5bba5-39c9-44a8-871d-4953b9727625
2025-11-04 13:02:34,994 - WARNING - Failed to index chunk_id: 397fce29-8ad6-48a5-ad04-3dc7156159dd
2025-11-04 13:02:34,994 - WARNING - Failed to index chunk_id: 15433903-0e29-4962-a1ef-c7f48d31cee6
2025-11-04 13:02:34,994 - WARNING - Failed to index chunk_id: d0a3d95c-bf04-4234-a892-86c413ed636c
2025-11-04 13:02:34,994 - WARNING - Failed to index chunk_id: 0fb26fd5-6af2-450f-95b5-1a50c21a4e6c
2025-11-04 13:02:34,994 - WARNING - Failed to index chunk_id: c4d16720-8541-4872-86bd-fbe75a4af544
2025-11-04 13:02:34,994 - WARNING - Failed to index chunk_id: ffef85b9-f43b-4680-8b63-88fb322d1715
2025-11-04 13:02:34,994 - WARNING - Failed to index chunk_id: 4f8d52d3-7364-456c-afb9-ec016129f6a7
2025-11-04 13:02:34,994 - WARNING - Failed to index chunk_id: 389d8f2a-c307-4bc1-bfff-138940f55f5c
2025-11-04 13:02:34,994 - WARNING - Failed to index chunk_id: 6e840db2-ee89-42f2-9b0f-97696058230d
2025-11-04 13:02:34,994 - WARNING - Failed to index chunk_id: c8eb69e6-89c7-460d-9bac-f778d4ff7e1f
2025-11-04 13:02:35,067 - WARNING - Failed to index chunk_id: 7cc17ebe-fa89-422b-8e6f-72e5ac2c230c
2025-11-04 13:02:35,067 - WARNING - Failed to index chunk_id: e19bc875-8a9b-4a30-9102-48797e4f5219
2025-11-04 13:02:35,067 - WARNING - Failed to index chunk_id: 9fe9e028-f32a-4635-9c9d-a28ae7841531
2025-11-04 13:02:35,067 - WARNING - Failed to index chunk_id: 4a405517-09fb-49ec-9d8c-44a8020bb65f
2025-11-04 13:02:35,067 - WARNING - Failed to index chunk_id: 5b38d998-d49e-4d46-b17f-0a5213a9605a
2025-11-04 13:02:35,067 - WARNING - Failed to index chunk_id: 7c0102fa-3d7e-4fca-93fb-945b60374a01
2025-11-04 13:02:35,067 - WARNING - Failed to index chunk_id: 40682ac3-dad8-4a8f-9cd6-1595c8fc88d6
2025-11-04 13:02:35,067 - WARNING - Failed to index chunk_id: f61e0bc9-32f1-4b28-9ae4-51002378e430
2025-11-04 13:02:35,067 - WARNING - Failed to index chunk_id: adf96bc0-806c-4bb5-8621-43bc62ab5e81
2025-11-04 13:02:35,067 - WARNING - Failed to index chunk_id: 80ff5bfe-aacb-487a-a60d-491ee5bf6a68
2025-11-04 13:02:35,067 - WARNING - Failed to index chunk_id: 6b5b5bd7-eb78-4afd-a5a2-46ef642d7c3a
2025-11-04 13:02:35,067 - WARNING - Failed to index chunk_id: aead0748-4a34-4023-8d4f-abe13bc5c9cc
2025-11-04 13:02:35,067 - WARNING - Failed to index chunk_id: 39faa860-b0d0-45e6-a77e-91572cfa87b2
2025-11-04 13:02:35,067 - WARNING - Failed to index chunk_id: 32757f52-dd4d-4312-9e3a-6896b93aac2e
2025-11-04 13:02:35,067 - WARNING - Failed to index chunk_id: 8ce33640-bcff-4e4d-996c-cabb46731b1d
2025-11-04 13:02:35,067 - WARNING - Failed to index chunk_id: 9822af09-be8b-4b34-83d1-f05cf8d8034d
2025-11-04 13:02:35,067 - WARNING - Failed to index chunk_id: 898cc5c3-9686-4ffe-82e1-0d5db3a12dbc
2025-11-04 13:02:35,067 - WARNING - Failed to index chunk_id: f1da2c3b-d1db-409e-83f5-58d87875482c
2025-11-04 13:02:35,067 - WARNING - Failed to index chunk_id: a0eeeb71-5490-4cc6-a6ba-06d51b22891e
2025-11-04 13:02:35,067 - WARNING - Failed to index chunk_id: 301c47d2-567f-4560-af71-ad0f2712ae0b
2025-11-04 13:02:35,067 - WARNING - Failed to index chunk_id: 9d76476e-3d95-44eb-b9ce-be91fe08e7a4
2025-11-04 13:02:35,067 - WARNING - Failed to index chunk_id: e9c503ad-5864-4dcc-ba9e-a7a78113d030
2025-11-04 13:02:35,067 - WARNING - Failed to index chunk_id: a18edec0-82e6-460b-80ba-cd7c9aa9a868
2025-11-04 13:02:35,067 - WARNING - Failed to index chunk_id: 63f7792e-1297-4898-a27e-2407669f1730
2025-11-04 13:02:35,067 - WARNING - Failed to index chunk_id: b5fb2655-14fd-4ad0-83ff-0de50cdde063
2025-11-04 13:02:35,067 - WARNING - Failed to index chunk_id: f879a175-adfb-4220-89c0-5bbdd08bf47d
2025-11-04 13:02:35,067 - WARNING - Failed to index chunk_id: 77958586-32cc-415a-ae17-f159bfe70f4d
2025-11-04 13:02:35,067 - WARNING - Failed to index chunk_id: 58ae791f-257b-4c4b-8f98-cd416a55d2e2
2025-11-04 13:02:35,067 - WARNING - Failed to index chunk_id: 07f71ceb-887d-4da0-845c-99aac9ffd664
2025-11-04 13:02:35,067 - WARNING - Failed to index chunk_id: f00df01e-6d7b-4a56-bed3-7fabe55d3198
2025-11-04 13:02:35,067 - WARNING - Failed to index chunk_id: 1c204095-e8f7-4713-abf1-ad3860a5b33f
2025-11-04 13:02:35,067 - WARNING - Failed to index chunk_id: 814a4034-8814-4d80-b27a-dc4cda2b4a51
2025-11-04 13:02:35,067 - WARNING - Failed to index chunk_id: 5c1ef26c-5380-4f77-b67d-367e5868c270
2025-11-04 13:02:35,067 - WARNING - Failed to index chunk_id: 618a3838-e3a9-4ed1-8a0b-85b83f58bf7b
2025-11-04 13:02:35,067 - WARNING - Failed to index chunk_id: 544916f7-3b5a-4b90-8ae3-920ee41b6be6
2025-11-04 13:02:35,067 - WARNING - Failed to index chunk_id: 88793680-1a93-4f07-9e17-4aeaa72b7632
2025-11-04 13:02:35,067 - WARNING - Failed to index chunk_id: b042ca2a-1dc1-4b82-a95d-f1c020654fbc
2025-11-04 13:02:35,067 - WARNING - Failed to index chunk_id: ad223410-f35f-49da-ae01-eadefa6b7be8
2025-11-04 13:02:35,067 - WARNING - Failed to index chunk_id: 4ffb7bb4-7107-4125-87a7-71797c2c393f
2025-11-04 13:02:35,067 - WARNING - Failed to index chunk_id: e1fe6196-50a6-40fc-aeb4-1fcaecf873ac
2025-11-04 13:02:35,067 - WARNING - Failed to index chunk_id: 70b1575c-a069-4c8e-80f7-70c2ba1749cd
2025-11-04 13:02:35,067 - WARNING - Failed to index chunk_id: 283b61dd-1b30-4b1e-8f51-a4ffd63315dc
2025-11-04 13:02:35,067 - WARNING - Failed to index chunk_id: 0193d686-e688-40df-ab4e-dc7b7a58c5e0
2025-11-04 13:02:35,067 - WARNING - Failed to index chunk_id: 7ceab61c-0e7c-47f8-a97b-ee8b45ee0a3a
2025-11-04 13:02:35,067 - WARNING - Failed to index chunk_id: f2eb3ca5-3a84-4d2b-b28e-f195e7848134
2025-11-04 13:02:35,067 - WARNING - Failed to index chunk_id: 9512b4e4-c406-4d1d-ae81-37e441c6f1a0
2025-11-04 13:02:35,068 - WARNING - Failed to index chunk_id: 8d054b70-eae5-4e6b-bc45-3593e743ff04
2025-11-04 13:02:35,068 - WARNING - Failed to index chunk_id: 78645b3c-c924-4fd3-a4e1-48dd62a164ca
2025-11-04 13:02:35,068 - WARNING - Failed to index chunk_id: 9a876bcd-3f7b-4c64-a5c0-37227efd4975
2025-11-04 13:02:35,068 - WARNING - Failed to index chunk_id: 8e37bfbe-335d-4a65-a81d-911c1d721c3e
2025-11-04 13:02:35,068 - WARNING - Failed to index chunk_id: ac5c43fa-2e06-4ee2-92fe-8775650e90f6
2025-11-04 13:02:35,068 - WARNING - Failed to index chunk_id: dddd59b9-44e2-4931-9684-58adc6b77b6e
2025-11-04 13:02:35,068 - WARNING - Failed to index chunk_id: a8960a80-265e-41e1-94db-48cb0b55c629
2025-11-04 13:02:35,068 - WARNING - Failed to index chunk_id: e4df9e52-7fc7-43ca-b3f3-316c0bb3cd8e
2025-11-04 13:02:35,068 - WARNING - Failed to index chunk_id: c000b5f8-6fce-428f-9327-ab8f6f890988
2025-11-04 13:02:35,068 - WARNING - Failed to index chunk_id: 09c409a7-c6eb-4530-b386-9d80df61311c
2025-11-04 13:02:35,068 - WARNING - Failed to index chunk_id: 8aa98727-5660-47bc-ba99-1663ca56248e
2025-11-04 13:02:35,068 - WARNING - Failed to index chunk_id: c15d31c2-9db4-474e-9013-56209a550257
2025-11-04 13:02:35,068 - WARNING - Failed to index chunk_id: b2c62659-a9f6-4df8-9015-e24311d27bba
2025-11-04 13:02:35,068 - WARNING - Failed to index chunk_id: d63931aa-0421-4904-8195-88d1a68be524
2025-11-04 13:02:35,068 - WARNING - Failed to index chunk_id: 95c52df0-b96c-495c-b9b8-dc2cd81df6bd
2025-11-04 13:02:35,068 - WARNING - Failed to index chunk_id: 423ce9f7-90d0-485d-9126-505d4d7bf308
2025-11-04 13:02:35,068 - WARNING - Failed to index chunk_id: 53790f7d-03b5-4d2c-a82c-dd281a306594
2025-11-04 13:02:35,068 - WARNING - Failed to index chunk_id: 9a0da5ce-f601-43e5-8be9-88a3a83379db
2025-11-04 13:02:35,068 - WARNING - Failed to index chunk_id: e1fcf376-2ce4-483c-8b60-58695c6345bc
2025-11-04 13:02:35,068 - WARNING - Failed to index chunk_id: ac2b92cf-5b41-4415-9db3-f112a0d9922f
2025-11-04 13:02:35,068 - WARNING - Failed to index chunk_id: 8506474e-a92e-4628-bd99-2e0de5d34283
2025-11-04 13:02:35,068 - WARNING - Failed to index chunk_id: 3e04bbd0-3eb0-498f-be14-b0dd9cd73896
2025-11-04 13:02:35,068 - WARNING - Failed to index chunk_id: b16472dd-1f73-4f5d-91a9-4b3b3b676ebf
2025-11-04 13:02:35,068 - WARNING - Failed to index chunk_id: f7e49ee4-ad26-441d-bb6d-ff6b1edb4e43
2025-11-04 13:02:35,068 - WARNING - Failed to index chunk_id: e20041c0-c456-455d-90aa-2238c17b3ec8
2025-11-04 13:02:35,068 - WARNING - Failed to index chunk_id: 5de3cb15-084f-4e7e-930f-f766dd22c4c6
2025-11-04 13:02:35,068 - WARNING - Failed to index chunk_id: 33f7c61c-9607-432b-8aa7-a1618ec68f9a
2025-11-04 13:02:35,068 - WARNING - Failed to index chunk_id: 329958ef-1d67-484e-9256-2760fd74a7e1
2025-11-04 13:02:35,068 - WARNING - Failed to index chunk_id: 8679a64d-592d-4cbc-a93c-74ce7ba74603
2025-11-04 13:02:35,068 - WARNING - Failed to index chunk_id: 15e34e0b-bb89-44bc-a652-a7a328edd8ee
2025-11-04 13:02:35,068 - WARNING - Failed to index chunk_id: a641d88e-7393-49d7-9ec7-6a1223bdcdb3
2025-11-04 13:02:35,068 - WARNING - Failed to index chunk_id: bcb5a95c-4ed0-4179-ae7b-e2903896760d
2025-11-04 13:02:35,068 - WARNING - Failed to index chunk_id: 4d6e2824-d31e-49c8-b6a2-a2e0f8892805
2025-11-04 13:02:35,068 - WARNING - Failed to index chunk_id: fdd1f946-63db-40a7-b83c-816a6ed98d53
2025-11-04 13:02:35,068 - WARNING - Failed to index chunk_id: 7e683538-8613-4b10-bfd6-47d22ea936a1
2025-11-04 13:02:35,068 - WARNING - Failed to index chunk_id: 254234b6-ab49-40c0-8f24-44e7413a3a98
2025-11-04 13:02:35,068 - WARNING - Failed to index chunk_id: f09f832b-7f50-4ebe-9792-4635105fa3cb
2025-11-04 13:02:35,068 - WARNING - Failed to index chunk_id: e2649d97-870e-4519-9bdc-9da367f28b7a
2025-11-04 13:02:35,068 - WARNING - Failed to index chunk_id: 10a80783-8f33-4b7d-8bda-b05a323e27e9
2025-11-04 13:02:35,068 - WARNING - Failed to index chunk_id: ece9bfa7-dc30-498c-b588-7d5daa7cae78
2025-11-04 13:02:35,068 - WARNING - Failed to index chunk_id: 8eb1e4ee-c982-4a86-9432-4e00e5380eda
2025-11-04 13:02:35,068 - WARNING - Failed to index chunk_id: af22bf34-3d0a-443a-84cf-7b2b3caba782
2025-11-04 13:02:35,068 - WARNING - Failed to index chunk_id: ad8d7327-652b-452b-a625-19beae2aa0ef
2025-11-04 13:02:35,068 - WARNING - Failed to index chunk_id: ac1f6bca-f997-48a5-9d1b-24e580ded1f0
2025-11-04 13:02:35,068 - WARNING - Failed to index chunk_id: 710db1fc-9d07-44b9-adb8-d9514fecb64d
2025-11-04 13:02:35,068 - WARNING - Failed to index chunk_id: 962404ba-8668-4806-b4fb-f5afd0bc212a
2025-11-04 13:02:35,068 - WARNING - Failed to index chunk_id: d49b3b24-59c7-4443-9254-15c2b1599db0
2025-11-04 13:02:35,068 - WARNING - Failed to index chunk_id: 078ca779-8f69-4e39-9980-aa6553e7c650
2025-11-04 13:02:35,068 - WARNING - Failed to index chunk_id: 3dfc4e57-8bfd-41ea-b4c4-f255d226e87c
2025-11-04 13:02:35,068 - WARNING - Failed to index chunk_id: 4c5e2a98-f089-49d9-ad9b-ba379ac60e26
2025-11-04 13:02:35,068 - WARNING - Failed to index chunk_id: 84eb3934-39f6-4a3a-b811-48a73202d721
2025-11-04 13:02:35,068 - WARNING - Failed to index chunk_id: d29d74fa-02d6-4080-8bbd-5eeac98cda10
2025-11-04 13:02:35,068 - WARNING - Failed to index chunk_id: 191137e1-be39-4f31-abbd-fd1c62845526
2025-11-04 13:02:35,068 - WARNING - Failed to index chunk_id: ed400187-6cce-4d3d-84d9-b5410f1936e6
2025-11-04 13:02:35,141 - WARNING - Failed to index chunk_id: ef91ef19-3a31-4c7c-a876-5aadd754dc39
2025-11-04 13:02:35,141 - WARNING - Failed to index chunk_id: 230e265c-593c-42e9-8de4-fb559f34cdb5
2025-11-04 13:02:35,141 - WARNING - Failed to index chunk_id: 560dffb2-fc13-464b-b10b-2504d933f48c
2025-11-04 13:02:35,141 - WARNING - Failed to index chunk_id: 43d671d4-9220-4658-8587-c1ea0b74db63
2025-11-04 13:02:35,141 - WARNING - Failed to index chunk_id: e084b1a7-951a-4b85-b1d2-299a47dfc870
2025-11-04 13:02:35,141 - WARNING - Failed to index chunk_id: e770c2ff-0a1d-46cd-9f09-6bcad108ba5d
2025-11-04 13:02:35,141 - WARNING - Failed to index chunk_id: 9e35fcab-7f35-44e1-b44b-c1d3736068c9
2025-11-04 13:02:35,141 - WARNING - Failed to index chunk_id: b7c50a09-0b01-4127-a368-405a79774b3c
2025-11-04 13:02:35,141 - WARNING - Failed to index chunk_id: a2187808-2884-45e9-8004-2455ec75fe50
2025-11-04 13:02:35,141 - WARNING - Failed to index chunk_id: 4f07e747-3bc6-4e48-9e0b-000b9bcfcbc8
2025-11-04 13:02:35,141 - WARNING - Failed to index chunk_id: 52bf2bef-d6ee-4c5f-a632-5351789c3a1e
2025-11-04 13:02:35,141 - WARNING - Failed to index chunk_id: 98bd9384-bfa9-41e1-8990-17c54d6b0a3b
2025-11-04 13:02:35,141 - WARNING - Failed to index chunk_id: 6a88b91d-851d-44ff-9471-7eafac026591
2025-11-04 13:02:35,141 - WARNING - Failed to index chunk_id: c0fcd32d-7a66-4c7c-ad59-d691c2eb9f57
2025-11-04 13:02:35,141 - WARNING - Failed to index chunk_id: 22b722fb-eeaa-42d3-b634-5832e9f18232
2025-11-04 13:02:35,141 - WARNING - Failed to index chunk_id: 79cee5f9-8e2a-464f-8312-378a3648f157
2025-11-04 13:02:35,141 - WARNING - Failed to index chunk_id: c52bbd99-cd5c-4776-82af-d49616407e94
2025-11-04 13:02:35,141 - WARNING - Failed to index chunk_id: 30fdcbeb-233f-40aa-9d09-c11d13f25afa
2025-11-04 13:02:35,141 - WARNING - Failed to index chunk_id: 5953f87b-9095-486a-bd77-bb22c4976d05
2025-11-04 13:02:35,141 - WARNING - Failed to index chunk_id: bd9bfe44-8fcb-412f-9244-a52bcbd90025
2025-11-04 13:02:35,141 - WARNING - Failed to index chunk_id: 94d5898b-7c03-4505-a9fb-6c4cc92fe485
2025-11-04 13:02:35,141 - WARNING - Failed to index chunk_id: 6f783a20-7ff0-4656-ae7e-7980978ac43b
2025-11-04 13:02:35,141 - WARNING - Failed to index chunk_id: ba22a298-f0e3-420b-88e7-9c49e47e86b5
2025-11-04 13:02:35,141 - WARNING - Failed to index chunk_id: f27c7618-2c44-47e4-9151-7fcd241927d0
2025-11-04 13:02:35,141 - WARNING - Failed to index chunk_id: 3373098e-a5cc-4e3c-99f0-37b2cbc97aba
2025-11-04 13:02:35,141 - WARNING - Failed to index chunk_id: 1faa2583-f2ae-4fe0-91ff-cf55e5e33dab
2025-11-04 13:02:35,141 - WARNING - Failed to index chunk_id: f86c2fdb-c48c-44c4-ad75-f76a3a0768b2
2025-11-04 13:02:35,141 - WARNING - Failed to index chunk_id: 50017775-d11c-4b14-83ee-02e5d56ce2e8
2025-11-04 13:02:35,141 - WARNING - Failed to index chunk_id: 947f9d21-e9aa-4011-8e0f-1e6e895a9fc7
2025-11-04 13:02:35,141 - WARNING - Failed to index chunk_id: 6fb96157-589a-4254-a682-c89057a63e3c
2025-11-04 13:02:35,141 - WARNING - Failed to index chunk_id: 78bf8cd5-7d4c-41f1-a692-5ef0487fa5d0
2025-11-04 13:02:35,141 - WARNING - Failed to index chunk_id: 3db3ecf0-7b71-49e4-850b-63886922ebdf
2025-11-04 13:02:35,141 - WARNING - Failed to index chunk_id: 1844b4b4-06f8-4b3f-8e8b-6cad65f56878
2025-11-04 13:02:35,141 - WARNING - Failed to index chunk_id: 3a1346ea-d7ac-4c71-989a-2eb3e80d052f
2025-11-04 13:02:35,141 - WARNING - Failed to index chunk_id: d6bb439b-6797-4124-8a2b-e49226d96098
2025-11-04 13:02:35,141 - WARNING - Failed to index chunk_id: 5bd340a4-0934-44f7-a755-eced7454ebc9
2025-11-04 13:02:35,141 - WARNING - Failed to index chunk_id: 576c94b2-fa6e-45d7-ae26-2f2a8b35bbad
2025-11-04 13:02:35,141 - WARNING - Failed to index chunk_id: 0454ddd5-9ce6-4ab4-a89f-3edb9908e524
2025-11-04 13:02:35,141 - WARNING - Failed to index chunk_id: 7924ad23-01dd-4d14-a9b6-e6b6a4e97243
2025-11-04 13:02:35,141 - WARNING - Failed to index chunk_id: 6f1f6f1d-2ac5-4a44-9ad1-2c4e3ee00454
2025-11-04 13:02:35,141 - WARNING - Failed to index chunk_id: 64eb50a9-3734-4901-8593-10b5caab3fe5
2025-11-04 13:02:35,141 - WARNING - Failed to index chunk_id: b8dee67d-eda8-4a05-a118-f72416247e81
2025-11-04 13:02:35,141 - WARNING - Failed to index chunk_id: 8837ddb2-f08f-4d28-93fb-a7fd52d0a2e4
2025-11-04 13:02:35,141 - WARNING - Failed to index chunk_id: 6ef32333-7152-4152-82b7-1dbffcf898e0
2025-11-04 13:02:35,141 - WARNING - Failed to index chunk_id: 9fd7c730-14a3-4973-ac29-c944d747a723
2025-11-04 13:02:35,141 - WARNING - Failed to index chunk_id: 6fccd0ce-37bd-48e1-b084-ef66889afa13
2025-11-04 13:02:35,141 - WARNING - Failed to index chunk_id: a16305a5-9b7a-4187-a760-5d4f2ce71575
2025-11-04 13:02:35,141 - WARNING - Failed to index chunk_id: 76e3436c-cd0c-4a0d-b166-a66e99a269c5
2025-11-04 13:02:35,141 - WARNING - Failed to index chunk_id: dfb053a9-fbee-4fbf-b141-e47d867fd076
2025-11-04 13:02:35,141 - WARNING - Failed to index chunk_id: 4969e378-2e25-4b2a-9538-57df8d6b0932
2025-11-04 13:02:35,141 - WARNING - Failed to index chunk_id: 73e06b5a-ac0f-4492-8600-a1255e46b385
2025-11-04 13:02:35,141 - WARNING - Failed to index chunk_id: 626b328e-a26c-421a-82b2-72f5d90f1932
2025-11-04 13:02:35,141 - WARNING - Failed to index chunk_id: cf3487e5-1eae-4667-be84-96b1e7bfff73
2025-11-04 13:02:35,141 - WARNING - Failed to index chunk_id: 6e80b361-7653-4e28-bd0c-3abcf0afdb03
2025-11-04 13:02:35,141 - WARNING - Failed to index chunk_id: 60bc5ee6-0789-4c17-9193-29056f9cf843
2025-11-04 13:02:35,141 - WARNING - Failed to index chunk_id: 6aae2838-bb8a-43a9-926a-da79db942301
2025-11-04 13:02:35,141 - WARNING - Failed to index chunk_id: 20c6bbb3-7c79-4819-86ca-459e8a6f9b3a
2025-11-04 13:02:35,141 - WARNING - Failed to index chunk_id: 563f2cd5-88a9-40c7-92d2-e56e0bbe4640
2025-11-04 13:02:35,141 - WARNING - Failed to index chunk_id: 622bc26e-8650-4523-ae14-f51631b9f768
2025-11-04 13:02:35,141 - WARNING - Failed to index chunk_id: e2390168-a43a-4ef0-9290-61f987e6cd23
2025-11-04 13:02:35,141 - WARNING - Failed to index chunk_id: af09f1ea-37d3-4296-a326-caeb70a7f21d
2025-11-04 13:02:35,141 - WARNING - Failed to index chunk_id: d29ee8b5-5d73-4302-96bc-eb4f0981a18e
2025-11-04 13:02:35,141 - WARNING - Failed to index chunk_id: 2c90742e-8d88-4672-b009-81cfc51f8c7b
2025-11-04 13:02:35,141 - WARNING - Failed to index chunk_id: 16bca86f-95ac-4392-bccd-9c6a9881feaa
2025-11-04 13:02:35,141 - WARNING - Failed to index chunk_id: 62d9de24-3187-41df-94f4-84ebc3984e7b
2025-11-04 13:02:35,141 - WARNING - Failed to index chunk_id: 8bcbfca2-1cdb-4cad-8890-a21345181a0f
2025-11-04 13:02:35,141 - WARNING - Failed to index chunk_id: 87e26748-56b4-49c6-bf47-5590f3666bda
2025-11-04 13:02:35,141 - WARNING - Failed to index chunk_id: 2ee054c6-6bf1-462b-bd8a-7eaf1c7617e6
2025-11-04 13:02:35,141 - WARNING - Failed to index chunk_id: 3723322a-114b-4e2e-82ca-8ecc15689b25
2025-11-04 13:02:35,141 - WARNING - Failed to index chunk_id: 7042d942-e759-4133-bd5d-80fa6ca587cf
2025-11-04 13:02:35,141 - WARNING - Failed to index chunk_id: 73c6f3a5-25c1-4be1-8e57-1b954d05af67
2025-11-04 13:02:35,141 - WARNING - Failed to index chunk_id: c8f243c2-a647-44cd-8ba9-4fc352fb3b0d
2025-11-04 13:02:35,141 - WARNING - Failed to index chunk_id: 9f3c96a1-7760-4025-88f3-3659d496ebf1
2025-11-04 13:02:35,141 - WARNING - Failed to index chunk_id: f9c49cde-9177-40f8-813f-e1e061c918bd
2025-11-04 13:02:35,141 - WARNING - Failed to index chunk_id: 19271f48-1402-4767-a954-e25f8984364f
2025-11-04 13:02:35,141 - WARNING - Failed to index chunk_id: 24c91edc-13d0-46c3-be4d-f8ee9617afc1
2025-11-04 13:02:35,141 - WARNING - Failed to index chunk_id: c7f0b99e-4cd2-452b-8944-21bc89b215b4
2025-11-04 13:02:35,141 - WARNING - Failed to index chunk_id: 1e1b120e-2871-46ef-a3d1-d87552cc1fd4
2025-11-04 13:02:35,141 - WARNING - Failed to index chunk_id: 6212a2b7-0c18-4795-b696-49a0410bede3
2025-11-04 13:02:35,141 - WARNING - Failed to index chunk_id: 0b338d2c-dcd4-4690-a066-9fe169a3367b
2025-11-04 13:02:35,141 - WARNING - Failed to index chunk_id: 6c463200-3f26-4de0-a2c7-ff03c3ff2cf4
2025-11-04 13:02:35,141 - WARNING - Failed to index chunk_id: e8cc5c38-e17a-4a0b-8f46-6bc0370fe050
2025-11-04 13:02:35,141 - WARNING - Failed to index chunk_id: 7b174294-cd62-44bc-a8b5-74f96452a215
2025-11-04 13:02:35,141 - WARNING - Failed to index chunk_id: ce799edf-72e3-492b-89f5-81aed23610c9
2025-11-04 13:02:35,141 - WARNING - Failed to index chunk_id: 93d39e34-a18d-4096-945d-0477e3a1fd09
2025-11-04 13:02:35,141 - WARNING - Failed to index chunk_id: 1b104cfa-9d7f-41fc-aa9a-8a59a6800b10
2025-11-04 13:02:35,141 - WARNING - Failed to index chunk_id: 08df7c90-bd30-4e29-becc-3c991aba8d24
2025-11-04 13:02:35,141 - WARNING - Failed to index chunk_id: 7d1035b4-28c6-4a17-bad2-d161e85213ef
2025-11-04 13:02:35,141 - WARNING - Failed to index chunk_id: 9d2d5c08-b977-4331-8271-8f7af9a894bb
2025-11-04 13:02:35,141 - WARNING - Failed to index chunk_id: 6b37032a-01a7-40dc-bb83-4d54045b76ec
2025-11-04 13:02:35,141 - WARNING - Failed to index chunk_id: 2b8b21a4-e8de-423e-a741-737191972e75
2025-11-04 13:02:35,141 - WARNING - Failed to index chunk_id: 9abe71d2-9d3c-405d-afdb-820e9221f698
2025-11-04 13:02:35,141 - WARNING - Failed to index chunk_id: 2be37422-bc08-44e3-8874-d09f87adb103
2025-11-04 13:02:35,142 - WARNING - Failed to index chunk_id: 2f3e7695-b647-4cfc-a9a4-7a83cc5c3c10
2025-11-04 13:02:35,142 - WARNING - Failed to index chunk_id: c6349f89-1c19-4030-994b-d60a53096688
2025-11-04 13:02:35,142 - WARNING - Failed to index chunk_id: 7241e5a0-a835-4899-8f81-9c0a2b6ef90a
2025-11-04 13:02:35,142 - WARNING - Failed to index chunk_id: bf96d61a-dc5e-4acb-aaae-5fa1ba64dc60
2025-11-04 13:02:35,142 - WARNING - Failed to index chunk_id: 9f472156-076d-4e1f-ad02-6f9b2fd25801
2025-11-04 13:02:35,142 - WARNING - Failed to index chunk_id: a54cc861-3a1e-434f-ac21-959423373a23
2025-11-04 13:02:35,142 - WARNING - Failed to index chunk_id: e6b2ba30-dff8-47d5-9da1-48dabf90809d
2025-11-04 13:02:35,215 - WARNING - Failed to index chunk_id: 3d1703c6-00e6-4b5f-89af-14c34190d421
2025-11-04 13:02:35,215 - WARNING - Failed to index chunk_id: 716ad5fe-8ecf-417a-860e-f768460193f3
2025-11-04 13:02:35,216 - WARNING - Failed to index chunk_id: 600c1d8f-7ec4-42b2-97a0-61d645f5f8f7
2025-11-04 13:02:35,216 - WARNING - Failed to index chunk_id: a4a528dc-972b-433a-a37f-8e1c120a325e
2025-11-04 13:02:35,216 - WARNING - Failed to index chunk_id: f429ca73-db63-48e4-9c6f-9860e09b1ec6
2025-11-04 13:02:35,216 - WARNING - Failed to index chunk_id: b09e4ed4-e0d5-4daf-9735-c0289e71667f
2025-11-04 13:02:35,216 - WARNING - Failed to index chunk_id: 721b063e-6488-48b7-a7ec-ec3046ca5737
2025-11-04 13:02:35,216 - WARNING - Failed to index chunk_id: 8acf6476-874d-4c2d-869d-73eb5349dc09
2025-11-04 13:02:35,216 - WARNING - Failed to index chunk_id: 3c15c50f-4039-403b-94dc-f25bb03a5b37
2025-11-04 13:02:35,216 - WARNING - Failed to index chunk_id: 33d275f3-6563-4ba4-be59-b6eb5d5ef6cd
2025-11-04 13:02:35,216 - WARNING - Failed to index chunk_id: 799c78db-d4f4-4db5-8cf1-5f6fdb2935c8
2025-11-04 13:02:35,216 - WARNING - Failed to index chunk_id: 858cdc0a-9344-496d-a428-a8b1ba8bb8e0
2025-11-04 13:02:35,216 - WARNING - Failed to index chunk_id: e4f078fc-fde0-4362-ada1-731bc5beec72
2025-11-04 13:02:35,216 - WARNING - Failed to index chunk_id: de2746a3-826b-4cd2-b129-339a9efb5774
2025-11-04 13:02:35,216 - WARNING - Failed to index chunk_id: 5cd1fb09-07ed-44dd-98c2-e695c2e6116b
2025-11-04 13:02:35,216 - WARNING - Failed to index chunk_id: 37008d37-ce5d-4e88-b0be-9f520f25c0e7
2025-11-04 13:02:35,216 - WARNING - Failed to index chunk_id: 95648876-41ad-4d43-975a-677ad5f5dbca
2025-11-04 13:02:35,216 - WARNING - Failed to index chunk_id: 87bbd3bd-cdc2-4d43-973d-d4071069cd91
2025-11-04 13:02:35,216 - WARNING - Failed to index chunk_id: 813d61c2-f727-4553-aa9d-b20f59eac755
2025-11-04 13:02:35,216 - WARNING - Failed to index chunk_id: eb9086d3-ab9f-454e-8498-154024e94b13
2025-11-04 13:02:35,216 - WARNING - Failed to index chunk_id: e9008527-52b8-4e71-a19c-0bb59ef20706
2025-11-04 13:02:35,216 - WARNING - Failed to index chunk_id: ac8199bf-f1ee-42bd-b314-f1dc28cdbf6b
2025-11-04 13:02:35,216 - WARNING - Failed to index chunk_id: 5184d1f1-8e38-4225-bca8-919811169aed
2025-11-04 13:02:35,216 - WARNING - Failed to index chunk_id: 1a0590bf-9718-4f4c-9beb-9a17ed624d85
2025-11-04 13:02:35,216 - WARNING - Failed to index chunk_id: 27b18a66-633d-484c-9a8c-ed7df77f6878
2025-11-04 13:02:35,216 - WARNING - Failed to index chunk_id: 1836ab84-78fc-4c2e-8030-dfdef1852b74
2025-11-04 13:02:35,216 - WARNING - Failed to index chunk_id: 7b1d4c0e-d358-4015-a9a0-ba524277d7f1
2025-11-04 13:02:35,216 - WARNING - Failed to index chunk_id: 677122b3-113d-4380-9f51-094d2f2ae3b4
2025-11-04 13:02:35,216 - WARNING - Failed to index chunk_id: 80c4a8e6-c2c6-423c-95aa-aca4bfcac77f
2025-11-04 13:02:35,216 - WARNING - Failed to index chunk_id: 7ac86464-f86d-4cce-9e06-5c22132e42a9
2025-11-04 13:02:35,216 - WARNING - Failed to index chunk_id: d5b2bbef-df9a-4b02-8f50-d68ca0c4c91f
2025-11-04 13:02:35,216 - WARNING - Failed to index chunk_id: cc0a38b0-38d1-4f1c-9d7a-2ec240a6f0e5
2025-11-04 13:02:35,216 - WARNING - Failed to index chunk_id: 98ad5afd-8ac0-46ed-9d62-590fa2feda2f
2025-11-04 13:02:35,216 - WARNING - Failed to index chunk_id: 70753290-9634-453b-bd6d-1a3441f3932f
2025-11-04 13:02:35,216 - WARNING - Failed to index chunk_id: 4f83fdca-07f8-4696-a0cd-83f469eaaf59
2025-11-04 13:02:35,216 - WARNING - Failed to index chunk_id: 7cbfbd42-29dd-4a23-b1ff-fc21a24dd1ae
2025-11-04 13:02:35,216 - WARNING - Failed to index chunk_id: 4f0d7781-ee39-4250-9d7f-b4e2aa425c39
2025-11-04 13:02:35,216 - WARNING - Failed to index chunk_id: e886ecdf-c439-439d-90e4-fcb1e2e1f83f
2025-11-04 13:02:35,216 - WARNING - Failed to index chunk_id: 34d5f174-bd88-441a-806b-72482abd537b
2025-11-04 13:02:35,216 - WARNING - Failed to index chunk_id: 1df4ec89-2449-4e73-8877-f01f7b20ed06
2025-11-04 13:02:35,216 - WARNING - Failed to index chunk_id: 2d4f6938-8eb6-4991-bd44-05c15e7a247c
2025-11-04 13:02:35,216 - WARNING - Failed to index chunk_id: 033ad185-5ee1-4747-ae5b-63b60713173e
2025-11-04 13:02:35,216 - WARNING - Failed to index chunk_id: 099b9554-384e-4b28-94cf-bdc431238870
2025-11-04 13:02:35,216 - WARNING - Failed to index chunk_id: 4c968295-0391-4e58-a926-643b62c02c0b
2025-11-04 13:02:35,216 - WARNING - Failed to index chunk_id: 1dcb81fc-d85c-477a-bcd8-cc48602040e4
2025-11-04 13:02:35,216 - WARNING - Failed to index chunk_id: d0cbe6a3-a743-4f63-aad4-22fd09620802
2025-11-04 13:02:35,216 - WARNING - Failed to index chunk_id: beccd3fc-e0b9-4f7d-8e84-216da5ea67f6
2025-11-04 13:02:35,216 - WARNING - Failed to index chunk_id: 309c6000-0002-4e21-92a2-82f7e5dbc36f
2025-11-04 13:02:35,216 - WARNING - Failed to index chunk_id: 431ba70a-89e0-42c6-a88a-17877ccb08c6
2025-11-04 13:02:35,216 - WARNING - Failed to index chunk_id: 58b4b556-ad6f-4d21-82d8-6a6d072e6519
2025-11-04 13:02:35,216 - WARNING - Failed to index chunk_id: 66a4431e-e282-44e7-bf62-7fbc9999f432
2025-11-04 13:02:35,216 - WARNING - Failed to index chunk_id: 06c30f17-6473-4cb8-898b-b17e920c8bb0
2025-11-04 13:02:35,216 - WARNING - Failed to index chunk_id: 1f18ec1f-7283-4352-9401-0dd1e011461e
2025-11-04 13:02:35,216 - WARNING - Failed to index chunk_id: e66e4cde-5ae0-43b8-9710-ee67bd0e0ae2
2025-11-04 13:02:35,216 - WARNING - Failed to index chunk_id: 462801d7-488b-42a5-89c9-b68851850cd2
2025-11-04 13:02:35,216 - WARNING - Failed to index chunk_id: c6325cb4-b788-4739-b1ad-44ea6b7ab874
2025-11-04 13:02:35,216 - WARNING - Failed to index chunk_id: 94c2660f-e870-4d65-a9fb-e4ad7b347ae2
2025-11-04 13:02:35,216 - WARNING - Failed to index chunk_id: 5a2d3acd-db2c-4161-af69-b343f440c238
2025-11-04 13:02:35,216 - WARNING - Failed to index chunk_id: c18925ca-f41c-45e6-8129-962c999fcdb3
2025-11-04 13:02:35,216 - WARNING - Failed to index chunk_id: 4d8a06f6-3990-4f02-91ba-beeadff7c25b
2025-11-04 13:02:35,216 - WARNING - Failed to index chunk_id: 3fd38689-52db-4654-8a8d-1415f061fc1b
2025-11-04 13:02:35,216 - WARNING - Failed to index chunk_id: 16d5b9ca-db5b-4ba4-ae1c-161fc75ffcee
2025-11-04 13:02:35,216 - WARNING - Failed to index chunk_id: a372f062-2761-4971-a5c0-0a4ceb84e652
2025-11-04 13:02:35,216 - WARNING - Failed to index chunk_id: ae180b27-5081-41ae-938e-6ae4b4c5831e
2025-11-04 13:02:35,216 - WARNING - Failed to index chunk_id: fe70ab0d-257e-4aed-94b7-61f2ea0916f6
2025-11-04 13:02:35,216 - WARNING - Failed to index chunk_id: c7808ae8-2520-4f9e-8d13-59199d786047
2025-11-04 13:02:35,216 - WARNING - Failed to index chunk_id: e174d865-5c5c-4aa6-91fb-5f6357c2f32f
2025-11-04 13:02:35,216 - WARNING - Failed to index chunk_id: de74e7cc-4f5a-4232-b0fa-12733a9bee1a
2025-11-04 13:02:35,216 - WARNING - Failed to index chunk_id: ec52421d-b8b7-4b6a-a78f-1df02e156e5f
2025-11-04 13:02:35,216 - WARNING - Failed to index chunk_id: 6a364e75-db1d-4af1-b275-a6af919fa059
2025-11-04 13:02:35,216 - WARNING - Failed to index chunk_id: 183dbcc3-b123-448e-85ea-44b58f8c6e29
2025-11-04 13:02:35,216 - WARNING - Failed to index chunk_id: c3cfbcfc-9497-41bb-b3a3-98b4ed89ba8c
2025-11-04 13:02:35,216 - WARNING - Failed to index chunk_id: 7c5f0a6c-48a3-461d-aaca-44711c90cb59
2025-11-04 13:02:35,216 - WARNING - Failed to index chunk_id: f12ef803-c4dd-4ab9-a439-a4f4bcb32101
2025-11-04 13:02:35,216 - WARNING - Failed to index chunk_id: 1bad2509-1d36-4b48-9fa5-907f4d19ee1d
2025-11-04 13:02:35,216 - WARNING - Failed to index chunk_id: d69b868f-30f1-4778-9f99-9240025f92fc
2025-11-04 13:02:35,216 - WARNING - Failed to index chunk_id: 5eacdf7d-92a5-4d1c-97ce-aa8856c29163
2025-11-04 13:02:35,216 - WARNING - Failed to index chunk_id: ee6b800b-3d15-468a-b940-7a708adbd84d
2025-11-04 13:02:35,216 - WARNING - Failed to index chunk_id: 1fd4499c-00d8-46bc-8d76-677cd5e33ac1
2025-11-04 13:02:35,216 - WARNING - Failed to index chunk_id: 03f88937-722a-4432-a496-4988896b524b
2025-11-04 13:02:35,216 - WARNING - Failed to index chunk_id: a50a25b4-9020-4dc5-a6cd-ccd56b9c551d
2025-11-04 13:02:35,216 - WARNING - Failed to index chunk_id: 64250568-ff91-4619-9154-a4ef65a1302c
2025-11-04 13:02:35,216 - WARNING - Failed to index chunk_id: 9ff35657-348d-4a24-a3ec-75770a8689f5
2025-11-04 13:02:35,216 - WARNING - Failed to index chunk_id: 17e01753-9e72-4407-8a93-e3abb51d8f03
2025-11-04 13:02:35,216 - WARNING - Failed to index chunk_id: 7b303d62-09c4-4fb9-ba33-4d94bcd4b006
2025-11-04 13:02:35,216 - WARNING - Failed to index chunk_id: e4f6b344-ab58-4bd1-8bbd-9644ba5a76f3
2025-11-04 13:02:35,216 - WARNING - Failed to index chunk_id: e650b789-71b4-4ddb-9640-c4c77b77c717
2025-11-04 13:02:35,216 - WARNING - Failed to index chunk_id: 230a69d6-ec92-4a31-b820-09098306898f
2025-11-04 13:02:35,216 - WARNING - Failed to index chunk_id: 1a242ab8-194b-4aab-ba53-12a05cfbbe07
2025-11-04 13:02:35,216 - WARNING - Failed to index chunk_id: f76916f4-89ee-49ef-a35f-9cd3d342bc5c
2025-11-04 13:02:35,216 - WARNING - Failed to index chunk_id: a171b038-1ad3-4caf-958e-d24e834e75fe
2025-11-04 13:02:35,216 - WARNING - Failed to index chunk_id: f33b3fe8-4cb1-4b96-b955-aba4eaa680b0
2025-11-04 13:02:35,216 - WARNING - Failed to index chunk_id: 70f0fdaf-79d3-402f-a09b-16d5e25a848a
2025-11-04 13:02:35,216 - WARNING - Failed to index chunk_id: 84025b44-89f6-4c46-87c8-e2a91c4127b3
2025-11-04 13:02:35,216 - WARNING - Failed to index chunk_id: 4c4f0bd8-573f-4795-9303-6af1d5a6d1e0
2025-11-04 13:02:35,216 - WARNING - Failed to index chunk_id: 104fa054-2613-4db1-a239-48ee7c9ce6e7
2025-11-04 13:02:35,216 - WARNING - Failed to index chunk_id: e67c5a38-2797-43b5-962f-43ace0d51b3f
2025-11-04 13:02:35,216 - WARNING - Failed to index chunk_id: 7dd3c9d0-f390-4c52-8eea-01ac6f0c8e15
2025-11-04 13:02:35,216 - WARNING - Failed to index chunk_id: 4088e343-9296-4bad-8cbe-4bb060088103
2025-11-04 13:02:35,216 - WARNING - Failed to index chunk_id: e53a58dd-2379-4b09-921e-30cae9e0f9fa
2025-11-04 13:02:35,291 - WARNING - Failed to index chunk_id: ee0741a6-749c-4d2f-8239-9cc8af79f31c
2025-11-04 13:02:35,291 - WARNING - Failed to index chunk_id: d2f8e3e3-8444-4e0c-8217-a043a65809eb
2025-11-04 13:02:35,291 - WARNING - Failed to index chunk_id: d1962fea-f8cb-4b97-9f11-572cad57709d
2025-11-04 13:02:35,291 - WARNING - Failed to index chunk_id: 5b791059-4d45-49a4-a832-80f4f5b63eb5
2025-11-04 13:02:35,291 - WARNING - Failed to index chunk_id: 25a03823-4dbd-4f18-8d1d-7bfc148625c4
2025-11-04 13:02:35,291 - WARNING - Failed to index chunk_id: ed83d162-5480-4478-b695-62285f664b6b
2025-11-04 13:02:35,291 - WARNING - Failed to index chunk_id: 081a3a19-b6dc-42d8-b33d-7d646b59eda8
2025-11-04 13:02:35,291 - WARNING - Failed to index chunk_id: df15c526-68da-427c-b294-eb4bacae196a
2025-11-04 13:02:35,291 - WARNING - Failed to index chunk_id: 579f8344-8d8c-407e-82c3-3888593d31bb
2025-11-04 13:02:35,291 - WARNING - Failed to index chunk_id: 766ffb34-4924-4f56-a7c0-ded2adc6d12f
2025-11-04 13:02:35,291 - WARNING - Failed to index chunk_id: 1f5be256-13fe-4c66-80d3-1bf8567abb10
2025-11-04 13:02:35,291 - WARNING - Failed to index chunk_id: 8d10f9b7-dfcf-4565-9bb8-22efc1e42242
2025-11-04 13:02:35,291 - WARNING - Failed to index chunk_id: f17a80b5-c6b8-4ebf-8101-6da7feeb701e
2025-11-04 13:02:35,291 - WARNING - Failed to index chunk_id: 5624c7cd-e283-4b22-868e-6380fed7be0e
2025-11-04 13:02:35,291 - WARNING - Failed to index chunk_id: 08e01958-2f7f-4860-9c8d-890e8e61dfab
2025-11-04 13:02:35,291 - WARNING - Failed to index chunk_id: f67d20cd-4f31-49b9-9442-bc3ae2a6a9c0
2025-11-04 13:02:35,291 - WARNING - Failed to index chunk_id: 4075fe42-a57d-4e34-a78a-6aeb7204e039
2025-11-04 13:02:35,291 - WARNING - Failed to index chunk_id: bf95995a-5256-4b79-882e-9b006204fc21
2025-11-04 13:02:35,291 - WARNING - Failed to index chunk_id: 3c6c0577-0605-4876-9acf-05d857a64cdc
2025-11-04 13:02:35,291 - WARNING - Failed to index chunk_id: 4c9ae5b0-2d60-4956-8735-ea9bd3946569
2025-11-04 13:02:35,292 - WARNING - Failed to index chunk_id: 288270cb-8c67-4ba5-a8bc-1f5f85bcf23d
2025-11-04 13:02:35,292 - WARNING - Failed to index chunk_id: df4228c1-bbc5-4bf5-9dbe-5fa3f7193d06
2025-11-04 13:02:35,292 - WARNING - Failed to index chunk_id: 3b3b4d7d-0f8b-45df-835b-06827ac79a6f
2025-11-04 13:02:35,292 - WARNING - Failed to index chunk_id: fc4bf63d-f6a0-4447-a84e-64a2efb5658a
2025-11-04 13:02:35,292 - WARNING - Failed to index chunk_id: a4042ba7-e768-48b3-892b-db5ed5282adc
2025-11-04 13:02:35,292 - WARNING - Failed to index chunk_id: 44375333-f62a-465d-bfb1-28f7b09409c8
2025-11-04 13:02:35,292 - WARNING - Failed to index chunk_id: a50d018c-0036-49b0-895c-2d2e2a616ed4
2025-11-04 13:02:35,292 - WARNING - Failed to index chunk_id: d424bc6a-dcd3-4dd7-8a20-f5ef0f655d3a
2025-11-04 13:02:35,292 - WARNING - Failed to index chunk_id: 852d99e6-f5f0-43ab-96f7-4f8497ea3966
2025-11-04 13:02:35,292 - WARNING - Failed to index chunk_id: b713d23e-cb38-445a-a5a8-19e4b003707c
2025-11-04 13:02:35,292 - WARNING - Failed to index chunk_id: be17fc53-733d-456d-b5a2-7d385205bf79
2025-11-04 13:02:35,292 - WARNING - Failed to index chunk_id: 3f6f2919-8223-4d9f-ac7e-8458e31a1e87
2025-11-04 13:02:35,292 - WARNING - Failed to index chunk_id: e97a0d96-4b7c-4837-9bd0-4e0fd3ec5104
2025-11-04 13:02:35,292 - WARNING - Failed to index chunk_id: 4ba190b8-ca6b-4af6-8f35-1757abf81549
2025-11-04 13:02:35,292 - WARNING - Failed to index chunk_id: 36b0632f-f4ed-437c-af9f-1bef3df8e325
2025-11-04 13:02:35,292 - WARNING - Failed to index chunk_id: e3ebcec0-3e4e-4a49-97e7-c368752c0bb3
2025-11-04 13:02:35,292 - WARNING - Failed to index chunk_id: 1607cae1-1bef-420e-a927-58d1ac7ff62d
2025-11-04 13:02:35,292 - WARNING - Failed to index chunk_id: 835badbe-a97d-4ab9-9425-2da11e38f4ff
2025-11-04 13:02:35,292 - WARNING - Failed to index chunk_id: 14937efd-b2b2-4c02-8ff0-12ac65d1afdd
2025-11-04 13:02:35,292 - WARNING - Failed to index chunk_id: 37cbbea1-e65b-4ec2-aa41-8f7fed76b7e2
2025-11-04 13:02:35,292 - WARNING - Failed to index chunk_id: acf450ee-5676-4f92-8b62-3d934ca15e26
2025-11-04 13:02:35,292 - WARNING - Failed to index chunk_id: c30ddfd3-fe18-432c-8db8-442823439777
2025-11-04 13:02:35,292 - WARNING - Failed to index chunk_id: 28d2e78f-3761-4b33-b2bd-621a03faa605
2025-11-04 13:02:35,292 - WARNING - Failed to index chunk_id: 7f8c0c41-3db0-4bc3-a10a-32e1698d9dee
2025-11-04 13:02:35,292 - WARNING - Failed to index chunk_id: d05d4e25-9f5c-4b85-bdcc-4744d28153a3
2025-11-04 13:02:35,292 - WARNING - Failed to index chunk_id: 25089380-ece6-473b-b99e-f14908392b8e
2025-11-04 13:02:35,292 - WARNING - Failed to index chunk_id: fcb2dbac-2492-4829-b2da-cb7576a01e07
2025-11-04 13:02:35,292 - WARNING - Failed to index chunk_id: cf37f5fa-66bf-4ce0-8028-dcfd1f7582f4
2025-11-04 13:02:35,292 - WARNING - Failed to index chunk_id: 23155f1b-6ebc-401b-a754-8f06bed679ec
2025-11-04 13:02:35,292 - WARNING - Failed to index chunk_id: b9e64ac3-caaa-4c5a-9aa4-ac866cc686bd
2025-11-04 13:02:35,292 - WARNING - Failed to index chunk_id: 44103c62-6f74-435a-bc29-77270c859a7d
2025-11-04 13:02:35,292 - WARNING - Failed to index chunk_id: 8727d8a7-c1d6-4afe-a097-26908bccbd9f
2025-11-04 13:02:35,292 - WARNING - Failed to index chunk_id: d0c023d2-9ae9-4a03-ba42-e98e221b99ad
2025-11-04 13:02:35,292 - WARNING - Failed to index chunk_id: fa8b769d-39c0-4e71-a51e-b8bd25c5e6d7
2025-11-04 13:02:35,292 - WARNING - Failed to index chunk_id: f8a5fd7a-4359-431c-bf23-43526479e7df
2025-11-04 13:02:35,292 - WARNING - Failed to index chunk_id: f0b78df4-85ef-4d0a-96dd-eb9eda9abf96
2025-11-04 13:02:35,292 - WARNING - Failed to index chunk_id: a27305fa-f3c2-492c-adae-99ac687cbadd
2025-11-04 13:02:35,292 - WARNING - Failed to index chunk_id: 593e1820-1f38-4308-90ab-0dc684fff5e7
2025-11-04 13:02:35,292 - WARNING - Failed to index chunk_id: a9771b72-383c-453c-9d40-aab1028afb47
2025-11-04 13:02:35,292 - WARNING - Failed to index chunk_id: 382bddc4-7138-4b07-8aad-6a6d3f4f7285
2025-11-04 13:02:35,292 - WARNING - Failed to index chunk_id: 763f93b3-cc69-4dbe-a66d-79958cfacd0c
2025-11-04 13:02:35,292 - WARNING - Failed to index chunk_id: 6dfa957a-76e0-446a-946f-5286054be347
2025-11-04 13:02:35,292 - WARNING - Failed to index chunk_id: 6973a419-d749-4a0c-8854-03b42da704eb
2025-11-04 13:02:35,292 - WARNING - Failed to index chunk_id: 1a1595b7-b8f3-4063-aab4-583605115387
2025-11-04 13:02:35,292 - WARNING - Failed to index chunk_id: 12c6ac46-76aa-493d-a56f-62d1a792533e
2025-11-04 13:02:35,292 - WARNING - Failed to index chunk_id: a6218b16-ba43-4480-b2b6-67d6745a4c2c
2025-11-04 13:02:35,292 - WARNING - Failed to index chunk_id: 6559eebb-1d7a-4d4f-b3da-5cc67273d63b
2025-11-04 13:02:35,292 - WARNING - Failed to index chunk_id: 76351687-787a-4e2d-af9f-ffeaa9ba9a6d
2025-11-04 13:02:35,292 - WARNING - Failed to index chunk_id: 13908264-1dc3-4cb7-b2a0-8aaf0ac61acd
2025-11-04 13:02:35,292 - WARNING - Failed to index chunk_id: 7d79e4b5-23db-4cc4-94d8-ff84a20db3be
2025-11-04 13:02:35,292 - WARNING - Failed to index chunk_id: 8df88937-1ab1-4611-a383-c744e6b88828
2025-11-04 13:02:35,292 - WARNING - Failed to index chunk_id: 13fbbe5f-7f8c-4918-9cca-7955e1d4cae5
2025-11-04 13:02:35,292 - WARNING - Failed to index chunk_id: 9d5eafa5-337f-44ff-861f-2cfd7c77fb4c
2025-11-04 13:02:35,292 - WARNING - Failed to index chunk_id: 437bea4f-bb5d-4e80-8e9b-490eac3bfe78
2025-11-04 13:02:35,292 - WARNING - Failed to index chunk_id: c92b5d80-4ae8-469f-9f69-06e01b59dde1
2025-11-04 13:02:35,292 - WARNING - Failed to index chunk_id: dde84b72-cb3f-4ffb-a816-12b835866473
2025-11-04 13:02:35,292 - WARNING - Failed to index chunk_id: b12f7ba5-4ddf-4662-8904-5d201127b90b
2025-11-04 13:02:35,292 - WARNING - Failed to index chunk_id: ae48a166-c747-4101-a4df-8a20542b481d
2025-11-04 13:02:35,292 - WARNING - Failed to index chunk_id: 5c2159e6-e7c5-47af-b6c4-d206d4d3afa6
2025-11-04 13:02:35,292 - WARNING - Failed to index chunk_id: a0d07d12-562d-439c-8f55-02578498cc62
2025-11-04 13:02:35,292 - WARNING - Failed to index chunk_id: 914f1687-b5cc-4954-a5da-5e146f07aeaf
2025-11-04 13:02:35,292 - WARNING - Failed to index chunk_id: cbff009c-6f98-46c0-8e3d-ea36ab9f3a59
2025-11-04 13:02:35,292 - WARNING - Failed to index chunk_id: 13a25d77-dc25-4c28-9c2d-4178a5f2c66d
2025-11-04 13:02:35,292 - WARNING - Failed to index chunk_id: 0d12b2fd-be7a-4a0e-83b6-8b440abaa219
2025-11-04 13:02:35,292 - WARNING - Failed to index chunk_id: 26de5a19-7403-4b11-878e-7de792b6c83b
2025-11-04 13:02:35,292 - WARNING - Failed to index chunk_id: 464fbf4d-d6d4-4fd8-b3d9-faefe90eb72f
2025-11-04 13:02:35,292 - WARNING - Failed to index chunk_id: 90e64342-fa87-425d-9609-89a4ca5f0c3b
2025-11-04 13:02:35,292 - WARNING - Failed to index chunk_id: d2f8f0a6-50a5-4c83-9a03-2dd9fc687a4d
2025-11-04 13:02:35,292 - WARNING - Failed to index chunk_id: 37ee7e51-c831-41ab-9f4b-ebba5959b474
2025-11-04 13:02:35,292 - WARNING - Failed to index chunk_id: 50b84d8c-9d16-4f6a-bb07-ac33223794ee
2025-11-04 13:02:35,292 - WARNING - Failed to index chunk_id: 73de81f3-0a1c-4d08-a986-74b1174c57e3
2025-11-04 13:02:35,292 - WARNING - Failed to index chunk_id: b82e7449-8f94-4a5f-ac3c-79cf0ec7a81d
2025-11-04 13:02:35,292 - WARNING - Failed to index chunk_id: 7b8d837e-c952-48cb-a6d8-7001181ed8c6
2025-11-04 13:02:35,292 - WARNING - Failed to index chunk_id: fcc78538-7e2d-40b1-97eb-11de8de42495
2025-11-04 13:02:35,292 - WARNING - Failed to index chunk_id: 39edf2c3-5063-4308-8256-267b9d8f2c13
2025-11-04 13:02:35,292 - WARNING - Failed to index chunk_id: ac20af6f-b9cd-4d3e-ba94-f135cd5aacc4
2025-11-04 13:02:35,292 - WARNING - Failed to index chunk_id: 5d24f695-449a-45b2-962a-78f65f94f4df
2025-11-04 13:02:35,292 - WARNING - Failed to index chunk_id: 9027d4bc-c27d-4822-832c-ddde56098217
2025-11-04 13:02:35,292 - WARNING - Failed to index chunk_id: 066d7c3f-ec85-4142-b219-6c56548b523c
2025-11-04 13:02:35,292 - WARNING - Failed to index chunk_id: db3ef327-e54c-4ccd-83c3-56f7d934e6b6
2025-11-04 13:02:35,364 - WARNING - Failed to index chunk_id: 49e946e3-d040-46fe-9401-a015c066edcd
2025-11-04 13:02:35,364 - WARNING - Failed to index chunk_id: 09cbbb26-1b14-4451-9822-8de21d795026
2025-11-04 13:02:35,364 - WARNING - Failed to index chunk_id: 6ca0d7e7-6843-4a88-aa81-0cea7e89e039
2025-11-04 13:02:35,364 - WARNING - Failed to index chunk_id: f922dc6c-7a4d-434f-bf1a-2c8d36fbb590
2025-11-04 13:02:35,364 - WARNING - Failed to index chunk_id: f6d1606a-5e07-43ff-b96e-65ab6f030ca5
2025-11-04 13:02:35,364 - WARNING - Failed to index chunk_id: b475081c-a88d-4023-a864-345636b73d6e
2025-11-04 13:02:35,364 - WARNING - Failed to index chunk_id: f0155cfa-254f-4957-a513-cb5dc23c27c7
2025-11-04 13:02:35,364 - WARNING - Failed to index chunk_id: 06883bd3-f2d1-4d84-8679-dcc8419d4b23
2025-11-04 13:02:35,364 - WARNING - Failed to index chunk_id: fb62bf79-7a00-4d3b-967a-090c712d3424
2025-11-04 13:02:35,364 - WARNING - Failed to index chunk_id: c9602ca9-2838-44b5-a125-c22071dffbb9
2025-11-04 13:02:35,364 - WARNING - Failed to index chunk_id: 48edc34a-d16b-42ee-8a77-51a0c574d971
2025-11-04 13:02:35,364 - WARNING - Failed to index chunk_id: 5a7cb2da-4b47-437a-b8b0-c89a907e45f3
2025-11-04 13:02:35,364 - WARNING - Failed to index chunk_id: 1adb48de-7a97-4fc6-89ea-8655413cc273
2025-11-04 13:02:35,364 - WARNING - Failed to index chunk_id: 7205cde5-c38e-4d58-8fee-841a3ad1af79
2025-11-04 13:02:35,364 - WARNING - Failed to index chunk_id: 429a05b2-b878-47c4-999d-a6378df183d4
2025-11-04 13:02:35,364 - WARNING - Failed to index chunk_id: 3bdfe0a8-74e4-494b-b29a-28fed0ebfa2f
2025-11-04 13:02:35,364 - WARNING - Failed to index chunk_id: f7939379-980d-4bae-8cca-a4283f541b3c
2025-11-04 13:02:35,364 - WARNING - Failed to index chunk_id: edc7a0d5-72d4-4130-a9c8-bbba4f3811a1
2025-11-04 13:02:35,364 - WARNING - Failed to index chunk_id: 7700d04f-f94f-441e-b064-7611be2fc151
2025-11-04 13:02:35,364 - WARNING - Failed to index chunk_id: 04cb4ba1-ea6b-4240-ad4d-c5f2af0eaa23
2025-11-04 13:02:35,364 - WARNING - Failed to index chunk_id: fc134bda-5e38-4ba1-87fc-7ecb779c7101
2025-11-04 13:02:35,364 - WARNING - Failed to index chunk_id: 2795f171-7439-496b-b2e2-1d96ac95622b
2025-11-04 13:02:35,364 - WARNING - Failed to index chunk_id: 83cd5100-6a72-4fb7-b73b-0cdf7a9c6121
2025-11-04 13:02:35,364 - WARNING - Failed to index chunk_id: 76157b18-00e2-4b2d-bde0-28e3aeb5466f
2025-11-04 13:02:35,364 - WARNING - Failed to index chunk_id: 48391f4c-21a5-4083-9f7f-f025f9f9ed9f
2025-11-04 13:02:35,364 - WARNING - Failed to index chunk_id: 6d5ef94a-4ce8-4b01-b915-b2245a5674f4
2025-11-04 13:02:35,364 - WARNING - Failed to index chunk_id: 1db1e982-f7b6-4fe1-b988-04672deac359
2025-11-04 13:02:35,364 - WARNING - Failed to index chunk_id: a3ec65d2-ad58-4893-bfb0-7cd5f72cffa2
2025-11-04 13:02:35,364 - WARNING - Failed to index chunk_id: 8a2f7144-f3c7-4543-96b4-890a964ffd27
2025-11-04 13:02:35,364 - WARNING - Failed to index chunk_id: 0c8bbb8f-a2c5-4a84-8a2a-05e80c8b5237
2025-11-04 13:02:35,364 - WARNING - Failed to index chunk_id: 5e2f590e-f9bd-474d-92ef-959b2d9c300a
2025-11-04 13:02:35,364 - WARNING - Failed to index chunk_id: ed7b07ca-3923-47e0-8281-3776e7b74a7e
2025-11-04 13:02:35,364 - WARNING - Failed to index chunk_id: 105df6c4-d6fa-48e5-ab52-f8b055bfa9ce
2025-11-04 13:02:35,364 - WARNING - Failed to index chunk_id: c0e530cd-8588-425f-95ff-5f4b230e9fa9
2025-11-04 13:02:35,364 - WARNING - Failed to index chunk_id: 93471f3a-4e72-46ea-9186-cfa77a096fab
2025-11-04 13:02:35,364 - WARNING - Failed to index chunk_id: 4591dc1a-3bc2-4748-aa66-b7d682dc750c
2025-11-04 13:02:35,364 - WARNING - Failed to index chunk_id: a52595dd-99f6-449b-ba6f-f59c732d503f
2025-11-04 13:02:35,364 - WARNING - Failed to index chunk_id: dfb32859-2b60-4c25-8cd1-2958f569d0f9
2025-11-04 13:02:35,364 - WARNING - Failed to index chunk_id: f6b81f23-aa6c-4de7-b269-8a9188e93050
2025-11-04 13:02:35,364 - WARNING - Failed to index chunk_id: 767ec00b-5b9d-40a2-8a1c-6d7f2e3d6ff8
2025-11-04 13:02:35,364 - WARNING - Failed to index chunk_id: 772b245d-f3db-4ad3-8d32-6fdcc75614b9
2025-11-04 13:02:35,364 - WARNING - Failed to index chunk_id: 146a04eb-da10-433d-af69-42545ad84f34
2025-11-04 13:02:35,364 - WARNING - Failed to index chunk_id: 54315210-297e-4066-b7a9-e77bf3d6ff11
2025-11-04 13:02:35,364 - WARNING - Failed to index chunk_id: 441a165f-3117-4af9-b1e3-4b43707013a5
2025-11-04 13:02:35,364 - WARNING - Failed to index chunk_id: 8067680f-c364-4897-b9b3-8ab73b963cdf
2025-11-04 13:02:35,364 - WARNING - Failed to index chunk_id: bb893c57-b9d9-4a06-b2c4-5f00fb1c7ad3
2025-11-04 13:02:35,364 - WARNING - Failed to index chunk_id: d46b699b-6fab-47a2-8708-6ca302818e2b
2025-11-04 13:02:35,364 - WARNING - Failed to index chunk_id: 03960293-298f-4a4f-898a-7a14a47f7130
2025-11-04 13:02:35,364 - WARNING - Failed to index chunk_id: 9d6aa54c-5a55-4e4a-a454-3ab5c370ca2c
2025-11-04 13:02:35,364 - WARNING - Failed to index chunk_id: 97bdce24-edb5-4398-a7a4-25c09aa2e07b
2025-11-04 13:02:35,364 - WARNING - Failed to index chunk_id: b10c2282-d430-4b8b-8918-4010581d8f41
2025-11-04 13:02:35,364 - WARNING - Failed to index chunk_id: 019c3afa-7532-4d54-a0ac-393d45746315
2025-11-04 13:02:35,364 - WARNING - Failed to index chunk_id: e3fc935c-1006-4521-9f5b-c3b7776f040d
2025-11-04 13:02:35,364 - WARNING - Failed to index chunk_id: 12a31d34-34f6-4eef-bdf5-3f19fb19ee84
2025-11-04 13:02:35,364 - WARNING - Failed to index chunk_id: 52609e8e-d72e-4b62-be52-1387324b4f9d
2025-11-04 13:02:35,364 - WARNING - Failed to index chunk_id: a5762e15-013d-4aeb-bb01-95c0b8006d43
2025-11-04 13:02:35,364 - WARNING - Failed to index chunk_id: 676bd710-d825-45f9-8fe9-b2bcbfa644c6
2025-11-04 13:02:35,364 - WARNING - Failed to index chunk_id: 662afec6-56eb-46ff-bbd0-d50272055fb0
2025-11-04 13:02:35,364 - WARNING - Failed to index chunk_id: 34117c75-ef45-4cc3-90a4-9870ed769750
2025-11-04 13:02:35,364 - WARNING - Failed to index chunk_id: 4c9767e9-1f4e-4798-961d-88c9342a5dfe
2025-11-04 13:02:35,364 - WARNING - Failed to index chunk_id: 8c4dfeea-bb2c-4f1e-b56b-3515e65dd819
2025-11-04 13:02:35,364 - WARNING - Failed to index chunk_id: 8aedd583-4bd6-48c7-becc-19c6acf5c8c2
2025-11-04 13:02:35,364 - WARNING - Failed to index chunk_id: bf950235-f90b-485d-9736-99623577ff4d
2025-11-04 13:02:35,364 - WARNING - Failed to index chunk_id: cabc85fd-c446-4abd-a538-158c3b799827
2025-11-04 13:02:35,364 - WARNING - Failed to index chunk_id: aa11595c-50ac-4cf8-ba6d-fc42a8052ea8
2025-11-04 13:02:35,364 - WARNING - Failed to index chunk_id: ce078fe6-dbd8-43ca-88eb-94d929c1ee1b
2025-11-04 13:02:35,364 - WARNING - Failed to index chunk_id: b46ab9b3-bbfd-413f-b197-9bd56f541165
2025-11-04 13:02:35,364 - WARNING - Failed to index chunk_id: eb4df0ea-a81f-4d05-b567-7825b08fd4cd
2025-11-04 13:02:35,364 - WARNING - Failed to index chunk_id: 9f1d7cc5-fb21-44f8-b5fc-203cf640261e
2025-11-04 13:02:35,364 - WARNING - Failed to index chunk_id: ee86dcd6-6fc3-4150-927a-5f6770ace7a9
2025-11-04 13:02:35,364 - WARNING - Failed to index chunk_id: c7a82f2c-962a-42c9-9160-eddb38aaa72b
2025-11-04 13:02:35,364 - WARNING - Failed to index chunk_id: 7a0fbd15-4d7b-42e9-beff-cb17d4feb6e0
2025-11-04 13:02:35,364 - WARNING - Failed to index chunk_id: e74ab32d-2a9c-4800-aedd-32d9e2a5601d
2025-11-04 13:02:35,364 - WARNING - Failed to index chunk_id: b3f43471-41c7-4645-afec-90cd824bf5cb
2025-11-04 13:02:35,364 - WARNING - Failed to index chunk_id: e88697ee-94ba-458f-9358-7dfbf3b8258a
2025-11-04 13:02:35,364 - WARNING - Failed to index chunk_id: c5a7850a-569b-4c05-aeb6-7328e208c9f6
2025-11-04 13:02:35,364 - WARNING - Failed to index chunk_id: f1db38ba-45e8-4b74-8756-03d8ffd80093
2025-11-04 13:02:35,364 - WARNING - Failed to index chunk_id: 6c885590-5704-494f-a714-227388a0e8b1
2025-11-04 13:02:35,364 - WARNING - Failed to index chunk_id: bfd57c3b-4992-4317-bf8e-6b0fa4c9857a
2025-11-04 13:02:35,364 - WARNING - Failed to index chunk_id: 36ce1a33-7452-4790-8883-419479edfc01
2025-11-04 13:02:35,364 - WARNING - Failed to index chunk_id: 7734ed7b-7bc4-4755-8889-43ab9bc87eb3
2025-11-04 13:02:35,364 - WARNING - Failed to index chunk_id: ffea4459-29bb-4217-8aa6-3d9185d0c267
2025-11-04 13:02:35,364 - WARNING - Failed to index chunk_id: d9991381-979e-4489-8507-cc40b434402d
2025-11-04 13:02:35,364 - WARNING - Failed to index chunk_id: 2d2986a1-0ac6-4187-a62b-6cf86bc14fea
2025-11-04 13:02:35,364 - WARNING - Failed to index chunk_id: 3c4be02d-cb93-4618-af82-2732510a7111
2025-11-04 13:02:35,364 - WARNING - Failed to index chunk_id: f025e1fb-f8e2-497b-bb01-66848d9ae950
2025-11-04 13:02:35,364 - WARNING - Failed to index chunk_id: dc5bf351-e9eb-48ee-ae0f-9722729caaac
2025-11-04 13:02:35,364 - WARNING - Failed to index chunk_id: 494c85fa-b146-4c6d-a092-05923f1cd30e
2025-11-04 13:02:35,364 - WARNING - Failed to index chunk_id: 154a96d2-b5b2-4768-85bd-374005aefd09
2025-11-04 13:02:35,364 - WARNING - Failed to index chunk_id: 9348183b-6465-4013-91d0-5cf69be0cbd0
2025-11-04 13:02:35,364 - WARNING - Failed to index chunk_id: df4d64fb-b603-472c-9cc8-13b13cd22b1f
2025-11-04 13:02:35,364 - WARNING - Failed to index chunk_id: 2b981a5e-f111-4755-8041-3739dcaf650d
2025-11-04 13:02:35,364 - WARNING - Failed to index chunk_id: 6942608e-36a9-4e39-8bcb-281b3b33948d
2025-11-04 13:02:35,364 - WARNING - Failed to index chunk_id: 96c46488-fae8-4c30-9c0e-381007083b3c
2025-11-04 13:02:35,364 - WARNING - Failed to index chunk_id: 6a8c8017-8d8a-4672-88db-518b1e29047d
2025-11-04 13:02:35,364 - WARNING - Failed to index chunk_id: 618a1eea-b87e-4cd1-a3e8-c3bcf45767fe
2025-11-04 13:02:35,365 - WARNING - Failed to index chunk_id: 94671abd-ee73-44b5-8d5c-d7ffc9a02dd1
2025-11-04 13:02:35,365 - WARNING - Failed to index chunk_id: 6bfe2adf-a2e9-4387-96e9-9f0223888c71
2025-11-04 13:02:35,365 - WARNING - Failed to index chunk_id: c86e4bac-5e96-47be-9892-9a8bd4db3a1b
2025-11-04 13:02:35,365 - WARNING - Failed to index chunk_id: ac88fad1-88e0-4555-a6db-530d68d544b6
2025-11-04 13:02:35,438 - WARNING - Failed to index chunk_id: eed1ed80-c0a7-4f81-9627-f868367afbfb
2025-11-04 13:02:35,438 - WARNING - Failed to index chunk_id: ef91421a-200c-49ce-baab-e066b4a4a4c4
2025-11-04 13:02:35,438 - WARNING - Failed to index chunk_id: 455e2f71-788f-4c49-bcca-fafc07523867
2025-11-04 13:02:35,438 - WARNING - Failed to index chunk_id: 18edef7c-ade3-4b9d-9e7c-6fe757916626
2025-11-04 13:02:35,438 - WARNING - Failed to index chunk_id: 46f33c49-2d3f-4ff2-b86b-d5c696f43a13
2025-11-04 13:02:35,438 - WARNING - Failed to index chunk_id: 746886b7-31e1-4614-bdbe-9d10169bed4a
2025-11-04 13:02:35,438 - WARNING - Failed to index chunk_id: 94bc6e6e-feba-446c-9717-e9e75768de32
2025-11-04 13:02:35,438 - WARNING - Failed to index chunk_id: 237a60c1-2b15-410e-b318-43f52f0c599e
2025-11-04 13:02:35,438 - WARNING - Failed to index chunk_id: 4af93640-4b2e-48af-bc66-0fe3e2ddfab5
2025-11-04 13:02:35,438 - WARNING - Failed to index chunk_id: cc7bed3c-222e-441d-9d86-f7483c0cafdc
2025-11-04 13:02:35,438 - WARNING - Failed to index chunk_id: effd3917-0cb1-4166-b164-5ce1db589209
2025-11-04 13:02:35,438 - WARNING - Failed to index chunk_id: 4b8b8e3a-fbd8-4cab-8f9b-c151a791abfe
2025-11-04 13:02:35,438 - WARNING - Failed to index chunk_id: 92f5bf4d-569e-4953-940a-a945722f6a7f
2025-11-04 13:02:35,438 - WARNING - Failed to index chunk_id: a2bd459c-2869-45de-8676-1e791841404d
2025-11-04 13:02:35,439 - WARNING - Failed to index chunk_id: 7b0159df-1ab2-4681-a916-02080683f31e
2025-11-04 13:02:35,439 - WARNING - Failed to index chunk_id: 3e30e8bb-b24d-4205-97a1-7517bb07eab6
2025-11-04 13:02:35,439 - WARNING - Failed to index chunk_id: 21458a84-064a-4296-8ec6-8c3a3555b810
2025-11-04 13:02:35,439 - WARNING - Failed to index chunk_id: f0bc601c-fc85-4069-9ce8-fea3df481171
2025-11-04 13:02:35,439 - WARNING - Failed to index chunk_id: eb761867-3638-4f55-96bd-a7784c41d66a
2025-11-04 13:02:35,439 - WARNING - Failed to index chunk_id: 6fcf5a1c-3fae-4855-a254-2fbed00973ab
2025-11-04 13:02:35,439 - WARNING - Failed to index chunk_id: 99bc1d60-6f0c-45d3-a73b-09d9689551e5
2025-11-04 13:02:35,439 - WARNING - Failed to index chunk_id: d55be07f-1388-4b53-88f4-f89a9d31252d
2025-11-04 13:02:35,439 - WARNING - Failed to index chunk_id: b2bdd695-4005-4be0-9dd1-f4283166658a
2025-11-04 13:02:35,439 - WARNING - Failed to index chunk_id: 97f33f06-2593-4e2a-9d5f-54a4b4955a39
2025-11-04 13:02:35,439 - WARNING - Failed to index chunk_id: 30049a0c-4f16-4a50-ab3b-ddaa8a5da3b5
2025-11-04 13:02:35,439 - WARNING - Failed to index chunk_id: 90e03f41-0b05-4e57-87ea-f952d52a8800
2025-11-04 13:02:35,439 - WARNING - Failed to index chunk_id: fa19a967-a3f6-437b-9848-ced2ea93b8f8
2025-11-04 13:02:35,439 - WARNING - Failed to index chunk_id: 4ed4ce27-e479-4dc2-9b28-8ad76171076a
2025-11-04 13:02:35,439 - WARNING - Failed to index chunk_id: 1894bbe0-3852-4e01-9028-8f97b019f8c7
2025-11-04 13:02:35,439 - WARNING - Failed to index chunk_id: 3520137f-ee94-4ce7-8c03-3f18c58c9a65
2025-11-04 13:02:35,439 - WARNING - Failed to index chunk_id: bd61ac8b-59c1-4291-9c6e-ef3be953ea3e
2025-11-04 13:02:35,439 - WARNING - Failed to index chunk_id: 36354485-1074-4940-b7fa-0a0cf4a6e191
2025-11-04 13:02:35,439 - WARNING - Failed to index chunk_id: d2e4cd16-2c34-46b4-bc7b-41fea9b080fe
2025-11-04 13:02:35,439 - WARNING - Failed to index chunk_id: 4b8c5ec8-3e77-4c66-908e-79a4c09993f0
2025-11-04 13:02:35,439 - WARNING - Failed to index chunk_id: 971fdd01-3da8-4ab9-ade8-5bedff05deee
2025-11-04 13:02:35,439 - WARNING - Failed to index chunk_id: 88778a71-74b0-4719-ba44-b8381c53964c
2025-11-04 13:02:35,439 - WARNING - Failed to index chunk_id: 71fb9877-4303-411f-b98a-3780f35c6cbe
2025-11-04 13:02:35,439 - WARNING - Failed to index chunk_id: cecb9f92-1195-4a2a-84d5-fdaa1977ec48
2025-11-04 13:02:35,439 - WARNING - Failed to index chunk_id: 30870841-c4d0-4259-a5fe-86d2e045eb20
2025-11-04 13:02:35,439 - WARNING - Failed to index chunk_id: cfcdbe0c-7db8-4021-becf-800c0e595ee2
2025-11-04 13:02:35,439 - WARNING - Failed to index chunk_id: fda5f27f-ad1f-4ce7-a1fb-2d1a918b99db
2025-11-04 13:02:35,439 - WARNING - Failed to index chunk_id: 926f210e-a00e-41fd-a595-cb29efef0d9d
2025-11-04 13:02:35,439 - WARNING - Failed to index chunk_id: 99e3c0ee-2430-4717-be63-0ca3c90d9ca8
2025-11-04 13:02:35,439 - WARNING - Failed to index chunk_id: 313acaf5-d5fc-48e3-a568-e2dae65dc987
2025-11-04 13:02:35,439 - WARNING - Failed to index chunk_id: f9cbb204-92a4-45e1-80c0-fb62012cc853
2025-11-04 13:02:35,439 - WARNING - Failed to index chunk_id: 0e9beba7-db1e-489b-87a4-d0b5d037a1cf
2025-11-04 13:02:35,439 - WARNING - Failed to index chunk_id: 6d6e1c46-571a-4a55-b2de-5673ef436cda
2025-11-04 13:02:35,439 - WARNING - Failed to index chunk_id: 33f9b99f-70cf-4bf3-9485-366b4472bcc4
2025-11-04 13:02:35,439 - WARNING - Failed to index chunk_id: 00e80b9b-b866-453b-8efc-ffba872be741
2025-11-04 13:02:35,439 - WARNING - Failed to index chunk_id: 579a1b63-a27a-495d-8d88-ac90496ac00f
2025-11-04 13:02:35,439 - WARNING - Failed to index chunk_id: ed2aabc5-c2fb-4a5d-a1a5-cc7a42dc39c3
2025-11-04 13:02:35,439 - WARNING - Failed to index chunk_id: 7766e126-0ad0-40fe-979c-1f64deda204b
2025-11-04 13:02:35,439 - WARNING - Failed to index chunk_id: 0ccd05cc-34f3-4d5d-9498-3161103c7ef4
2025-11-04 13:02:35,439 - WARNING - Failed to index chunk_id: 3848b9d4-ac08-4eab-80ce-a70e3222f26e
2025-11-04 13:02:35,439 - WARNING - Failed to index chunk_id: 7ab71f7c-8513-41c6-b268-911cdd025dbb
2025-11-04 13:02:35,439 - WARNING - Failed to index chunk_id: bf0e3caf-a973-467d-a2c8-237f34d68e3b
2025-11-04 13:02:35,439 - WARNING - Failed to index chunk_id: c166b8ac-e251-4feb-8dd0-349ffa20da6a
2025-11-04 13:02:35,439 - WARNING - Failed to index chunk_id: 97558e19-1048-41d3-9218-f6bd12369292
2025-11-04 13:02:35,439 - WARNING - Failed to index chunk_id: f954e281-da71-4844-b9d6-64d533fd831a
2025-11-04 13:02:35,439 - WARNING - Failed to index chunk_id: 8ecadad3-380f-46f9-99b8-fc0a2c48799f
2025-11-04 13:02:35,439 - WARNING - Failed to index chunk_id: a710bfc4-315b-428a-9e3b-d4a4601d4715
2025-11-04 13:02:35,439 - WARNING - Failed to index chunk_id: 17277632-6f05-4dac-8d37-d1c20d2a47c8
2025-11-04 13:02:35,439 - WARNING - Failed to index chunk_id: 69609c87-b88c-4075-bdf5-4ae7ecb7a63d
2025-11-04 13:02:35,439 - WARNING - Failed to index chunk_id: 9dc31445-fd61-41fa-b880-c3a1066a6491
2025-11-04 13:02:35,439 - WARNING - Failed to index chunk_id: ada8f5a7-f221-4953-a08d-8d9fcb684175
2025-11-04 13:02:35,439 - WARNING - Failed to index chunk_id: 62047cdb-24db-49d5-a7d2-612a915095c8
2025-11-04 13:02:35,439 - WARNING - Failed to index chunk_id: 2dbc242d-9574-46f8-93cd-c411ef5a62f2
2025-11-04 13:02:35,439 - WARNING - Failed to index chunk_id: b5c08f8d-ab8b-4437-9110-8e1fb0dfcfc7
2025-11-04 13:02:35,439 - WARNING - Failed to index chunk_id: 7892418e-c749-44c1-ac81-5fbcc1d33f53
2025-11-04 13:02:35,439 - WARNING - Failed to index chunk_id: 3ab151ae-f83a-4deb-bde2-145b7689fe41
2025-11-04 13:02:35,439 - WARNING - Failed to index chunk_id: 6b26253b-62d3-4538-affa-8c66bfc2279f
2025-11-04 13:02:35,439 - WARNING - Failed to index chunk_id: 9e30a9e5-8fbc-4c30-9aa1-bf2fbfb70d49
2025-11-04 13:02:35,439 - WARNING - Failed to index chunk_id: 96a01651-b999-4a94-ba59-dac20fb6a57f
2025-11-04 13:02:35,439 - WARNING - Failed to index chunk_id: 7b55d5c2-2a89-49f8-b3e5-6ebdcd7ea89c
2025-11-04 13:02:35,439 - WARNING - Failed to index chunk_id: 33e1a108-78d0-4889-889a-7b169472d518
2025-11-04 13:02:35,439 - WARNING - Failed to index chunk_id: e6394dfd-7930-4f3e-a40d-b18fcc7a6910
2025-11-04 13:02:35,439 - WARNING - Failed to index chunk_id: 73c26e18-13df-4a0b-9cd1-0c928d635033
2025-11-04 13:02:35,439 - WARNING - Failed to index chunk_id: e60fd686-abba-43e5-9741-6c3dc81e7257
2025-11-04 13:02:35,439 - WARNING - Failed to index chunk_id: b4e31019-e7ac-493d-8778-780f4671adbb
2025-11-04 13:02:35,439 - WARNING - Failed to index chunk_id: 388d4ae0-c4aa-4a69-8502-833cae25bab4
2025-11-04 13:02:35,439 - WARNING - Failed to index chunk_id: 3403da3f-a690-496c-8282-b315a83b0f00
2025-11-04 13:02:35,439 - WARNING - Failed to index chunk_id: a44f9bdc-95d3-42e8-bf2c-201d01acf046
2025-11-04 13:02:35,439 - WARNING - Failed to index chunk_id: dd533299-7ae9-4cb0-b647-169b2df940d0
2025-11-04 13:02:35,439 - WARNING - Failed to index chunk_id: 293b388a-4763-4ba9-b26e-4b84b5ae0900
2025-11-04 13:02:35,439 - WARNING - Failed to index chunk_id: 8dd3b082-4040-4852-add7-07218bd2ff39
2025-11-04 13:02:35,439 - WARNING - Failed to index chunk_id: 4b919a44-cd75-4da6-be08-45d8779f16ac
2025-11-04 13:02:35,439 - WARNING - Failed to index chunk_id: b7bf372b-09d8-4c0b-a783-9a91362cdeac
2025-11-04 13:02:35,439 - WARNING - Failed to index chunk_id: 63b1ca90-aa1e-4dfd-b92b-4af698a6bfc4
2025-11-04 13:02:35,439 - WARNING - Failed to index chunk_id: 78123ea0-5688-4310-a0c0-2704f6170d63
2025-11-04 13:02:35,439 - WARNING - Failed to index chunk_id: 195cb541-f76c-41da-b518-41e983dd958b
2025-11-04 13:02:35,439 - WARNING - Failed to index chunk_id: 3c6ab30e-2484-4f56-b002-31851bf7369e
2025-11-04 13:02:35,439 - WARNING - Failed to index chunk_id: 4243a828-69ea-4452-ad61-bef22304193e
2025-11-04 13:02:35,439 - WARNING - Failed to index chunk_id: 959fa5cb-5ced-450c-a2ed-d65bf559d353
2025-11-04 13:02:35,439 - WARNING - Failed to index chunk_id: cc60a425-3601-40e9-8eac-45d6cb8116f4
2025-11-04 13:02:35,439 - WARNING - Failed to index chunk_id: bd1013f5-469c-4810-aa13-19583c40db01
2025-11-04 13:02:35,439 - WARNING - Failed to index chunk_id: 9f511516-374c-4558-bd47-788fe958e572
2025-11-04 13:02:35,439 - WARNING - Failed to index chunk_id: ee35de00-4dd9-457e-81c5-7885e76f3fc2
2025-11-04 13:02:35,439 - WARNING - Failed to index chunk_id: 6f397598-4554-46e8-b1b3-07d869cb09c0
2025-11-04 13:02:35,439 - WARNING - Failed to index chunk_id: a506f1d3-e187-4511-9313-20630162c948
2025-11-04 13:02:35,439 - WARNING - Failed to index chunk_id: 25d9ac4c-73e3-456f-89c2-1df7022893c2
2025-11-04 13:02:35,516 - WARNING - Failed to index chunk_id: e19a91e7-b4bc-459c-9320-6b811a7eaac0
2025-11-04 13:02:35,516 - WARNING - Failed to index chunk_id: 67c37c39-5ad5-4500-989a-38396b2de542
2025-11-04 13:02:35,516 - WARNING - Failed to index chunk_id: fd0e1725-f2a1-4990-a780-881f0dc0a093
2025-11-04 13:02:35,516 - WARNING - Failed to index chunk_id: 48a7dbdc-304b-43a4-8d71-2b1e51bf5dfe
2025-11-04 13:02:35,516 - WARNING - Failed to index chunk_id: ba240ed3-fe8b-41b5-a2b2-3ceb5ce11b9e
2025-11-04 13:02:35,516 - WARNING - Failed to index chunk_id: ab989832-0aa3-40f6-b41a-3fabb626a8f2
2025-11-04 13:02:35,516 - WARNING - Failed to index chunk_id: 05d5ec99-db18-4c3f-961f-bde3d2d68d6e
2025-11-04 13:02:35,516 - WARNING - Failed to index chunk_id: 92caec14-3ea8-4010-a73c-361afba62426
2025-11-04 13:02:35,516 - WARNING - Failed to index chunk_id: 6e661dc9-d7f5-442c-a124-12998c976a42
2025-11-04 13:02:35,516 - WARNING - Failed to index chunk_id: bee8268a-a297-49d3-aec9-a10513c2370e
2025-11-04 13:02:35,516 - WARNING - Failed to index chunk_id: 30860156-9147-4dfc-84ba-00776786a13d
2025-11-04 13:02:35,516 - WARNING - Failed to index chunk_id: a906b992-f49f-494e-a1c7-58566948b820
2025-11-04 13:02:35,516 - WARNING - Failed to index chunk_id: a04d08bd-45e1-4bb7-ac46-ed20ddb1328b
2025-11-04 13:02:35,516 - WARNING - Failed to index chunk_id: 7a13c9db-2c7b-4fac-b7ed-0b606ff83a11
2025-11-04 13:02:35,516 - WARNING - Failed to index chunk_id: 174c2856-dfbb-4fde-8780-7476808341f2
2025-11-04 13:02:35,516 - WARNING - Failed to index chunk_id: 5834668e-2369-48dc-8f39-0fa3f923b386
2025-11-04 13:02:35,516 - WARNING - Failed to index chunk_id: 1afde7c6-ab28-4e51-9bfc-b9965246b46c
2025-11-04 13:02:35,516 - WARNING - Failed to index chunk_id: cb0ea2e2-4f44-46e4-8500-feac11074d8b
2025-11-04 13:02:35,516 - WARNING - Failed to index chunk_id: fedb540d-4559-41ad-a4e5-9157ff9cfcd0
2025-11-04 13:02:35,516 - WARNING - Failed to index chunk_id: 15b88360-4fd6-4180-ad74-690c13d2d5d3
2025-11-04 13:02:35,516 - WARNING - Failed to index chunk_id: a68e5e4c-4687-44b2-abd1-096c28962686
2025-11-04 13:02:35,516 - WARNING - Failed to index chunk_id: 3fb48e13-3243-438b-89ac-35ea0f2785a3
2025-11-04 13:02:35,516 - WARNING - Failed to index chunk_id: 5ceda9d0-eed5-4634-83e2-36f837e695e1
2025-11-04 13:02:35,516 - WARNING - Failed to index chunk_id: c7c0a3ee-694c-4aac-b5e2-104ae4c40efc
2025-11-04 13:02:35,516 - WARNING - Failed to index chunk_id: 992a2dab-5519-4b18-b8fa-663145b364c2
2025-11-04 13:02:35,516 - WARNING - Failed to index chunk_id: ea0ed688-19c4-4d57-bf4d-4c1be978b0b6
2025-11-04 13:02:35,516 - WARNING - Failed to index chunk_id: 528fdb0c-af7c-4eb6-a622-965a4b326809
2025-11-04 13:02:35,516 - WARNING - Failed to index chunk_id: 7135cee2-b8c3-44c2-a6bf-adc0a51e3003
2025-11-04 13:02:35,516 - WARNING - Failed to index chunk_id: 0e88b53e-4b23-412d-a457-7f1473b9db40
2025-11-04 13:02:35,516 - WARNING - Failed to index chunk_id: aa86e3b3-6a87-4275-866b-70e985ddefc2
2025-11-04 13:02:35,516 - WARNING - Failed to index chunk_id: 6f809551-4472-4a0e-98d5-71ede0cfd4d7
2025-11-04 13:02:35,516 - WARNING - Failed to index chunk_id: 7820a3ac-5ca3-4414-8823-f5e3b9903268
2025-11-04 13:02:35,516 - WARNING - Failed to index chunk_id: 75dcbb79-2a06-4947-bc95-998ade66acfa
2025-11-04 13:02:35,516 - WARNING - Failed to index chunk_id: 9a373bc5-ad22-4afe-93b0-07e4a12665a1
2025-11-04 13:02:35,516 - WARNING - Failed to index chunk_id: 51d76da7-6720-4718-8429-70fd2164841d
2025-11-04 13:02:35,516 - WARNING - Failed to index chunk_id: a7d18e87-4ccb-4499-98a0-a318cfb5fb7c
2025-11-04 13:02:35,516 - WARNING - Failed to index chunk_id: df9d7dac-8725-48a1-a77f-079fd73851a2
2025-11-04 13:02:35,516 - WARNING - Failed to index chunk_id: 835b5235-6bd5-4273-b32a-16798b100a1f
2025-11-04 13:02:35,516 - WARNING - Failed to index chunk_id: 3c911799-8980-4f66-b1a9-4e2087c92539
2025-11-04 13:02:35,516 - WARNING - Failed to index chunk_id: 748ee571-e174-4585-96c5-4fcf060c2a47
2025-11-04 13:02:35,516 - WARNING - Failed to index chunk_id: b4debb75-2afa-4803-8bc5-6cc6f6e623ac
2025-11-04 13:02:35,516 - WARNING - Failed to index chunk_id: b8bc1f74-9cd9-410e-af84-0468f1902aff
2025-11-04 13:02:35,516 - WARNING - Failed to index chunk_id: 596b202a-0fab-485e-856b-2e6870461b3c
2025-11-04 13:02:35,516 - WARNING - Failed to index chunk_id: 66a2614b-389a-46a7-bb7a-f58c74d0e2e1
2025-11-04 13:02:35,516 - WARNING - Failed to index chunk_id: 86ef45c7-857d-4179-91a3-5965df8045d9
2025-11-04 13:02:35,516 - WARNING - Failed to index chunk_id: 532fb9ed-3f2f-477d-a976-487e9d997cb7
2025-11-04 13:02:35,516 - WARNING - Failed to index chunk_id: 1e1c4f67-5ebf-4cab-87fc-f58772fa3c54
2025-11-04 13:02:35,516 - WARNING - Failed to index chunk_id: 016d0744-b843-41d0-89e1-aba902eafac6
2025-11-04 13:02:35,516 - WARNING - Failed to index chunk_id: 7745f528-3960-4dfc-988c-c51f1e9e2f4b
2025-11-04 13:02:35,516 - WARNING - Failed to index chunk_id: d5a9d870-4f2b-4cc8-a814-fa3e35f7f2f6
2025-11-04 13:02:35,516 - WARNING - Failed to index chunk_id: 6e915326-6164-4d82-8909-41e2d1d865fa
2025-11-04 13:02:35,516 - WARNING - Failed to index chunk_id: 4542c4aa-a1c3-4c94-85e7-2df07fbeec7e
2025-11-04 13:02:35,516 - WARNING - Failed to index chunk_id: 6f6239b9-717f-4b74-9000-e124b429990c
2025-11-04 13:02:35,516 - WARNING - Failed to index chunk_id: 0623a64c-e13b-4e33-89ef-15b4bcb5d519
2025-11-04 13:02:35,516 - WARNING - Failed to index chunk_id: 9c00885a-9dfe-4c05-a0e6-8a282f170e7e
2025-11-04 13:02:35,516 - WARNING - Failed to index chunk_id: 7c27e020-55cd-47c0-b745-d084e0315a7c
2025-11-04 13:02:35,516 - WARNING - Failed to index chunk_id: 11195cb5-ad85-425a-8f47-d323ae800f94
2025-11-04 13:02:35,516 - WARNING - Failed to index chunk_id: 5b9d0094-d946-428e-b2aa-bec0227e916c
2025-11-04 13:02:35,516 - WARNING - Failed to index chunk_id: b77163ce-6e8c-4bb1-8025-2c10fff05615
2025-11-04 13:02:35,516 - WARNING - Failed to index chunk_id: aca9f357-3472-45de-9ea4-93f4311ca4b4
2025-11-04 13:02:35,516 - WARNING - Failed to index chunk_id: 36d19821-2817-4cac-9970-7cf91b8b8a72
2025-11-04 13:02:35,516 - WARNING - Failed to index chunk_id: a6c8702d-f72f-4824-a698-dbc046363861
2025-11-04 13:02:35,516 - WARNING - Failed to index chunk_id: 67b79d32-b02d-4989-be1a-658b8a7c9024
2025-11-04 13:02:35,516 - WARNING - Failed to index chunk_id: 6b358e36-956e-4bb8-88dd-f14a8c1da6f0
2025-11-04 13:02:35,516 - WARNING - Failed to index chunk_id: cf6ad42a-2ae0-4869-b18c-d1d5cdfee6b6
2025-11-04 13:02:35,516 - WARNING - Failed to index chunk_id: b540e58a-d0b9-48d2-97e5-bcf36cdaa839
2025-11-04 13:02:35,516 - WARNING - Failed to index chunk_id: 2283c402-444e-480e-b342-98c593c00692
2025-11-04 13:02:35,516 - WARNING - Failed to index chunk_id: acb62677-7ec9-417c-b001-6d7d2f624e57
2025-11-04 13:02:35,516 - WARNING - Failed to index chunk_id: 255d0663-129e-4d67-8ccf-16d852d77f07
2025-11-04 13:02:35,516 - WARNING - Failed to index chunk_id: 4ee177e6-80fb-4bf4-a704-3867ae392ce7
2025-11-04 13:02:35,516 - WARNING - Failed to index chunk_id: e2a504d0-9b8c-4627-bc47-c36bbf490d55
2025-11-04 13:02:35,516 - WARNING - Failed to index chunk_id: 5d3504ba-7309-427a-a9f8-5f2ea67b741c
2025-11-04 13:02:35,516 - WARNING - Failed to index chunk_id: 4b735d0e-cecc-4942-8406-ce29dfd578f9
2025-11-04 13:02:35,516 - WARNING - Failed to index chunk_id: 3c13c846-752c-4b4f-80e8-c9191dccda6f
2025-11-04 13:02:35,516 - WARNING - Failed to index chunk_id: 76d14639-c657-4475-942c-46a471eb42ab
2025-11-04 13:02:35,516 - WARNING - Failed to index chunk_id: 86d0bf20-95b3-4d26-9319-a6f5686298d7
2025-11-04 13:02:35,516 - WARNING - Failed to index chunk_id: 71479c26-b01f-4973-964d-8fae25063c0e
2025-11-04 13:02:35,516 - WARNING - Failed to index chunk_id: d92ad412-9835-4f3f-831c-848c7a214872
2025-11-04 13:02:35,516 - WARNING - Failed to index chunk_id: 7c64f5c1-e4f8-4de0-a337-2418ff6ef366
2025-11-04 13:02:35,516 - WARNING - Failed to index chunk_id: 4ffca76b-c52c-49fa-8d6f-872a6f999f2c
2025-11-04 13:02:35,516 - WARNING - Failed to index chunk_id: a5e37bfc-e3c2-47ed-8fa2-7262dd6d2d35
2025-11-04 13:02:35,516 - WARNING - Failed to index chunk_id: 3be0df8d-0ca6-4deb-a081-ffe1afb82e39
2025-11-04 13:02:35,516 - WARNING - Failed to index chunk_id: 9761e6d0-3159-467a-be6d-7c984a8b56ef
2025-11-04 13:02:35,516 - WARNING - Failed to index chunk_id: a157a8d0-15fe-418e-9797-d9a832c2417b
2025-11-04 13:02:35,516 - WARNING - Failed to index chunk_id: 11d49c06-fae9-4bba-b162-e39db67fadf3
2025-11-04 13:02:35,516 - WARNING - Failed to index chunk_id: 67f12e23-5ee4-4b2d-8bc6-f4ab97c56a47
2025-11-04 13:02:35,516 - WARNING - Failed to index chunk_id: 4a4c0586-bb13-4c2e-a4b8-75c3f282fca8
2025-11-04 13:02:35,516 - WARNING - Failed to index chunk_id: c0b8a28d-1c7c-4eee-b470-132701f13f3b
2025-11-04 13:02:35,516 - WARNING - Failed to index chunk_id: 4f650258-5b94-465d-9360-9bb3e2c2442d
2025-11-04 13:02:35,516 - WARNING - Failed to index chunk_id: 74bdef75-9f7b-43cd-8fd6-c753c257dad6
2025-11-04 13:02:35,516 - WARNING - Failed to index chunk_id: 8a81e8c7-06c1-4501-adee-739f7d0b1054
2025-11-04 13:02:35,516 - WARNING - Failed to index chunk_id: cdb1bc13-f427-476e-9e00-99c8354f273f
2025-11-04 13:02:35,516 - WARNING - Failed to index chunk_id: 39528b2c-c7bd-4cbb-9ff3-7ed66a188dcc
2025-11-04 13:02:35,516 - WARNING - Failed to index chunk_id: 0747e1b1-caf2-48e3-b334-ca4baf522345
2025-11-04 13:02:35,516 - WARNING - Failed to index chunk_id: 628f4a76-ba0b-498e-936b-20b5664af05f
2025-11-04 13:02:35,516 - WARNING - Failed to index chunk_id: 3cb073c7-5b6c-4b7b-ba53-c45cfb5485df
2025-11-04 13:02:35,516 - WARNING - Failed to index chunk_id: a0a98a8b-959c-40b0-8732-5838d804d0fc
2025-11-04 13:02:35,517 - WARNING - Failed to index chunk_id: ec00eaf7-4949-40fb-a109-6164a4040cd1
2025-11-04 13:02:35,517 - WARNING - Failed to index chunk_id: 2049deff-a4d9-434d-b193-080c37486900
2025-11-04 13:02:35,517 - WARNING - Failed to index chunk_id: dd9964c7-d803-464d-9781-6d321de6ad6f
2025-11-04 13:02:35,591 - WARNING - Failed to index chunk_id: 13a09178-ccd0-4c00-90d0-5b51315c1249
2025-11-04 13:02:35,591 - WARNING - Failed to index chunk_id: bf71e2c3-bf07-4e27-9889-dfae32775d42
2025-11-04 13:02:35,591 - WARNING - Failed to index chunk_id: c0e29086-cf56-4679-bf0c-ab501b8e012a
2025-11-04 13:02:35,591 - WARNING - Failed to index chunk_id: e92ac2fa-d887-404e-b0c5-be125d0b858f
2025-11-04 13:02:35,591 - WARNING - Failed to index chunk_id: 06115199-4ce9-4207-af07-66ccb316dd04
2025-11-04 13:02:35,591 - WARNING - Failed to index chunk_id: 4174e806-1d3d-47d5-af77-9be22b14fcd8
2025-11-04 13:02:35,591 - WARNING - Failed to index chunk_id: f04184e3-2a59-4a4b-b878-31b906e5536a
2025-11-04 13:02:35,591 - WARNING - Failed to index chunk_id: db36d8e6-22bd-490e-8c35-69d2105bb708
2025-11-04 13:02:35,591 - WARNING - Failed to index chunk_id: 7bca8ab8-5e1e-4170-9b2b-954799375b15
2025-11-04 13:02:35,591 - WARNING - Failed to index chunk_id: e3c91680-af8f-4a7b-939c-fc8929c17d4e
2025-11-04 13:02:35,591 - WARNING - Failed to index chunk_id: 29eeb255-be0a-4148-b787-9a0ee4be6d2a
2025-11-04 13:02:35,591 - WARNING - Failed to index chunk_id: a91bb84b-6ded-4615-bfed-81b4cf5de23b
2025-11-04 13:02:35,591 - WARNING - Failed to index chunk_id: ba2d921f-b2c1-4dc6-98ee-d32b5c670f69
2025-11-04 13:02:35,591 - WARNING - Failed to index chunk_id: 38757cb1-30a5-46ca-81c2-dc4dfd08d683
2025-11-04 13:02:35,591 - WARNING - Failed to index chunk_id: 8e63e01d-1607-40ba-bbb1-46f01d43cb05
2025-11-04 13:02:35,591 - WARNING - Failed to index chunk_id: 9f0ac7dc-f360-46d8-89a9-3447239595e8
2025-11-04 13:02:35,591 - WARNING - Failed to index chunk_id: 92115d81-5ead-449c-97bb-b64b3e10c7aa
2025-11-04 13:02:35,591 - WARNING - Failed to index chunk_id: 34229fdf-5852-45cc-8802-cd328c35a1e8
2025-11-04 13:02:35,591 - WARNING - Failed to index chunk_id: 5d4453d3-d65f-417b-bee9-696939d2f714
2025-11-04 13:02:35,591 - WARNING - Failed to index chunk_id: 9bb35d1a-b531-4b62-bac5-73bd1824749c
2025-11-04 13:02:35,591 - WARNING - Failed to index chunk_id: 1968b696-4cac-4864-90fa-e916367f279f
2025-11-04 13:02:35,591 - WARNING - Failed to index chunk_id: f61b42b8-d23f-4ff5-b1a7-2bc288d07f37
2025-11-04 13:02:35,591 - WARNING - Failed to index chunk_id: 14e2b4c1-bf8a-4379-9718-207733630215
2025-11-04 13:02:35,591 - WARNING - Failed to index chunk_id: ffca33a5-7608-4997-8ebf-e369a2e07e05
2025-11-04 13:02:35,591 - WARNING - Failed to index chunk_id: 0f104138-785c-4524-aea7-ebb37d9f1881
2025-11-04 13:02:35,591 - WARNING - Failed to index chunk_id: 35cf074f-931a-4d8d-b6f0-54012fa6daba
2025-11-04 13:02:35,591 - WARNING - Failed to index chunk_id: 21cef4b2-4aab-48d5-ab34-798da0fd0c61
2025-11-04 13:02:35,591 - WARNING - Failed to index chunk_id: 46cd9866-6914-4d46-8f9e-4191ccd5fe99
2025-11-04 13:02:35,591 - WARNING - Failed to index chunk_id: 5110291e-86c7-4728-ac1b-52d75d3ec957
2025-11-04 13:02:35,591 - WARNING - Failed to index chunk_id: 96cf890f-204e-4762-a520-51b06e6a4e54
2025-11-04 13:02:35,591 - WARNING - Failed to index chunk_id: 13382a10-37e5-4ec3-8e6e-986f8b75ad51
2025-11-04 13:02:35,591 - WARNING - Failed to index chunk_id: 24f2f3e7-67ae-4948-92da-aca947aae1d1
2025-11-04 13:02:35,591 - WARNING - Failed to index chunk_id: 964ec282-f304-4d7c-8023-601d9602231c
2025-11-04 13:02:35,591 - WARNING - Failed to index chunk_id: cd3c3a37-2f25-4e8d-be0b-edf49b398e30
2025-11-04 13:02:35,591 - WARNING - Failed to index chunk_id: c674de23-788c-44c7-80fe-161c21412797
2025-11-04 13:02:35,591 - WARNING - Failed to index chunk_id: 1dc59ccc-e472-40f3-8c27-d0e631fc7e44
2025-11-04 13:02:35,591 - WARNING - Failed to index chunk_id: 8a02e66b-ed36-47f2-bd64-625fc2a27bc2
2025-11-04 13:02:35,591 - WARNING - Failed to index chunk_id: a779a9d7-f365-42f8-a987-ad53235168fc
2025-11-04 13:02:35,591 - WARNING - Failed to index chunk_id: fa967434-9910-43dd-ba4f-abed670aeb64
2025-11-04 13:02:35,591 - WARNING - Failed to index chunk_id: a5177310-b4c3-4279-b342-abcf814ef64a
2025-11-04 13:02:35,591 - WARNING - Failed to index chunk_id: 8af6a332-7a15-4d30-9957-c4897e5d0629
2025-11-04 13:02:35,591 - WARNING - Failed to index chunk_id: 59a75a1c-4fa3-4b3a-88a0-72e2e283c9ed
2025-11-04 13:02:35,591 - WARNING - Failed to index chunk_id: 09474565-461f-421d-a356-0eee646195a7
2025-11-04 13:02:35,591 - WARNING - Failed to index chunk_id: 0ca03516-6d9e-4654-aea2-cbb3962b7581
2025-11-04 13:02:35,591 - WARNING - Failed to index chunk_id: 0a2f2a7d-a5ea-4748-a471-5efe47fd80ac
2025-11-04 13:02:35,591 - WARNING - Failed to index chunk_id: 83b3ed13-00dc-423e-87d3-e337645c6b36
2025-11-04 13:02:35,591 - WARNING - Failed to index chunk_id: 6ca936d3-b581-470e-a0d1-99e8f1c431a8
2025-11-04 13:02:35,591 - WARNING - Failed to index chunk_id: 74e3046b-f791-4281-b508-097bd25b00b7
2025-11-04 13:02:35,591 - WARNING - Failed to index chunk_id: d8276725-65bc-4c82-b6c2-3a382e526d13
2025-11-04 13:02:35,591 - WARNING - Failed to index chunk_id: 4773cb19-cac7-4e0d-aa84-fcaf855fa799
2025-11-04 13:02:35,591 - WARNING - Failed to index chunk_id: 6779a67b-8b19-49e2-ac36-2cb2157f522c
2025-11-04 13:02:35,591 - WARNING - Failed to index chunk_id: 3863cd8d-0c7e-474e-851e-1401fe005842
2025-11-04 13:02:35,591 - WARNING - Failed to index chunk_id: f1938852-a1e0-44ce-97de-750a552a14bf
2025-11-04 13:02:35,591 - WARNING - Failed to index chunk_id: a0591644-c9dd-4f8b-bd00-7ce60534c13f
2025-11-04 13:02:35,591 - WARNING - Failed to index chunk_id: e537fa18-e8fd-476d-9304-aa5a38ae4704
2025-11-04 13:02:35,591 - WARNING - Failed to index chunk_id: c0456384-3218-48b8-aa0b-73532ab980d0
2025-11-04 13:02:35,591 - WARNING - Failed to index chunk_id: b009fd27-3ceb-4984-b465-71aa2d28d736
2025-11-04 13:02:35,591 - WARNING - Failed to index chunk_id: 92823e09-aa55-4a0c-837f-7c4d47ee2391
2025-11-04 13:02:35,591 - WARNING - Failed to index chunk_id: 367e18cc-a2aa-41e8-9367-f0aabbd1476f
2025-11-04 13:02:35,591 - WARNING - Failed to index chunk_id: e5dbc91e-ef05-4e9e-84d1-253870dcd506
2025-11-04 13:02:35,591 - WARNING - Failed to index chunk_id: f172e6e0-9c1b-4f96-b6f4-2cde834854eb
2025-11-04 13:02:35,591 - WARNING - Failed to index chunk_id: dd99170a-58a8-455e-8421-ba9959641837
2025-11-04 13:02:35,591 - WARNING - Failed to index chunk_id: e90a4be6-9a86-4943-9dec-cd8af13c9ae8
2025-11-04 13:02:35,591 - WARNING - Failed to index chunk_id: 04c613e8-308e-40da-8d63-52d030bd84a0
2025-11-04 13:02:35,591 - WARNING - Failed to index chunk_id: a79a89a1-118c-40ed-96c8-af9605b5050e
2025-11-04 13:02:35,591 - WARNING - Failed to index chunk_id: 13bf24e2-a54a-4dae-a86a-8c137f9f3a78
2025-11-04 13:02:35,591 - WARNING - Failed to index chunk_id: c115ace7-f0e0-4438-b5c5-f8fbd479b573
2025-11-04 13:02:35,591 - WARNING - Failed to index chunk_id: aa85a9a4-89b7-4fa8-ad42-6f147ad4a0a0
2025-11-04 13:02:35,591 - WARNING - Failed to index chunk_id: 56ac396d-c0e5-4c7a-b885-c866d04b3c1f
2025-11-04 13:02:35,591 - WARNING - Failed to index chunk_id: 2359be3c-b691-4ece-aa70-1b402a6119c6
2025-11-04 13:02:35,591 - WARNING - Failed to index chunk_id: 84511dd1-1f92-4a94-bbe7-d8277ad5633d
2025-11-04 13:02:35,591 - WARNING - Failed to index chunk_id: 8843a125-65aa-4077-bdd0-52b3e5f1709f
2025-11-04 13:02:35,591 - WARNING - Failed to index chunk_id: 60f12451-4e3c-49e7-b257-f55b0257b5a8
2025-11-04 13:02:35,591 - WARNING - Failed to index chunk_id: a84a784d-4025-4208-8a31-8c3321d0629d
2025-11-04 13:02:35,591 - WARNING - Failed to index chunk_id: 3be9ab06-6a75-4653-9883-16110b8b6cae
2025-11-04 13:02:35,591 - WARNING - Failed to index chunk_id: 60502587-4fe8-4447-ace0-c41a9c948097
2025-11-04 13:02:35,591 - WARNING - Failed to index chunk_id: 06655d28-4087-44f3-b422-32e06b3e7473
2025-11-04 13:02:35,591 - WARNING - Failed to index chunk_id: 507610e2-692d-48f1-bbea-c7c7a9794cad
2025-11-04 13:02:35,591 - WARNING - Failed to index chunk_id: 9d0b7dcf-76c5-4ac9-a871-373ea73be11f
2025-11-04 13:02:35,591 - WARNING - Failed to index chunk_id: 93c2bed5-b34f-49a6-89c4-298eb2e0d99f
2025-11-04 13:02:35,591 - WARNING - Failed to index chunk_id: 07d39807-cb5b-4dd5-81a4-cd1574c7c99d
2025-11-04 13:02:35,591 - WARNING - Failed to index chunk_id: 1f5d2057-91e8-4f49-90f3-55556cdb8f58
2025-11-04 13:02:35,591 - WARNING - Failed to index chunk_id: e88ab557-c054-419d-9e90-abb78283eb77
2025-11-04 13:02:35,591 - WARNING - Failed to index chunk_id: cc484a2b-1a25-46c9-a148-5a683d75090e
2025-11-04 13:02:35,591 - WARNING - Failed to index chunk_id: c46ce6f2-aac3-4aab-ab82-459184a715f6
2025-11-04 13:02:35,591 - WARNING - Failed to index chunk_id: 45887eb3-0a5c-4854-8180-14c9a50442fb
2025-11-04 13:02:35,591 - WARNING - Failed to index chunk_id: b94f6290-0f59-4d23-92b4-c902b1404a9e
2025-11-04 13:02:35,591 - WARNING - Failed to index chunk_id: b45d1973-e1bf-4662-a68b-dc42419ce446
2025-11-04 13:02:35,591 - WARNING - Failed to index chunk_id: 198262b4-d215-4938-8bd2-2ecaa9ef9125
2025-11-04 13:02:35,591 - WARNING - Failed to index chunk_id: 96da2cc6-9928-4aa3-b610-f1cf9982b806
2025-11-04 13:02:35,591 - WARNING - Failed to index chunk_id: b83f91db-c912-401c-aa09-9bfc3eb3d7c2
2025-11-04 13:02:35,591 - WARNING - Failed to index chunk_id: 95712bea-3427-4f5f-b1d6-89d0a0545291
2025-11-04 13:02:35,591 - WARNING - Failed to index chunk_id: e141ed5a-86fb-4235-9383-dcb532129f24
2025-11-04 13:02:35,591 - WARNING - Failed to index chunk_id: a4e38e5a-b2bd-46f3-b03d-f496308bdfe5
2025-11-04 13:02:35,591 - WARNING - Failed to index chunk_id: d5231e74-3c88-455f-829e-eea3bd4dfb8e
2025-11-04 13:02:35,591 - WARNING - Failed to index chunk_id: c5ac3d0a-b200-465e-b4a6-f471e9349720
2025-11-04 13:02:35,591 - WARNING - Failed to index chunk_id: 0b31a4ab-391c-40d8-bca1-2fcc0ff172ce
2025-11-04 13:02:35,591 - WARNING - Failed to index chunk_id: ad08cc0f-2b6b-4620-888a-4f880240a220
2025-11-04 13:02:35,591 - WARNING - Failed to index chunk_id: e44ebadf-f4d6-45ab-a1fc-886ae9a69385
2025-11-04 13:02:35,591 - WARNING - Failed to index chunk_id: 7251b1e9-60f4-430e-8942-5175186f90dd
2025-11-04 13:02:35,671 - WARNING - Failed to index chunk_id: ede69a88-36cb-4fe7-bf36-0fc7d451e13c
2025-11-04 13:02:35,671 - WARNING - Failed to index chunk_id: e860b0d1-c1dd-4912-b3da-f3433c789b1e
2025-11-04 13:02:35,671 - WARNING - Failed to index chunk_id: d31c1a08-2a3d-44b4-b9e0-219a2a4e49a5
2025-11-04 13:02:35,671 - WARNING - Failed to index chunk_id: 377ca9da-5701-437d-95a8-ce9770427cdb
2025-11-04 13:02:35,671 - WARNING - Failed to index chunk_id: ff828983-1acb-438b-8da1-0f7eef68c1dd
2025-11-04 13:02:35,671 - WARNING - Failed to index chunk_id: c8f7fab8-67cd-4b25-8414-f2cad4a746ee
2025-11-04 13:02:35,671 - WARNING - Failed to index chunk_id: f313d06a-0799-460c-89c5-a05eea44acc6
2025-11-04 13:02:35,671 - WARNING - Failed to index chunk_id: 768768d4-2ae5-4b17-8d38-60490085d2e0
2025-11-04 13:02:35,671 - WARNING - Failed to index chunk_id: 84472e22-e8e9-45b3-b763-c8f3a0fbfe66
2025-11-04 13:02:35,671 - WARNING - Failed to index chunk_id: 5b8f14d5-820b-4359-8245-0a78a0927ec6
2025-11-04 13:02:35,671 - WARNING - Failed to index chunk_id: 88ca967c-d69a-4fe9-9f64-cb5b0a6357d8
2025-11-04 13:02:35,671 - WARNING - Failed to index chunk_id: 4ef896c6-febc-40f6-b935-057dd60e0ccb
2025-11-04 13:02:35,671 - WARNING - Failed to index chunk_id: 31b10710-7ddd-47cf-9072-b85529ebace6
2025-11-04 13:02:35,671 - WARNING - Failed to index chunk_id: 51865ec1-eebc-451d-bbe0-5d79c0d7b1fb
2025-11-04 13:02:35,671 - WARNING - Failed to index chunk_id: 23d2135e-2a3b-4f71-8750-1557d26e8811
2025-11-04 13:02:35,671 - WARNING - Failed to index chunk_id: e2695b5c-d4a5-4909-b9a1-da199e69dbd9
2025-11-04 13:02:35,671 - WARNING - Failed to index chunk_id: 62de31d2-ca58-4e6f-b5ca-9005256535d9
2025-11-04 13:02:35,671 - WARNING - Failed to index chunk_id: 909b021b-a846-4862-aa87-57b9687d3c39
2025-11-04 13:02:35,671 - WARNING - Failed to index chunk_id: 03e6e05e-1a9d-490f-b6b7-099371152acc
2025-11-04 13:02:35,671 - WARNING - Failed to index chunk_id: 9b636ede-b954-4d15-9b9b-e69f78b27945
2025-11-04 13:02:35,671 - WARNING - Failed to index chunk_id: a280fac9-44ba-4016-bb3b-bee06a773301
2025-11-04 13:02:35,671 - WARNING - Failed to index chunk_id: 1ca24efe-86ad-49c1-8fd7-11dd479f160d
2025-11-04 13:02:35,671 - WARNING - Failed to index chunk_id: f095ec15-9d6f-4e60-beb8-930f9eab62a5
2025-11-04 13:02:35,671 - WARNING - Failed to index chunk_id: aec42856-12ba-4cef-8835-667ce1330f35
2025-11-04 13:02:35,671 - WARNING - Failed to index chunk_id: e52b1b2e-915e-4cbc-9eab-03179b8991af
2025-11-04 13:02:35,672 - WARNING - Failed to index chunk_id: f2fe9a4b-1fcb-4bac-9c86-9536fe1b0460
2025-11-04 13:02:35,672 - WARNING - Failed to index chunk_id: c42a1c10-1015-4a61-bb5f-020b979485f1
2025-11-04 13:02:35,672 - WARNING - Failed to index chunk_id: 7e24acb0-90a2-4794-8696-e29f19c0895a
2025-11-04 13:02:35,672 - WARNING - Failed to index chunk_id: 8858e526-29ca-4b01-8291-8af79137ac99
2025-11-04 13:02:35,672 - WARNING - Failed to index chunk_id: 70f3a031-9961-40e1-a7e0-d561d3b3f7f4
2025-11-04 13:02:35,672 - WARNING - Failed to index chunk_id: 3eec35df-f7d0-4595-b940-7838c7d262cf
2025-11-04 13:02:35,672 - WARNING - Failed to index chunk_id: 91e44888-b525-4de8-927b-603629157d32
2025-11-04 13:02:35,672 - WARNING - Failed to index chunk_id: 59876923-6c66-4601-872c-12c440c8304b
2025-11-04 13:02:35,672 - WARNING - Failed to index chunk_id: 5b3b6ad2-4471-4e19-abc1-25438e892195
2025-11-04 13:02:35,672 - WARNING - Failed to index chunk_id: 0b4eae50-4467-4238-95ee-bb16aa196b28
2025-11-04 13:02:35,672 - WARNING - Failed to index chunk_id: 41170a30-f902-42dc-b89d-c336500b3576
2025-11-04 13:02:35,672 - WARNING - Failed to index chunk_id: 6b3a3d64-311b-4a05-b53a-527e50ec118d
2025-11-04 13:02:35,672 - WARNING - Failed to index chunk_id: 3c866c67-01ac-43d2-becb-f45eb942bb57
2025-11-04 13:02:35,672 - WARNING - Failed to index chunk_id: 8cabe111-6430-484e-a5c7-3cc8bd8e7c3b
2025-11-04 13:02:35,672 - WARNING - Failed to index chunk_id: 526d740e-7e14-4278-a0d4-f8f9675ed615
2025-11-04 13:02:35,672 - WARNING - Failed to index chunk_id: b9c0b135-3d48-4118-bf5f-da75a5e1343a
2025-11-04 13:02:35,672 - WARNING - Failed to index chunk_id: 33858ca1-6628-42bf-9c0e-e95fa30e10ac
2025-11-04 13:02:35,672 - WARNING - Failed to index chunk_id: 7e782114-5cd5-42b7-ae7e-56590085c93c
2025-11-04 13:02:35,672 - WARNING - Failed to index chunk_id: bb894302-b070-4abb-b164-1e789c030f28
2025-11-04 13:02:35,672 - WARNING - Failed to index chunk_id: 194afce5-c6f6-41f9-a73d-10d1d308d748
2025-11-04 13:02:35,672 - WARNING - Failed to index chunk_id: 83187e96-0dcb-4820-8d72-0714485b5b98
2025-11-04 13:02:35,672 - WARNING - Failed to index chunk_id: 44e35936-8a13-436e-927a-7f0f77800dc2
2025-11-04 13:02:35,672 - WARNING - Failed to index chunk_id: 2a8e996f-0a8f-40e5-8c17-c12257355135
2025-11-04 13:02:35,672 - WARNING - Failed to index chunk_id: 37f8e13b-7977-4ac0-bd05-0a1603e95b2c
2025-11-04 13:02:35,672 - WARNING - Failed to index chunk_id: 4454bb1d-5595-4f10-9066-fdc26c476899
2025-11-04 13:02:35,672 - WARNING - Failed to index chunk_id: edf43ab6-05f5-46c9-a768-d9e429d7e857
2025-11-04 13:02:35,672 - WARNING - Failed to index chunk_id: cf966dd1-f0ee-45f9-864a-062ef8155aaf
2025-11-04 13:02:35,672 - WARNING - Failed to index chunk_id: 99e24192-e51d-475a-9033-78db086b00a0
2025-11-04 13:02:35,672 - WARNING - Failed to index chunk_id: 1a623f13-9086-4b8e-ba5e-ddfc31673555
2025-11-04 13:02:35,672 - WARNING - Failed to index chunk_id: 3519a499-e924-4925-a91b-ede19ede6c14
2025-11-04 13:02:35,672 - WARNING - Failed to index chunk_id: 0fca795d-6ddd-4972-86fc-e42fe192e6a0
2025-11-04 13:02:35,672 - WARNING - Failed to index chunk_id: 3e755550-860a-4a80-9db0-daacfc7569fc
2025-11-04 13:02:35,672 - WARNING - Failed to index chunk_id: 0482ab96-b5bc-418f-b77d-906229f57d51
2025-11-04 13:02:35,672 - WARNING - Failed to index chunk_id: a174939f-593e-446c-b1c0-549fd326915f
2025-11-04 13:02:35,672 - WARNING - Failed to index chunk_id: 30cc0629-fe13-4416-8b07-f1271889faca
2025-11-04 13:02:35,672 - WARNING - Failed to index chunk_id: 3ed6cbd7-9de8-432f-8414-47cc2cfb0d2d
2025-11-04 13:02:35,672 - WARNING - Failed to index chunk_id: f4c78182-e447-4665-aecc-053308d951ec
2025-11-04 13:02:35,672 - WARNING - Failed to index chunk_id: 9445bfcd-adad-471e-85ea-b6fb54bad718
2025-11-04 13:02:35,672 - WARNING - Failed to index chunk_id: dd14711a-586a-464c-811e-58155924fdb9
2025-11-04 13:02:35,672 - WARNING - Failed to index chunk_id: f5e759e3-19fc-4a36-9d83-4e59f61df1d5
2025-11-04 13:02:35,672 - WARNING - Failed to index chunk_id: d9c12d2b-424e-41df-b948-572c5dea31ee
2025-11-04 13:02:35,672 - WARNING - Failed to index chunk_id: 6ef6aa38-60f2-4ca0-b3a3-3a2e90eff44b
2025-11-04 13:02:35,672 - WARNING - Failed to index chunk_id: 2e78a221-2f71-499c-a496-200320e9ee49
2025-11-04 13:02:35,672 - WARNING - Failed to index chunk_id: e9a707da-59f9-46cf-b397-ad797724b1d1
2025-11-04 13:02:35,672 - WARNING - Failed to index chunk_id: 1f09cfce-a04e-4d46-b924-8ba9d68d735a
2025-11-04 13:02:35,672 - WARNING - Failed to index chunk_id: a72dc9b0-b212-4f20-bdb3-d6aa7820715a
2025-11-04 13:02:35,672 - WARNING - Failed to index chunk_id: 9330d8ce-bdeb-4028-b681-145dd1af4753
2025-11-04 13:02:35,672 - WARNING - Failed to index chunk_id: 2831e524-5c50-4039-a58c-8b6f88efc069
2025-11-04 13:02:35,672 - WARNING - Failed to index chunk_id: e84303fe-296e-4001-b55b-2057e5ad5ae2
2025-11-04 13:02:35,672 - WARNING - Failed to index chunk_id: 5648cd73-9710-4796-b9f8-4202262c876f
2025-11-04 13:02:35,672 - WARNING - Failed to index chunk_id: 4441ddfe-dd40-4054-94a3-681596bc7cb5
2025-11-04 13:02:35,672 - WARNING - Failed to index chunk_id: 4d5af73e-8993-4967-a7f3-729164f776d2
2025-11-04 13:02:35,672 - WARNING - Failed to index chunk_id: 412bdafc-3144-4e48-83eb-d592ca6fc626
2025-11-04 13:02:35,672 - WARNING - Failed to index chunk_id: 7fd552cc-5506-416b-b897-6286adf53ae3
2025-11-04 13:02:35,672 - WARNING - Failed to index chunk_id: cbc1a7f7-7218-4b82-9ba2-0b2370b34f07
2025-11-04 13:02:35,672 - WARNING - Failed to index chunk_id: 67a9ca1e-6e0b-4751-924a-b529eeeb19c1
2025-11-04 13:02:35,672 - WARNING - Failed to index chunk_id: f7f5823b-7e1c-4d14-91fe-298e983f6897
2025-11-04 13:02:35,672 - WARNING - Failed to index chunk_id: 35bb6212-c85f-46b3-bd8c-8036ce631cff
2025-11-04 13:02:35,672 - WARNING - Failed to index chunk_id: 5c6d729a-471a-423a-9b27-af3514972909
2025-11-04 13:02:35,672 - WARNING - Failed to index chunk_id: 5fa23321-3a6e-4531-9ad6-ca41d271accf
2025-11-04 13:02:35,672 - WARNING - Failed to index chunk_id: e1b5872f-3adb-412c-96db-26c509f7996f
2025-11-04 13:02:35,672 - WARNING - Failed to index chunk_id: 38b5868c-26d6-40fa-94e0-65b06f818902
2025-11-04 13:02:35,672 - WARNING - Failed to index chunk_id: 3fd0dde9-a369-4b8a-a423-9d492cca79cd
2025-11-04 13:02:35,672 - WARNING - Failed to index chunk_id: c4aaccfb-4cd5-4f76-a00e-8562dca8a51e
2025-11-04 13:02:35,672 - WARNING - Failed to index chunk_id: 06fac0c0-5a32-478e-a2fc-fc8e82f7e07c
2025-11-04 13:02:35,672 - WARNING - Failed to index chunk_id: c6038e25-1109-42a5-8051-26092fb7d623
2025-11-04 13:02:35,672 - WARNING - Failed to index chunk_id: 30c40371-c1a6-4876-a5eb-fb2803b6fbf5
2025-11-04 13:02:35,672 - WARNING - Failed to index chunk_id: ad3d8b64-28bb-49bc-b009-a9066e9d3ba9
2025-11-04 13:02:35,672 - WARNING - Failed to index chunk_id: 9a34d6c4-e1d0-4d39-984f-1da11a2aa3da
2025-11-04 13:02:35,672 - WARNING - Failed to index chunk_id: e14518bd-0ca6-4541-b083-5f982ba0c64a
2025-11-04 13:02:35,672 - WARNING - Failed to index chunk_id: e4fbae6a-a840-4a31-bc77-3c709ea663bd
2025-11-04 13:02:35,672 - WARNING - Failed to index chunk_id: 6b47e857-fb03-4988-980d-b77750450278
2025-11-04 13:02:35,672 - WARNING - Failed to index chunk_id: 0fbdd8bc-98c6-4e65-b49f-094ec9581109
2025-11-04 13:02:35,672 - WARNING - Failed to index chunk_id: cb0a7ffa-db7e-4c92-9ffe-870a0dcfa8e8
2025-11-04 13:02:35,672 - WARNING - Failed to index chunk_id: 3ca380bc-e797-49c2-bd30-b1e3a9c0d364
2025-11-04 13:02:35,745 - WARNING - Failed to index chunk_id: 0fd25d0b-841b-40b1-876f-99a3bd1b3485
2025-11-04 13:02:35,745 - WARNING - Failed to index chunk_id: 67f9f6f6-0bf5-4e92-ab72-50a369584119
2025-11-04 13:02:35,745 - WARNING - Failed to index chunk_id: 69f33628-b3f6-4204-838c-c8256b05122e
2025-11-04 13:02:35,745 - WARNING - Failed to index chunk_id: 8472be05-ff72-4ce8-afd1-6f9286fae792
2025-11-04 13:02:35,745 - WARNING - Failed to index chunk_id: 7e90cda4-df9c-4a76-aab6-85efb1c5d621
2025-11-04 13:02:35,745 - WARNING - Failed to index chunk_id: bfcc3ae6-e3d9-4b3b-8a59-38f41df11d09
2025-11-04 13:02:35,745 - WARNING - Failed to index chunk_id: 9d3ae9c1-099c-4038-a43b-ff8148a1d570
2025-11-04 13:02:35,745 - WARNING - Failed to index chunk_id: 3b5f35ff-97f8-44ad-8d9e-3cd5122621e8
2025-11-04 13:02:35,745 - WARNING - Failed to index chunk_id: 77bb9442-5b7f-49a7-958a-48d5fd284c8d
2025-11-04 13:02:35,745 - WARNING - Failed to index chunk_id: 921035da-91c8-4293-9cda-09f20774a918
2025-11-04 13:02:35,745 - WARNING - Failed to index chunk_id: 4ff99560-bdf9-4ae2-8cee-21215ca1d94b
2025-11-04 13:02:35,745 - WARNING - Failed to index chunk_id: 476bbcf3-9795-4f7a-976a-89e21db13984
2025-11-04 13:02:35,745 - WARNING - Failed to index chunk_id: 5f8c51dc-d92e-4a6b-a7c8-460cedd262e3
2025-11-04 13:02:35,745 - WARNING - Failed to index chunk_id: 89099f27-2305-4e98-b82e-c0cc419a79f5
2025-11-04 13:02:35,745 - WARNING - Failed to index chunk_id: e042e109-e574-4b99-ba83-7971a306e2e3
2025-11-04 13:02:35,745 - WARNING - Failed to index chunk_id: 0fd7ba47-9273-4ce3-9f4e-ee31477b2156
2025-11-04 13:02:35,745 - WARNING - Failed to index chunk_id: 60f29726-691d-49e5-99bb-cfd3b5104153
2025-11-04 13:02:35,745 - WARNING - Failed to index chunk_id: 01538ab4-d2dc-4d95-9832-df6b5583b07b
2025-11-04 13:02:35,745 - WARNING - Failed to index chunk_id: 74a2af42-e4f5-403a-95f5-8c0f2b626d11
2025-11-04 13:02:35,745 - WARNING - Failed to index chunk_id: fdef4490-2ea3-445f-955b-480c15a342ce
2025-11-04 13:02:35,745 - WARNING - Failed to index chunk_id: d92b4043-37c2-4c1b-9fb3-f63b4f059bf1
2025-11-04 13:02:35,745 - WARNING - Failed to index chunk_id: 32afa616-aea6-4cd2-a0e3-6b9f5ce84af7
2025-11-04 13:02:35,745 - WARNING - Failed to index chunk_id: 0f4b92f6-739c-4173-a063-f6dbaa6dbea8
2025-11-04 13:02:35,745 - WARNING - Failed to index chunk_id: b7175a33-c65d-47ce-8352-217780056af2
2025-11-04 13:02:35,745 - WARNING - Failed to index chunk_id: 93e32338-567f-4111-b466-156c41f13eba
2025-11-04 13:02:35,745 - WARNING - Failed to index chunk_id: ef06d8f0-9777-4d12-821e-47567b0bd622
2025-11-04 13:02:35,745 - WARNING - Failed to index chunk_id: 093f3459-5419-425b-ac6b-c59014178850
2025-11-04 13:02:35,746 - WARNING - Failed to index chunk_id: 1cb463f9-94df-4df5-8755-72a718ef416e
2025-11-04 13:02:35,746 - WARNING - Failed to index chunk_id: e48db51b-5bbb-4acd-be85-d0a22e1e91ae
2025-11-04 13:02:35,746 - WARNING - Failed to index chunk_id: ef8acd63-3891-4556-8a48-3943be306fa1
2025-11-04 13:02:35,746 - WARNING - Failed to index chunk_id: de60d082-b3d5-4645-b51c-f5261a1803c0
2025-11-04 13:02:35,746 - WARNING - Failed to index chunk_id: fca8fc8c-a997-4bfd-8877-b44c0d702a48
2025-11-04 13:02:35,746 - WARNING - Failed to index chunk_id: ef11fcd6-3134-4f30-81ce-0ec3d32f7f21
2025-11-04 13:02:35,746 - WARNING - Failed to index chunk_id: 92f5edb8-4b9e-42b8-8031-56304a72c425
2025-11-04 13:02:35,746 - WARNING - Failed to index chunk_id: 6414120f-c560-45f3-be57-8d3506c890c9
2025-11-04 13:02:35,746 - WARNING - Failed to index chunk_id: 0967a107-143b-406b-881e-a91b70d0fb89
2025-11-04 13:02:35,746 - WARNING - Failed to index chunk_id: a7eabf84-412a-4276-8184-dea9cdbe8d9b
2025-11-04 13:02:35,746 - WARNING - Failed to index chunk_id: c63c62e1-4303-4340-a439-2e354d285995
2025-11-04 13:02:35,746 - WARNING - Failed to index chunk_id: b223ec0a-ae65-48e3-80f1-1e647d516af0
2025-11-04 13:02:35,746 - WARNING - Failed to index chunk_id: 73ca1899-a212-4b88-8a5b-49845bb48eb7
2025-11-04 13:02:35,746 - WARNING - Failed to index chunk_id: 5e245760-06ef-419d-9cf6-9d0ce24409e1
2025-11-04 13:02:35,746 - WARNING - Failed to index chunk_id: d26ae280-8cc4-4432-a644-2f3b5abb2b38
2025-11-04 13:02:35,746 - WARNING - Failed to index chunk_id: 38b19917-5f62-4733-a369-b85749da1578
2025-11-04 13:02:35,746 - WARNING - Failed to index chunk_id: 0c69d813-5894-45ee-b4d9-785717f83741
2025-11-04 13:02:35,746 - WARNING - Failed to index chunk_id: ecefaaba-3713-409c-b3d4-7739adf609f2
2025-11-04 13:02:35,746 - WARNING - Failed to index chunk_id: cd9d8865-4cc8-4622-867a-f7e69837ec79
2025-11-04 13:02:35,746 - WARNING - Failed to index chunk_id: 509312e7-66d2-4db5-9e43-929af066ff15
2025-11-04 13:02:35,746 - WARNING - Failed to index chunk_id: 1fc169f0-f820-49de-85f3-ef023fec766d
2025-11-04 13:02:35,746 - WARNING - Failed to index chunk_id: 671f7e9b-b168-4218-bb84-24b04a2f47e6
2025-11-04 13:02:35,746 - WARNING - Failed to index chunk_id: 320ae2d1-8133-45b2-bf79-97c3b99465b9
2025-11-04 13:02:35,746 - WARNING - Failed to index chunk_id: 1fb9ac84-432f-4f33-8918-99b243a3be85
2025-11-04 13:02:35,746 - WARNING - Failed to index chunk_id: f18874bc-3e32-43ae-96d1-b1a07766414a
2025-11-04 13:02:35,746 - WARNING - Failed to index chunk_id: e0f9b9cb-41c1-4f26-8d2b-5466be6d1322
2025-11-04 13:02:35,746 - WARNING - Failed to index chunk_id: 105001d7-5787-4475-a345-e51feffc9cef
2025-11-04 13:02:35,746 - WARNING - Failed to index chunk_id: 482dd368-1e82-484b-a2e7-7814dc28d9f8
2025-11-04 13:02:35,746 - WARNING - Failed to index chunk_id: e5221e95-326e-4617-a43b-3391133b3bbc
2025-11-04 13:02:35,746 - WARNING - Failed to index chunk_id: 84fb4e3a-31b2-4e01-8387-ecb86dd16fd8
2025-11-04 13:02:35,746 - WARNING - Failed to index chunk_id: f4509e6e-ce5a-4108-a719-e2f45784912f
2025-11-04 13:02:35,746 - WARNING - Failed to index chunk_id: 84fd21cf-28fb-4fd0-b8c1-c063c43f8db1
2025-11-04 13:02:35,746 - WARNING - Failed to index chunk_id: f7c6947e-d176-4646-a5d2-c8765e5020f2
2025-11-04 13:02:35,746 - WARNING - Failed to index chunk_id: 9aee886d-322a-411f-8bcb-94d96426852b
2025-11-04 13:02:35,746 - WARNING - Failed to index chunk_id: 2f9fae48-1974-44e1-be4b-381e5cd6e648
2025-11-04 13:02:35,746 - WARNING - Failed to index chunk_id: 1a63ba55-4390-4ef9-ae4f-29976426a0b0
2025-11-04 13:02:35,746 - WARNING - Failed to index chunk_id: 71ec064a-98ed-4bc0-9ce9-40334a721569
2025-11-04 13:02:35,746 - WARNING - Failed to index chunk_id: 97318696-760b-44c0-8920-ae59d904cefe
2025-11-04 13:02:35,746 - WARNING - Failed to index chunk_id: f08543d5-e952-4895-b3b3-8f02bae4f338
2025-11-04 13:02:35,746 - WARNING - Failed to index chunk_id: 3bc3f267-9ce4-43ed-940f-b277a3f7d628
2025-11-04 13:02:35,746 - WARNING - Failed to index chunk_id: 9fd42bbe-6dcb-4e29-8b49-028214540d04
2025-11-04 13:02:35,746 - WARNING - Failed to index chunk_id: c3059aee-4a26-46a9-b946-cc7f775c3214
2025-11-04 13:02:35,746 - WARNING - Failed to index chunk_id: a1ecc2dd-d0be-4e64-83ec-b5e25be50e42
2025-11-04 13:02:35,746 - WARNING - Failed to index chunk_id: 0c143ab7-b883-48e7-8f7e-79dfe0629f07
2025-11-04 13:02:35,746 - WARNING - Failed to index chunk_id: ff8855f9-4ac0-4c78-aaab-06fcf3d35234
2025-11-04 13:02:35,746 - WARNING - Failed to index chunk_id: 4099953c-df7a-4a08-bd93-b3f411e34736
2025-11-04 13:02:35,746 - WARNING - Failed to index chunk_id: 65ed7349-e8a0-4f45-8368-5f14d4c87028
2025-11-04 13:02:35,746 - WARNING - Failed to index chunk_id: 385da8c3-766f-4a8d-a570-bec7266624a1
2025-11-04 13:02:35,746 - WARNING - Failed to index chunk_id: 022dfac3-885c-4f05-bb0f-b84eaf2c630c
2025-11-04 13:02:35,746 - WARNING - Failed to index chunk_id: a37f442f-dc83-496d-8c2a-f3d53e2e9074
2025-11-04 13:02:35,746 - WARNING - Failed to index chunk_id: 869e0a9d-bdea-4e3d-8ce9-c58a062e32c5
2025-11-04 13:02:35,746 - WARNING - Failed to index chunk_id: 06f97ebc-d8e2-4edd-9d9a-41914f71908e
2025-11-04 13:02:35,746 - WARNING - Failed to index chunk_id: ac7f9284-01b3-437d-82d2-05213bc5c713
2025-11-04 13:02:35,746 - WARNING - Failed to index chunk_id: 9d16b147-2ce0-4017-ad08-f6b3ff47c49a
2025-11-04 13:02:35,746 - WARNING - Failed to index chunk_id: 2382cba3-8fe8-4157-8841-541ca576b4c9
2025-11-04 13:02:35,746 - WARNING - Failed to index chunk_id: 596ef844-1fd5-4c53-a68c-b27dc1c340d6
2025-11-04 13:02:35,746 - WARNING - Failed to index chunk_id: 5875b7dd-118c-4a9b-891c-d82e99a122f0
2025-11-04 13:02:35,746 - WARNING - Failed to index chunk_id: e3aa222a-8d3a-426e-93a7-e61427105579
2025-11-04 13:02:35,746 - WARNING - Failed to index chunk_id: 5a9a5d5c-ab38-4241-a8fe-6b562893ad1d
2025-11-04 13:02:35,746 - WARNING - Failed to index chunk_id: 09f910f7-44ad-4182-92a4-ce6c084817d1
2025-11-04 13:02:35,746 - WARNING - Failed to index chunk_id: a1c295b4-4dba-48db-a66c-93a2f7c6b7c3
2025-11-04 13:02:35,746 - WARNING - Failed to index chunk_id: 11840b6e-24cb-40ba-a09c-5bec10de0027
2025-11-04 13:02:35,746 - WARNING - Failed to index chunk_id: b02ce99e-16c2-4fc2-a7d7-2476a0865b75
2025-11-04 13:02:35,746 - WARNING - Failed to index chunk_id: bf317d33-0be1-484d-8dca-1e21aaeaa436
2025-11-04 13:02:35,746 - WARNING - Failed to index chunk_id: e0760aad-6a5a-4d68-989b-891bf235f146
2025-11-04 13:02:35,746 - WARNING - Failed to index chunk_id: 64e53b23-3051-45c2-b6fe-bca2dc2950a7
2025-11-04 13:02:35,746 - WARNING - Failed to index chunk_id: 5c4f055f-ad69-45eb-918b-4d6670f1f52d
2025-11-04 13:02:35,746 - WARNING - Failed to index chunk_id: 1012aebd-958d-478c-91bc-2075524b1334
2025-11-04 13:02:35,746 - WARNING - Failed to index chunk_id: 93f1f282-4654-4d27-8fd3-87bcf590e76b
2025-11-04 13:02:35,746 - WARNING - Failed to index chunk_id: de565c96-6f69-4172-a735-e7d5ae5443a9
2025-11-04 13:02:35,746 - WARNING - Failed to index chunk_id: 13d8b9ca-42f6-4f49-b620-54e3c894e5b7
2025-11-04 13:02:35,746 - WARNING - Failed to index chunk_id: dcd4b847-0d40-444c-ae2d-93ea3c8955ec
2025-11-04 13:02:35,746 - WARNING - Failed to index chunk_id: 64aa03c9-8a87-45cf-bc47-64a7b5292d0a
2025-11-04 13:02:35,802 - WARNING - Failed to index chunk_id: 8d3f45fc-e069-4c94-ac2b-55741ecd2b47
2025-11-04 13:02:35,802 - WARNING - Failed to index chunk_id: 9428d1b5-2fd5-4269-818e-6d0df349b78e
2025-11-04 13:02:35,802 - WARNING - Failed to index chunk_id: d6572903-1a14-496d-b14b-3509979dab8a
2025-11-04 13:02:35,802 - WARNING - Failed to index chunk_id: 406f621f-1d24-498f-9bb8-2323cec0692e
2025-11-04 13:02:35,802 - WARNING - Failed to index chunk_id: 0aeb4700-e083-4d46-9331-4e8fdb831f11
2025-11-04 13:02:35,802 - WARNING - Failed to index chunk_id: 3da4dea6-39c7-4f69-8517-f83d410ae2bf
2025-11-04 13:02:35,802 - WARNING - Failed to index chunk_id: 8e056333-71a8-487e-a36f-c3fd90c21907
2025-11-04 13:02:35,802 - WARNING - Failed to index chunk_id: dce1a44f-22ec-4353-bb9b-9e6b525f4c4b
2025-11-04 13:02:35,802 - WARNING - Failed to index chunk_id: 2a6280a2-296d-4625-af6e-419701a4974e
2025-11-04 13:02:35,802 - WARNING - Failed to index chunk_id: c51292ee-6346-4a3a-9266-55cb2f0ae5d0
2025-11-04 13:02:35,802 - WARNING - Failed to index chunk_id: a0a95ddb-e2ce-4f2f-83de-81ca404988b5
2025-11-04 13:02:35,802 - WARNING - Failed to index chunk_id: 5abbd805-0aba-45d3-bbf7-f6080c726a0b
2025-11-04 13:02:35,802 - WARNING - Failed to index chunk_id: e475dace-c1f3-4568-873a-58da3db031dd
2025-11-04 13:02:35,802 - WARNING - Failed to index chunk_id: e2922a55-4d1d-4a8b-83e0-d16fbc4a059d
2025-11-04 13:02:35,802 - WARNING - Failed to index chunk_id: 82d7bd04-ecee-4eba-801b-7926b67cb942
2025-11-04 13:02:35,802 - WARNING - Failed to index chunk_id: 11b11c38-30cc-4cbe-8706-91f5ecac5162
2025-11-04 13:02:35,802 - WARNING - Failed to index chunk_id: 97100639-aafb-4c32-9e9a-3b585a7df23e
2025-11-04 13:02:35,802 - WARNING - Failed to index chunk_id: 05dcc109-2b6c-4919-95f3-7cffa7b43f4d
2025-11-04 13:02:35,802 - WARNING - Failed to index chunk_id: 0e236b2f-2c2f-4ac7-8cf3-3779afdd607e
2025-11-04 13:02:35,802 - WARNING - Failed to index chunk_id: 02b8fdfa-9fc1-48f5-bb1e-81b3a335867e
2025-11-04 13:02:35,802 - WARNING - Failed to index chunk_id: 3f23da1c-7693-45b2-b0eb-eee4d65cdcc5
2025-11-04 13:02:35,802 - WARNING - Failed to index chunk_id: 605190b2-8146-4016-bac0-808a16d3f3ad
2025-11-04 13:02:35,802 - WARNING - Failed to index chunk_id: 43535040-bbc3-4047-b248-74902861acb6
2025-11-04 13:02:35,802 - WARNING - Failed to index chunk_id: dd3943e9-c2e8-4bb4-ad35-a66255bf02c1
2025-11-04 13:02:35,802 - WARNING - Failed to index chunk_id: 0b341784-f630-4cfc-a2fb-7708f7243ed4
2025-11-04 13:02:35,802 - WARNING - Failed to index chunk_id: c182baad-3e05-4c17-b11b-757a4d5e66c7
2025-11-04 13:02:35,802 - WARNING - Failed to index chunk_id: 0aa181a9-c84f-4331-b79f-95d705174868
2025-11-04 13:02:35,802 - WARNING - Failed to index chunk_id: 280acaf6-bb91-4435-b09e-c6794ac811ba
2025-11-04 13:02:35,802 - WARNING - Failed to index chunk_id: 69140aca-d2c6-4860-ab70-44a070ad98a7
2025-11-04 13:02:35,802 - WARNING - Failed to index chunk_id: 099f14b5-4c93-4f56-8b95-68ea38bd6913
2025-11-04 13:02:35,802 - WARNING - Failed to index chunk_id: 87e9245e-6984-4658-8914-b40d6de9da67
2025-11-04 13:02:35,802 - WARNING - Failed to index chunk_id: 8346c1fc-fc39-4a87-8875-2b669dd6db96
2025-11-04 13:02:35,802 - WARNING - Failed to index chunk_id: 39b1104b-b77d-434f-9495-aea60cd44740
2025-11-04 13:02:35,802 - WARNING - Failed to index chunk_id: 453cf0c4-fa0a-4dbd-9a45-7c865049e153
2025-11-04 13:02:35,802 - WARNING - Failed to index chunk_id: b24ebbe9-60c1-4a3d-a8c7-527eb2f4a1e0
2025-11-04 13:02:35,802 - WARNING - Failed to index chunk_id: 99cf01cb-db04-4cca-85f4-1751e64eba98
2025-11-04 13:02:35,803 - WARNING - Failed to index chunk_id: eae39bf8-3c17-402e-ad1a-91180f83cbf6
2025-11-04 13:02:35,803 - WARNING - Failed to index chunk_id: d9cde956-02e9-4a10-a3ff-b8f52504a8e8
2025-11-04 13:02:35,803 - WARNING - Failed to index chunk_id: cce6039b-cec4-4d08-bf6a-9d302da0eb94
2025-11-04 13:02:35,803 - WARNING - Failed to index chunk_id: 624b532b-738e-4819-823a-beec6ac2fc1a
2025-11-04 13:02:35,803 - WARNING - Failed to index chunk_id: 7cdbc8b3-0fc5-41c1-b865-47dffe25cb44
2025-11-04 13:02:35,803 - WARNING - Failed to index chunk_id: e1976889-59f6-41b6-b896-be1258d1302e
2025-11-04 13:02:35,803 - WARNING - Failed to index chunk_id: 0eb5b7df-f156-411b-a3d1-fe98768b7295
2025-11-04 13:02:35,803 - WARNING - Failed to index chunk_id: 1abc016d-043c-41e2-b49c-2be8df3d6433
2025-11-04 13:02:35,803 - WARNING - Failed to index chunk_id: 3a57084a-3d8a-4623-8b64-9dc60565413b
2025-11-04 13:02:35,803 - WARNING - Failed to index chunk_id: 0f5adc6b-0571-4a11-9434-6d7844ff3df3
2025-11-04 13:02:35,803 - WARNING - Failed to index chunk_id: 36b3eee5-70d5-467d-8509-224a74343cc6
2025-11-04 13:02:35,803 - WARNING - Failed to index chunk_id: 5bc155eb-e409-4279-9d56-593eb9adce36
2025-11-04 13:02:35,803 - WARNING - Failed to index chunk_id: 0e21a2e1-b3e2-4eca-a059-d4a859b0cd71
2025-11-04 13:02:35,803 - WARNING - Failed to index chunk_id: 54287a0c-1b99-4073-9a10-b15b95b820f1
2025-11-04 13:02:35,803 - WARNING - Failed to index chunk_id: 5d75a93a-bb49-4e53-835b-c73e44ecb2a3
2025-11-04 13:02:35,803 - WARNING - Failed to index chunk_id: 1acac816-7c33-4134-a2a8-fef580afc08c
2025-11-04 13:02:35,803 - WARNING - Failed to index chunk_id: 6ce6141f-2613-4739-91e2-1e5696353117
2025-11-04 13:02:35,803 - WARNING - Failed to index chunk_id: 2256d831-6098-4999-af03-593072da840c
2025-11-04 13:02:35,803 - WARNING - Failed to index chunk_id: 2eb907d1-43ee-452f-9d5b-7549a302c1c5
2025-11-04 13:02:35,803 - WARNING - Failed to index chunk_id: 67bf9f4a-7224-45c1-9d28-7b7247e9868e
2025-11-04 13:02:35,803 - WARNING - Failed to index chunk_id: 1e82a0a0-9935-4f20-93bd-e1ed66a0c39a
2025-11-04 13:02:35,803 - WARNING - Failed to index chunk_id: ed8c7158-4226-4a95-8872-d4a934c51cae
2025-11-04 13:02:35,803 - WARNING - Failed to index chunk_id: 800f1dbd-d802-4f7b-88a7-80a85343affc
2025-11-04 13:02:35,803 - WARNING - Failed to index chunk_id: cdf276ed-a82f-411a-abbf-486060adecac
2025-11-04 13:02:35,803 - WARNING - Failed to index chunk_id: af3014c6-bbf6-4b49-a6b8-c1bd0769a5d7
2025-11-04 13:02:35,803 - WARNING - Failed to index chunk_id: 57209436-72e4-4e46-93e1-f129a2dfaab2
2025-11-04 13:02:35,803 - WARNING - Failed to index chunk_id: fd6556de-5a1a-428f-84f7-225b3984477b
2025-11-04 13:02:35,803 - WARNING - Failed to index chunk_id: 01b2b584-ddec-4e0c-a179-4f87a8a92749
2025-11-04 13:02:35,803 - WARNING - Failed to index chunk_id: 711bb05b-79b9-47a4-bc44-6d48b3ca59db
2025-11-04 13:02:35,803 - WARNING - Failed to index chunk_id: 7280e3be-e4f8-4b6a-9521-9fc7a6a05b57
2025-11-04 13:02:35,803 - WARNING - Failed to index chunk_id: 6a4d8980-2df6-4bf8-9510-6fbc1455a5ef
2025-11-04 13:02:35,803 - WARNING - Failed to index chunk_id: d45457f4-6b8f-48cc-8f82-59295e3093d4
2025-11-04 13:02:35,803 - WARNING - Failed to index chunk_id: 725de579-45fb-4b95-b83f-0e1c955ada2d
2025-11-04 13:02:35,803 - WARNING - Failed to index chunk_id: fbb856cc-7e44-46d8-adcd-3ae5efca4b20
2025-11-04 13:02:35,803 - WARNING - Failed to index chunk_id: 298ec6c2-fe66-459e-8d0b-0baf4ddaac4f
2025-11-04 13:02:35,803 - WARNING - Failed to index chunk_id: e90a6f97-5bfe-4551-95ca-b92fd6630800
2025-11-04 13:02:35,803 - WARNING - Failed to index chunk_id: cd99b48b-5cc9-4496-8f69-0fdcbfb6fb1b
2025-11-04 13:02:35,803 - WARNING - Failed to index chunk_id: bf59ee67-2fce-49be-b717-da1c5e36f38c
2025-11-04 13:02:35,803 - WARNING - Failed to index chunk_id: 1dcf5d6f-285a-48de-96ac-d882655f9b99
2025-11-04 13:02:35,803 - WARNING - Failed to index chunk_id: 2e886769-0d4b-4889-a20b-ca2ac0b1d77f
2025-11-04 13:02:35,803 - WARNING - Failed to index chunk_id: 0f5fd2b6-b2ee-4206-995c-672be52f134c
2025-11-04 13:02:35,803 - WARNING - Failed to index chunk_id: cdcef435-7e75-4ea1-b3d4-debee4cb63ad
2025-11-04 13:02:35,803 - WARNING - Failed to index chunk_id: 77d22d5a-f662-4f12-bd85-8db3edc01930
2025-11-04 13:02:35,803 - WARNING - Failed to index chunk_id: ac6d4c50-d196-4db9-b4f8-dc782f5086b3
2025-11-04 13:02:35,803 - WARNING - Failed to index chunk_id: 08d21aa5-1bb8-495c-931e-484f41320d1f
2025-11-04 13:02:35,803 - WARNING - Failed to index chunk_id: 9c56acb4-3544-4723-aa08-f18f8fba6549
2025-11-04 13:02:35,803 - WARNING - Failed to index chunk_id: 3b9870ae-80a1-49b3-8e5d-9a8f18477296
2025-11-04 13:02:35,803 - WARNING - Failed to index chunk_id: f83db6ce-05ae-4a8e-9c56-46eab1b2d150
2025-11-04 13:02:35,803 - WARNING - Failed to index chunk_id: 604d5b7f-de9b-4528-9905-1ab06299fae8
2025-11-05 20:58:05,098 - WARNING - Failed item: {'index': {'_index': 'periodic-table-hybrid-search', '_id': '3fec7e23-c325-495b-8dcb-342907aa8ab5', 'status': 400, 'error': {'type': 'document_parsing_exception', 'reason': "[1:28736] failed to parse: The [dense_vector] field [embedding] in doc [document with id '3fec7e23-c325-495b-8dcb-342907aa8ab5'] has a different number of dimensions [768] than defined in the mapping [1024]", 'caused_by': {'type': 'illegal_argument_exception', 'reason': "The [dense_vector] field [embedding] in doc [document with id '3fec7e23-c325-495b-8dcb-342907aa8ab5'] has a different number of dimensions [768] than defined in the mapping [1024]"}}}}
2025-11-05 20:58:05,098 - WARNING - Failed item: {'index': {'_index': 'periodic-table-hybrid-search', '_id': '44f719aa-e951-4390-9cd7-44abdc0372cd', 'status': 400, 'error': {'type': 'document_parsing_exception', 'reason': "[1:19766] failed to parse: The [dense_vector] field [embedding] in doc [document with id '44f719aa-e951-4390-9cd7-44abdc0372cd'] has a different number of dimensions [768] than defined in the mapping [1024]", 'caused_by': {'type': 'illegal_argument_exception', 'reason': "The [dense_vector] field [embedding] in doc [document with id '44f719aa-e951-4390-9cd7-44abdc0372cd'] has a different number of dimensions [768] than defined in the mapping [1024]"}}}}
2025-11-05 20:58:05,098 - WARNING - Failed item: {'index': {'_index': 'periodic-table-hybrid-search', '_id': 'ea4c8eb6-c1be-4762-849a-b56ad2fa6f62', 'status': 400, 'error': {'type': 'document_parsing_exception', 'reason': "[1:17365] failed to parse: The [dense_vector] field [embedding] in doc [document with id 'ea4c8eb6-c1be-4762-849a-b56ad2fa6f62'] has a different number of dimensions [768] than defined in the mapping [1024]", 'caused_by': {'type': 'illegal_argument_exception', 'reason': "The [dense_vector] field [embedding] in doc [document with id 'ea4c8eb6-c1be-4762-849a-b56ad2fa6f62'] has a different number of dimensions [768] than defined in the mapping [1024]"}}}}
2025-11-05 20:58:05,098 - WARNING - Failed item: {'index': {'_index': 'periodic-table-hybrid-search', '_id': 'b49e18ff-2ac7-4d84-86aa-44e3345925b4', 'status': 400, 'error': {'type': 'document_parsing_exception', 'reason': "[1:17380] failed to parse: The [dense_vector] field [embedding] in doc [document with id 'b49e18ff-2ac7-4d84-86aa-44e3345925b4'] has a different number of dimensions [768] than defined in the mapping [1024]", 'caused_by': {'type': 'illegal_argument_exception', 'reason': "The [dense_vector] field [embedding] in doc [document with id 'b49e18ff-2ac7-4d84-86aa-44e3345925b4'] has a different number of dimensions [768] than defined in the mapping [1024]"}}}}
2025-11-05 20:58:05,098 - WARNING - Failed item: {'index': {'_index': 'periodic-table-hybrid-search', '_id': '7669878e-e8dc-48f7-9caf-0d9f7ea8726d', 'status': 400, 'error': {'type': 'document_parsing_exception', 'reason': "[1:17286] failed to parse: The [dense_vector] field [embedding] in doc [document with id '7669878e-e8dc-48f7-9caf-0d9f7ea8726d'] has a different number of dimensions [768] than defined in the mapping [1024]", 'caused_by': {'type': 'illegal_argument_exception', 'reason': "The [dense_vector] field [embedding] in doc [document with id '7669878e-e8dc-48f7-9caf-0d9f7ea8726d'] has a different number of dimensions [768] than defined in the mapping [1024]"}}}}
2025-11-05 20:58:05,098 - WARNING - Failed item: {'index': {'_index': 'periodic-table-hybrid-search', '_id': '1048f2fd-c685-4dd1-80b1-b3085967cace', 'status': 400, 'error': {'type': 'document_parsing_exception', 'reason': "[1:17190] failed to parse: The [dense_vector] field [embedding] in doc [document with id '1048f2fd-c685-4dd1-80b1-b3085967cace'] has a different number of dimensions [768] than defined in the mapping [1024]", 'caused_by': {'type': 'illegal_argument_exception', 'reason': "The [dense_vector] field [embedding] in doc [document with id '1048f2fd-c685-4dd1-80b1-b3085967cace'] has a different number of dimensions [768] than defined in the mapping [1024]"}}}}
2025-11-05 20:58:05,098 - WARNING - Failed item: {'index': {'_index': 'periodic-table-hybrid-search', '_id': 'c4f566b6-daf8-43ab-9677-e73b1e4721a1', 'status': 400, 'error': {'type': 'document_parsing_exception', 'reason': "[1:16796] failed to parse: The [dense_vector] field [embedding] in doc [document with id 'c4f566b6-daf8-43ab-9677-e73b1e4721a1'] has a different number of dimensions [768] than defined in the mapping [1024]", 'caused_by': {'type': 'illegal_argument_exception', 'reason': "The [dense_vector] field [embedding] in doc [document with id 'c4f566b6-daf8-43ab-9677-e73b1e4721a1'] has a different number of dimensions [768] than defined in the mapping [1024]"}}}}
2025-11-05 20:58:05,098 - WARNING - Failed item: {'index': {'_index': 'periodic-table-hybrid-search', '_id': '862d184c-48e2-4b73-9e5b-9d43e3af950f', 'status': 400, 'error': {'type': 'document_parsing_exception', 'reason': "[1:19597] failed to parse: The [dense_vector] field [embedding] in doc [document with id '862d184c-48e2-4b73-9e5b-9d43e3af950f'] has a different number of dimensions [768] than defined in the mapping [1024]", 'caused_by': {'type': 'illegal_argument_exception', 'reason': "The [dense_vector] field [embedding] in doc [document with id '862d184c-48e2-4b73-9e5b-9d43e3af950f'] has a different number of dimensions [768] than defined in the mapping [1024]"}}}}
2025-11-05 20:58:05,098 - WARNING - Failed item: {'index': {'_index': 'periodic-table-hybrid-search', '_id': '4401aecf-e56a-4704-abe7-38b3019eb94c', 'status': 400, 'error': {'type': 'document_parsing_exception', 'reason': "[1:17333] failed to parse: The [dense_vector] field [embedding] in doc [document with id '4401aecf-e56a-4704-abe7-38b3019eb94c'] has a different number of dimensions [768] than defined in the mapping [1024]", 'caused_by': {'type': 'illegal_argument_exception', 'reason': "The [dense_vector] field [embedding] in doc [document with id '4401aecf-e56a-4704-abe7-38b3019eb94c'] has a different number of dimensions [768] than defined in the mapping [1024]"}}}}
2025-11-05 20:58:05,098 - WARNING - Failed item: {'index': {'_index': 'periodic-table-hybrid-search', '_id': 'd608025e-851b-40c0-a8fd-4f90175dee1f', 'status': 400, 'error': {'type': 'document_parsing_exception', 'reason': "[1:17316] failed to parse: The [dense_vector] field [embedding] in doc [document with id 'd608025e-851b-40c0-a8fd-4f90175dee1f'] has a different number of dimensions [768] than defined in the mapping [1024]", 'caused_by': {'type': 'illegal_argument_exception', 'reason': "The [dense_vector] field [embedding] in doc [document with id 'd608025e-851b-40c0-a8fd-4f90175dee1f'] has a different number of dimensions [768] than defined in the mapping [1024]"}}}}
2025-11-05 20:58:05,098 - WARNING - Failed item: {'index': {'_index': 'periodic-table-hybrid-search', '_id': '482fad96-a9cc-44b7-ac09-970b1a73f2be', 'status': 400, 'error': {'type': 'document_parsing_exception', 'reason': "[1:17153] failed to parse: The [dense_vector] field [embedding] in doc [document with id '482fad96-a9cc-44b7-ac09-970b1a73f2be'] has a different number of dimensions [768] than defined in the mapping [1024]", 'caused_by': {'type': 'illegal_argument_exception', 'reason': "The [dense_vector] field [embedding] in doc [document with id '482fad96-a9cc-44b7-ac09-970b1a73f2be'] has a different number of dimensions [768] than defined in the mapping [1024]"}}}}
2025-11-05 20:58:05,098 - WARNING - Failed item: {'index': {'_index': 'periodic-table-hybrid-search', '_id': 'b0f5ae6d-c525-41af-92ad-27fc6877d821', 'status': 400, 'error': {'type': 'document_parsing_exception', 'reason': "[1:17184] failed to parse: The [dense_vector] field [embedding] in doc [document with id 'b0f5ae6d-c525-41af-92ad-27fc6877d821'] has a different number of dimensions [768] than defined in the mapping [1024]", 'caused_by': {'type': 'illegal_argument_exception', 'reason': "The [dense_vector] field [embedding] in doc [document with id 'b0f5ae6d-c525-41af-92ad-27fc6877d821'] has a different number of dimensions [768] than defined in the mapping [1024]"}}}}
2025-11-05 20:58:05,098 - WARNING - Failed item: {'index': {'_index': 'periodic-table-hybrid-search', '_id': '20917348-ccf9-403e-b714-7d0d316d22db', 'status': 400, 'error': {'type': 'document_parsing_exception', 'reason': "[1:16796] failed to parse: The [dense_vector] field [embedding] in doc [document with id '20917348-ccf9-403e-b714-7d0d316d22db'] has a different number of dimensions [768] than defined in the mapping [1024]", 'caused_by': {'type': 'illegal_argument_exception', 'reason': "The [dense_vector] field [embedding] in doc [document with id '20917348-ccf9-403e-b714-7d0d316d22db'] has a different number of dimensions [768] than defined in the mapping [1024]"}}}}
2025-11-05 20:58:05,098 - WARNING - Failed item: {'index': {'_index': 'periodic-table-hybrid-search', '_id': '7a9b3387-bca4-44fd-985a-d24315d6c63e', 'status': 400, 'error': {'type': 'document_parsing_exception', 'reason': "[1:19329] failed to parse: The [dense_vector] field [embedding] in doc [document with id '7a9b3387-bca4-44fd-985a-d24315d6c63e'] has a different number of dimensions [768] than defined in the mapping [1024]", 'caused_by': {'type': 'illegal_argument_exception', 'reason': "The [dense_vector] field [embedding] in doc [document with id '7a9b3387-bca4-44fd-985a-d24315d6c63e'] has a different number of dimensions [768] than defined in the mapping [1024]"}}}}
2025-11-05 20:58:05,098 - WARNING - Failed item: {'index': {'_index': 'periodic-table-hybrid-search', '_id': 'e39544d8-13c7-4da0-b7d6-29ead788e371', 'status': 400, 'error': {'type': 'document_parsing_exception', 'reason': "[1:17328] failed to parse: The [dense_vector] field [embedding] in doc [document with id 'e39544d8-13c7-4da0-b7d6-29ead788e371'] has a different number of dimensions [768] than defined in the mapping [1024]", 'caused_by': {'type': 'illegal_argument_exception', 'reason': "The [dense_vector] field [embedding] in doc [document with id 'e39544d8-13c7-4da0-b7d6-29ead788e371'] has a different number of dimensions [768] than defined in the mapping [1024]"}}}}
2025-11-05 20:58:05,098 - WARNING - Failed item: {'index': {'_index': 'periodic-table-hybrid-search', '_id': '570423fd-0def-4ae7-9f9f-1b913b832727', 'status': 400, 'error': {'type': 'document_parsing_exception', 'reason': "[1:17170] failed to parse: The [dense_vector] field [embedding] in doc [document with id '570423fd-0def-4ae7-9f9f-1b913b832727'] has a different number of dimensions [768] than defined in the mapping [1024]", 'caused_by': {'type': 'illegal_argument_exception', 'reason': "The [dense_vector] field [embedding] in doc [document with id '570423fd-0def-4ae7-9f9f-1b913b832727'] has a different number of dimensions [768] than defined in the mapping [1024]"}}}}
2025-11-05 20:58:05,098 - WARNING - Failed item: {'index': {'_index': 'periodic-table-hybrid-search', '_id': '52c5c316-f13a-4aec-aa2f-49485d20132c', 'status': 400, 'error': {'type': 'document_parsing_exception', 'reason': "[1:17136] failed to parse: The [dense_vector] field [embedding] in doc [document with id '52c5c316-f13a-4aec-aa2f-49485d20132c'] has a different number of dimensions [768] than defined in the mapping [1024]", 'caused_by': {'type': 'illegal_argument_exception', 'reason': "The [dense_vector] field [embedding] in doc [document with id '52c5c316-f13a-4aec-aa2f-49485d20132c'] has a different number of dimensions [768] than defined in the mapping [1024]"}}}}
2025-11-05 20:58:05,098 - WARNING - Failed item: {'index': {'_index': 'periodic-table-hybrid-search', '_id': '83846246-d018-4ecf-af9e-c8d120beaf5e', 'status': 400, 'error': {'type': 'document_parsing_exception', 'reason': "[1:16988] failed to parse: The [dense_vector] field [embedding] in doc [document with id '83846246-d018-4ecf-af9e-c8d120beaf5e'] has a different number of dimensions [768] than defined in the mapping [1024]", 'caused_by': {'type': 'illegal_argument_exception', 'reason': "The [dense_vector] field [embedding] in doc [document with id '83846246-d018-4ecf-af9e-c8d120beaf5e'] has a different number of dimensions [768] than defined in the mapping [1024]"}}}}
2025-11-05 20:58:05,098 - WARNING - Failed item: {'index': {'_index': 'periodic-table-hybrid-search', '_id': '29be2905-6a7b-440a-b6f8-ed1a8d4ab55c', 'status': 400, 'error': {'type': 'document_parsing_exception', 'reason': "[1:16749] failed to parse: The [dense_vector] field [embedding] in doc [document with id '29be2905-6a7b-440a-b6f8-ed1a8d4ab55c'] has a different number of dimensions [768] than defined in the mapping [1024]", 'caused_by': {'type': 'illegal_argument_exception', 'reason': "The [dense_vector] field [embedding] in doc [document with id '29be2905-6a7b-440a-b6f8-ed1a8d4ab55c'] has a different number of dimensions [768] than defined in the mapping [1024]"}}}}
2025-11-05 20:58:05,098 - WARNING - Failed item: {'index': {'_index': 'periodic-table-hybrid-search', '_id': '00214957-f359-45a8-ac58-de1a2c80a05f', 'status': 400, 'error': {'type': 'document_parsing_exception', 'reason': "[1:19515] failed to parse: The [dense_vector] field [embedding] in doc [document with id '00214957-f359-45a8-ac58-de1a2c80a05f'] has a different number of dimensions [768] than defined in the mapping [1024]", 'caused_by': {'type': 'illegal_argument_exception', 'reason': "The [dense_vector] field [embedding] in doc [document with id '00214957-f359-45a8-ac58-de1a2c80a05f'] has a different number of dimensions [768] than defined in the mapping [1024]"}}}}
2025-11-05 20:58:05,098 - WARNING - Failed item: {'index': {'_index': 'periodic-table-hybrid-search', '_id': '52e0fcf1-9b7c-4ca4-98c1-10d2e79cd78d', 'status': 400, 'error': {'type': 'document_parsing_exception', 'reason': "[1:17218] failed to parse: The [dense_vector] field [embedding] in doc [document with id '52e0fcf1-9b7c-4ca4-98c1-10d2e79cd78d'] has a different number of dimensions [768] than defined in the mapping [1024]", 'caused_by': {'type': 'illegal_argument_exception', 'reason': "The [dense_vector] field [embedding] in doc [document with id '52e0fcf1-9b7c-4ca4-98c1-10d2e79cd78d'] has a different number of dimensions [768] than defined in the mapping [1024]"}}}}
2025-11-05 20:58:05,098 - WARNING - Failed item: {'index': {'_index': 'periodic-table-hybrid-search', '_id': 'c4684a02-251a-41d9-89e2-6cd12d7ef0af', 'status': 400, 'error': {'type': 'document_parsing_exception', 'reason': "[1:17170] failed to parse: The [dense_vector] field [embedding] in doc [document with id 'c4684a02-251a-41d9-89e2-6cd12d7ef0af'] has a different number of dimensions [768] than defined in the mapping [1024]", 'caused_by': {'type': 'illegal_argument_exception', 'reason': "The [dense_vector] field [embedding] in doc [document with id 'c4684a02-251a-41d9-89e2-6cd12d7ef0af'] has a different number of dimensions [768] than defined in the mapping [1024]"}}}}
2025-11-05 20:58:05,098 - WARNING - Failed item: {'index': {'_index': 'periodic-table-hybrid-search', '_id': '154a3907-b66c-4982-b309-383ae02d80ca', 'status': 400, 'error': {'type': 'document_parsing_exception', 'reason': "[1:17247] failed to parse: The [dense_vector] field [embedding] in doc [document with id '154a3907-b66c-4982-b309-383ae02d80ca'] has a different number of dimensions [768] than defined in the mapping [1024]", 'caused_by': {'type': 'illegal_argument_exception', 'reason': "The [dense_vector] field [embedding] in doc [document with id '154a3907-b66c-4982-b309-383ae02d80ca'] has a different number of dimensions [768] than defined in the mapping [1024]"}}}}
2025-11-05 20:58:05,098 - WARNING - Failed item: {'index': {'_index': 'periodic-table-hybrid-search', '_id': '2632f64d-d487-4229-a490-0448fcacdedb', 'status': 400, 'error': {'type': 'document_parsing_exception', 'reason': "[1:17266] failed to parse: The [dense_vector] field [embedding] in doc [document with id '2632f64d-d487-4229-a490-0448fcacdedb'] has a different number of dimensions [768] than defined in the mapping [1024]", 'caused_by': {'type': 'illegal_argument_exception', 'reason': "The [dense_vector] field [embedding] in doc [document with id '2632f64d-d487-4229-a490-0448fcacdedb'] has a different number of dimensions [768] than defined in the mapping [1024]"}}}}
2025-11-05 20:58:05,098 - WARNING - Failed item: {'index': {'_index': 'periodic-table-hybrid-search', '_id': '042d24a0-b49b-45bd-9400-57a956479cd0', 'status': 400, 'error': {'type': 'document_parsing_exception', 'reason': "[1:16746] failed to parse: The [dense_vector] field [embedding] in doc [document with id '042d24a0-b49b-45bd-9400-57a956479cd0'] has a different number of dimensions [768] than defined in the mapping [1024]", 'caused_by': {'type': 'illegal_argument_exception', 'reason': "The [dense_vector] field [embedding] in doc [document with id '042d24a0-b49b-45bd-9400-57a956479cd0'] has a different number of dimensions [768] than defined in the mapping [1024]"}}}}
2025-11-05 20:58:05,098 - WARNING - Failed item: {'index': {'_index': 'periodic-table-hybrid-search', '_id': '512a416e-eb99-4f43-a573-ce639098089c', 'status': 400, 'error': {'type': 'document_parsing_exception', 'reason': "[1:17739] failed to parse: The [dense_vector] field [embedding] in doc [document with id '512a416e-eb99-4f43-a573-ce639098089c'] has a different number of dimensions [768] than defined in the mapping [1024]", 'caused_by': {'type': 'illegal_argument_exception', 'reason': "The [dense_vector] field [embedding] in doc [document with id '512a416e-eb99-4f43-a573-ce639098089c'] has a different number of dimensions [768] than defined in the mapping [1024]"}}}}
2025-11-05 20:58:05,098 - WARNING - Failed item: {'index': {'_index': 'periodic-table-hybrid-search', '_id': '2ec2d468-a16b-44eb-afe1-19d6f5a09742', 'status': 400, 'error': {'type': 'document_parsing_exception', 'reason': "[1:17237] failed to parse: The [dense_vector] field [embedding] in doc [document with id '2ec2d468-a16b-44eb-afe1-19d6f5a09742'] has a different number of dimensions [768] than defined in the mapping [1024]", 'caused_by': {'type': 'illegal_argument_exception', 'reason': "The [dense_vector] field [embedding] in doc [document with id '2ec2d468-a16b-44eb-afe1-19d6f5a09742'] has a different number of dimensions [768] than defined in the mapping [1024]"}}}}
2025-11-05 20:58:05,098 - WARNING - Failed item: {'index': {'_index': 'periodic-table-hybrid-search', '_id': 'f4462c88-6394-408d-ad62-841a0eeb393a', 'status': 400, 'error': {'type': 'document_parsing_exception', 'reason': "[1:17060] failed to parse: The [dense_vector] field [embedding] in doc [document with id 'f4462c88-6394-408d-ad62-841a0eeb393a'] has a different number of dimensions [768] than defined in the mapping [1024]", 'caused_by': {'type': 'illegal_argument_exception', 'reason': "The [dense_vector] field [embedding] in doc [document with id 'f4462c88-6394-408d-ad62-841a0eeb393a'] has a different number of dimensions [768] than defined in the mapping [1024]"}}}}
2025-11-05 20:58:05,098 - WARNING - Failed item: {'index': {'_index': 'periodic-table-hybrid-search', '_id': 'f60e317b-7c7d-4a61-809f-9f9126f634e9', 'status': 400, 'error': {'type': 'document_parsing_exception', 'reason': "[1:28503] failed to parse: The [dense_vector] field [embedding] in doc [document with id 'f60e317b-7c7d-4a61-809f-9f9126f634e9'] has a different number of dimensions [768] than defined in the mapping [1024]", 'caused_by': {'type': 'illegal_argument_exception', 'reason': "The [dense_vector] field [embedding] in doc [document with id 'f60e317b-7c7d-4a61-809f-9f9126f634e9'] has a different number of dimensions [768] than defined in the mapping [1024]"}}}}
2025-11-05 20:58:05,098 - WARNING - Failed item: {'index': {'_index': 'periodic-table-hybrid-search', '_id': 'bd79da8b-5aee-4910-b254-64c6be28fb3f', 'status': 400, 'error': {'type': 'document_parsing_exception', 'reason': "[1:19621] failed to parse: The [dense_vector] field [embedding] in doc [document with id 'bd79da8b-5aee-4910-b254-64c6be28fb3f'] has a different number of dimensions [768] than defined in the mapping [1024]", 'caused_by': {'type': 'illegal_argument_exception', 'reason': "The [dense_vector] field [embedding] in doc [document with id 'bd79da8b-5aee-4910-b254-64c6be28fb3f'] has a different number of dimensions [768] than defined in the mapping [1024]"}}}}
2025-11-05 20:58:05,098 - WARNING - Failed item: {'index': {'_index': 'periodic-table-hybrid-search', '_id': '3b7ad6a5-a20d-42a4-a00e-455f66eb0087', 'status': 400, 'error': {'type': 'document_parsing_exception', 'reason': "[1:17237] failed to parse: The [dense_vector] field [embedding] in doc [document with id '3b7ad6a5-a20d-42a4-a00e-455f66eb0087'] has a different number of dimensions [768] than defined in the mapping [1024]", 'caused_by': {'type': 'illegal_argument_exception', 'reason': "The [dense_vector] field [embedding] in doc [document with id '3b7ad6a5-a20d-42a4-a00e-455f66eb0087'] has a different number of dimensions [768] than defined in the mapping [1024]"}}}}
2025-11-05 20:58:05,098 - WARNING - Failed item: {'index': {'_index': 'periodic-table-hybrid-search', '_id': 'c4022d1d-8273-43ea-9c75-71ccc3e93f96', 'status': 400, 'error': {'type': 'document_parsing_exception', 'reason': "[1:17285] failed to parse: The [dense_vector] field [embedding] in doc [document with id 'c4022d1d-8273-43ea-9c75-71ccc3e93f96'] has a different number of dimensions [768] than defined in the mapping [1024]", 'caused_by': {'type': 'illegal_argument_exception', 'reason': "The [dense_vector] field [embedding] in doc [document with id 'c4022d1d-8273-43ea-9c75-71ccc3e93f96'] has a different number of dimensions [768] than defined in the mapping [1024]"}}}}
2025-11-05 20:58:05,098 - WARNING - Failed item: {'index': {'_index': 'periodic-table-hybrid-search', '_id': '23fa9e0e-8aae-4578-b946-72e06da1c697', 'status': 400, 'error': {'type': 'document_parsing_exception', 'reason': "[1:17266] failed to parse: The [dense_vector] field [embedding] in doc [document with id '23fa9e0e-8aae-4578-b946-72e06da1c697'] has a different number of dimensions [768] than defined in the mapping [1024]", 'caused_by': {'type': 'illegal_argument_exception', 'reason': "The [dense_vector] field [embedding] in doc [document with id '23fa9e0e-8aae-4578-b946-72e06da1c697'] has a different number of dimensions [768] than defined in the mapping [1024]"}}}}
2025-11-05 20:58:05,098 - WARNING - Failed item: {'index': {'_index': 'periodic-table-hybrid-search', '_id': '49774d60-8f25-4a4b-934b-64d2a8dcbc98', 'status': 400, 'error': {'type': 'document_parsing_exception', 'reason': "[1:17223] failed to parse: The [dense_vector] field [embedding] in doc [document with id '49774d60-8f25-4a4b-934b-64d2a8dcbc98'] has a different number of dimensions [768] than defined in the mapping [1024]", 'caused_by': {'type': 'illegal_argument_exception', 'reason': "The [dense_vector] field [embedding] in doc [document with id '49774d60-8f25-4a4b-934b-64d2a8dcbc98'] has a different number of dimensions [768] than defined in the mapping [1024]"}}}}
2025-11-05 20:58:05,098 - WARNING - Failed item: {'index': {'_index': 'periodic-table-hybrid-search', '_id': '4eb47733-b815-4d56-b907-5fe496325a3b', 'status': 400, 'error': {'type': 'document_parsing_exception', 'reason': "[1:16736] failed to parse: The [dense_vector] field [embedding] in doc [document with id '4eb47733-b815-4d56-b907-5fe496325a3b'] has a different number of dimensions [768] than defined in the mapping [1024]", 'caused_by': {'type': 'illegal_argument_exception', 'reason': "The [dense_vector] field [embedding] in doc [document with id '4eb47733-b815-4d56-b907-5fe496325a3b'] has a different number of dimensions [768] than defined in the mapping [1024]"}}}}
2025-11-05 20:58:05,098 - WARNING - Failed item: {'index': {'_index': 'periodic-table-hybrid-search', '_id': '4a658726-a41a-4ee0-b549-c0d3f6f4365f', 'status': 400, 'error': {'type': 'document_parsing_exception', 'reason': "[1:19293] failed to parse: The [dense_vector] field [embedding] in doc [document with id '4a658726-a41a-4ee0-b549-c0d3f6f4365f'] has a different number of dimensions [768] than defined in the mapping [1024]", 'caused_by': {'type': 'illegal_argument_exception', 'reason': "The [dense_vector] field [embedding] in doc [document with id '4a658726-a41a-4ee0-b549-c0d3f6f4365f'] has a different number of dimensions [768] than defined in the mapping [1024]"}}}}
2025-11-05 20:58:05,098 - WARNING - Failed item: {'index': {'_index': 'periodic-table-hybrid-search', '_id': '35bb6b73-7a0c-4b42-bed4-8d7291b1270a', 'status': 400, 'error': {'type': 'document_parsing_exception', 'reason': "[1:17171] failed to parse: The [dense_vector] field [embedding] in doc [document with id '35bb6b73-7a0c-4b42-bed4-8d7291b1270a'] has a different number of dimensions [768] than defined in the mapping [1024]", 'caused_by': {'type': 'illegal_argument_exception', 'reason': "The [dense_vector] field [embedding] in doc [document with id '35bb6b73-7a0c-4b42-bed4-8d7291b1270a'] has a different number of dimensions [768] than defined in the mapping [1024]"}}}}
2025-11-05 20:58:05,098 - WARNING - Failed item: {'index': {'_index': 'periodic-table-hybrid-search', '_id': '8b370a25-356d-41ae-8db6-33aa2aa6baf6', 'status': 400, 'error': {'type': 'document_parsing_exception', 'reason': "[1:17135] failed to parse: The [dense_vector] field [embedding] in doc [document with id '8b370a25-356d-41ae-8db6-33aa2aa6baf6'] has a different number of dimensions [768] than defined in the mapping [1024]", 'caused_by': {'type': 'illegal_argument_exception', 'reason': "The [dense_vector] field [embedding] in doc [document with id '8b370a25-356d-41ae-8db6-33aa2aa6baf6'] has a different number of dimensions [768] than defined in the mapping [1024]"}}}}
2025-11-05 20:58:05,098 - WARNING - Failed item: {'index': {'_index': 'periodic-table-hybrid-search', '_id': '461cc5a1-1f03-4f47-bf46-41b99d232d63', 'status': 400, 'error': {'type': 'document_parsing_exception', 'reason': "[1:17193] failed to parse: The [dense_vector] field [embedding] in doc [document with id '461cc5a1-1f03-4f47-bf46-41b99d232d63'] has a different number of dimensions [768] than defined in the mapping [1024]", 'caused_by': {'type': 'illegal_argument_exception', 'reason': "The [dense_vector] field [embedding] in doc [document with id '461cc5a1-1f03-4f47-bf46-41b99d232d63'] has a different number of dimensions [768] than defined in the mapping [1024]"}}}}
2025-11-05 20:58:05,098 - WARNING - Failed item: {'index': {'_index': 'periodic-table-hybrid-search', '_id': '0b517fa7-aeea-4d4a-a5ef-8c3bfd730568', 'status': 400, 'error': {'type': 'document_parsing_exception', 'reason': "[1:17122] failed to parse: The [dense_vector] field [embedding] in doc [document with id '0b517fa7-aeea-4d4a-a5ef-8c3bfd730568'] has a different number of dimensions [768] than defined in the mapping [1024]", 'caused_by': {'type': 'illegal_argument_exception', 'reason': "The [dense_vector] field [embedding] in doc [document with id '0b517fa7-aeea-4d4a-a5ef-8c3bfd730568'] has a different number of dimensions [768] than defined in the mapping [1024]"}}}}
2025-11-05 20:58:05,098 - WARNING - Failed item: {'index': {'_index': 'periodic-table-hybrid-search', '_id': '7f847385-62f0-4be8-8691-deab2c93e05d', 'status': 400, 'error': {'type': 'document_parsing_exception', 'reason': "[1:16782] failed to parse: The [dense_vector] field [embedding] in doc [document with id '7f847385-62f0-4be8-8691-deab2c93e05d'] has a different number of dimensions [768] than defined in the mapping [1024]", 'caused_by': {'type': 'illegal_argument_exception', 'reason': "The [dense_vector] field [embedding] in doc [document with id '7f847385-62f0-4be8-8691-deab2c93e05d'] has a different number of dimensions [768] than defined in the mapping [1024]"}}}}
2025-11-05 20:58:05,098 - WARNING - Failed item: {'index': {'_index': 'periodic-table-hybrid-search', '_id': 'a59ed425-904b-4824-8957-a26dd29b2c99', 'status': 400, 'error': {'type': 'document_parsing_exception', 'reason': "[1:19665] failed to parse: The [dense_vector] field [embedding] in doc [document with id 'a59ed425-904b-4824-8957-a26dd29b2c99'] has a different number of dimensions [768] than defined in the mapping [1024]", 'caused_by': {'type': 'illegal_argument_exception', 'reason': "The [dense_vector] field [embedding] in doc [document with id 'a59ed425-904b-4824-8957-a26dd29b2c99'] has a different number of dimensions [768] than defined in the mapping [1024]"}}}}
2025-11-05 20:58:05,098 - WARNING - Failed item: {'index': {'_index': 'periodic-table-hybrid-search', '_id': '7e1e27c4-9a92-4dee-bc6f-f777b5e768f8', 'status': 400, 'error': {'type': 'document_parsing_exception', 'reason': "[1:17217] failed to parse: The [dense_vector] field [embedding] in doc [document with id '7e1e27c4-9a92-4dee-bc6f-f777b5e768f8'] has a different number of dimensions [768] than defined in the mapping [1024]", 'caused_by': {'type': 'illegal_argument_exception', 'reason': "The [dense_vector] field [embedding] in doc [document with id '7e1e27c4-9a92-4dee-bc6f-f777b5e768f8'] has a different number of dimensions [768] than defined in the mapping [1024]"}}}}
2025-11-05 20:58:05,098 - WARNING - Failed item: {'index': {'_index': 'periodic-table-hybrid-search', '_id': '9f35a93b-c99d-424b-9b81-69d2fd4dea83', 'status': 400, 'error': {'type': 'document_parsing_exception', 'reason': "[1:17350] failed to parse: The [dense_vector] field [embedding] in doc [document with id '9f35a93b-c99d-424b-9b81-69d2fd4dea83'] has a different number of dimensions [768] than defined in the mapping [1024]", 'caused_by': {'type': 'illegal_argument_exception', 'reason': "The [dense_vector] field [embedding] in doc [document with id '9f35a93b-c99d-424b-9b81-69d2fd4dea83'] has a different number of dimensions [768] than defined in the mapping [1024]"}}}}
2025-11-05 20:58:05,098 - WARNING - Failed item: {'index': {'_index': 'periodic-table-hybrid-search', '_id': '5ee0b40a-3775-4e65-9c1c-135c268d56fd', 'status': 400, 'error': {'type': 'document_parsing_exception', 'reason': "[1:17340] failed to parse: The [dense_vector] field [embedding] in doc [document with id '5ee0b40a-3775-4e65-9c1c-135c268d56fd'] has a different number of dimensions [768] than defined in the mapping [1024]", 'caused_by': {'type': 'illegal_argument_exception', 'reason': "The [dense_vector] field [embedding] in doc [document with id '5ee0b40a-3775-4e65-9c1c-135c268d56fd'] has a different number of dimensions [768] than defined in the mapping [1024]"}}}}
2025-11-05 20:58:05,098 - WARNING - Failed item: {'index': {'_index': 'periodic-table-hybrid-search', '_id': '2bc921b5-d2a6-4b58-b7f1-c9283c836850', 'status': 400, 'error': {'type': 'document_parsing_exception', 'reason': "[1:17144] failed to parse: The [dense_vector] field [embedding] in doc [document with id '2bc921b5-d2a6-4b58-b7f1-c9283c836850'] has a different number of dimensions [768] than defined in the mapping [1024]", 'caused_by': {'type': 'illegal_argument_exception', 'reason': "The [dense_vector] field [embedding] in doc [document with id '2bc921b5-d2a6-4b58-b7f1-c9283c836850'] has a different number of dimensions [768] than defined in the mapping [1024]"}}}}
2025-11-05 20:58:05,098 - WARNING - Failed item: {'index': {'_index': 'periodic-table-hybrid-search', '_id': 'e6cfbb1d-693d-492e-83f1-39905f0170da', 'status': 400, 'error': {'type': 'document_parsing_exception', 'reason': "[1:16703] failed to parse: The [dense_vector] field [embedding] in doc [document with id 'e6cfbb1d-693d-492e-83f1-39905f0170da'] has a different number of dimensions [768] than defined in the mapping [1024]", 'caused_by': {'type': 'illegal_argument_exception', 'reason': "The [dense_vector] field [embedding] in doc [document with id 'e6cfbb1d-693d-492e-83f1-39905f0170da'] has a different number of dimensions [768] than defined in the mapping [1024]"}}}}
2025-11-05 20:58:05,098 - WARNING - Failed item: {'index': {'_index': 'periodic-table-hybrid-search', '_id': 'f0a9f232-531c-4791-b480-242af6886f4a', 'status': 400, 'error': {'type': 'document_parsing_exception', 'reason': "[1:19357] failed to parse: The [dense_vector] field [embedding] in doc [document with id 'f0a9f232-531c-4791-b480-242af6886f4a'] has a different number of dimensions [768] than defined in the mapping [1024]", 'caused_by': {'type': 'illegal_argument_exception', 'reason': "The [dense_vector] field [embedding] in doc [document with id 'f0a9f232-531c-4791-b480-242af6886f4a'] has a different number of dimensions [768] than defined in the mapping [1024]"}}}}
2025-11-05 20:58:05,098 - WARNING - Failed item: {'index': {'_index': 'periodic-table-hybrid-search', '_id': '7cb79d8a-f0a0-47af-af84-b5582324cd76', 'status': 400, 'error': {'type': 'document_parsing_exception', 'reason': "[1:17149] failed to parse: The [dense_vector] field [embedding] in doc [document with id '7cb79d8a-f0a0-47af-af84-b5582324cd76'] has a different number of dimensions [768] than defined in the mapping [1024]", 'caused_by': {'type': 'illegal_argument_exception', 'reason': "The [dense_vector] field [embedding] in doc [document with id '7cb79d8a-f0a0-47af-af84-b5582324cd76'] has a different number of dimensions [768] than defined in the mapping [1024]"}}}}
2025-11-05 20:58:05,098 - WARNING - Failed item: {'index': {'_index': 'periodic-table-hybrid-search', '_id': '549f5207-6394-43c5-9c5c-ed76a8aadf5f', 'status': 400, 'error': {'type': 'document_parsing_exception', 'reason': "[1:17193] failed to parse: The [dense_vector] field [embedding] in doc [document with id '549f5207-6394-43c5-9c5c-ed76a8aadf5f'] has a different number of dimensions [768] than defined in the mapping [1024]", 'caused_by': {'type': 'illegal_argument_exception', 'reason': "The [dense_vector] field [embedding] in doc [document with id '549f5207-6394-43c5-9c5c-ed76a8aadf5f'] has a different number of dimensions [768] than defined in the mapping [1024]"}}}}
2025-11-05 20:58:05,098 - WARNING - Failed item: {'index': {'_index': 'periodic-table-hybrid-search', '_id': '59852c2c-62a3-4890-9693-2b27cfe80064', 'status': 400, 'error': {'type': 'document_parsing_exception', 'reason': "[1:17210] failed to parse: The [dense_vector] field [embedding] in doc [document with id '59852c2c-62a3-4890-9693-2b27cfe80064'] has a different number of dimensions [768] than defined in the mapping [1024]", 'caused_by': {'type': 'illegal_argument_exception', 'reason': "The [dense_vector] field [embedding] in doc [document with id '59852c2c-62a3-4890-9693-2b27cfe80064'] has a different number of dimensions [768] than defined in the mapping [1024]"}}}}
2025-11-05 20:58:05,098 - WARNING - Failed item: {'index': {'_index': 'periodic-table-hybrid-search', '_id': '0c61d9c6-3ec2-4e3d-bf0b-17f722105fd3', 'status': 400, 'error': {'type': 'document_parsing_exception', 'reason': "[1:17198] failed to parse: The [dense_vector] field [embedding] in doc [document with id '0c61d9c6-3ec2-4e3d-bf0b-17f722105fd3'] has a different number of dimensions [768] than defined in the mapping [1024]", 'caused_by': {'type': 'illegal_argument_exception', 'reason': "The [dense_vector] field [embedding] in doc [document with id '0c61d9c6-3ec2-4e3d-bf0b-17f722105fd3'] has a different number of dimensions [768] than defined in the mapping [1024]"}}}}
2025-11-05 20:58:05,098 - WARNING - Failed item: {'index': {'_index': 'periodic-table-hybrid-search', '_id': '685054ef-3ffe-4282-818b-683ab678e47d', 'status': 400, 'error': {'type': 'document_parsing_exception', 'reason': "[1:16744] failed to parse: The [dense_vector] field [embedding] in doc [document with id '685054ef-3ffe-4282-818b-683ab678e47d'] has a different number of dimensions [768] than defined in the mapping [1024]", 'caused_by': {'type': 'illegal_argument_exception', 'reason': "The [dense_vector] field [embedding] in doc [document with id '685054ef-3ffe-4282-818b-683ab678e47d'] has a different number of dimensions [768] than defined in the mapping [1024]"}}}}
2025-11-05 20:58:05,098 - WARNING - Failed item: {'index': {'_index': 'periodic-table-hybrid-search', '_id': '5f7a42a3-0329-4c9b-8771-bb055bea5025', 'status': 400, 'error': {'type': 'document_parsing_exception', 'reason': "[1:17584] failed to parse: The [dense_vector] field [embedding] in doc [document with id '5f7a42a3-0329-4c9b-8771-bb055bea5025'] has a different number of dimensions [768] than defined in the mapping [1024]", 'caused_by': {'type': 'illegal_argument_exception', 'reason': "The [dense_vector] field [embedding] in doc [document with id '5f7a42a3-0329-4c9b-8771-bb055bea5025'] has a different number of dimensions [768] than defined in the mapping [1024]"}}}}
2025-11-05 20:58:05,098 - WARNING - Failed item: {'index': {'_index': 'periodic-table-hybrid-search', '_id': 'c3e6e1f7-617b-4774-b101-32364ad9387d', 'status': 400, 'error': {'type': 'document_parsing_exception', 'reason': "[1:17180] failed to parse: The [dense_vector] field [embedding] in doc [document with id 'c3e6e1f7-617b-4774-b101-32364ad9387d'] has a different number of dimensions [768] than defined in the mapping [1024]", 'caused_by': {'type': 'illegal_argument_exception', 'reason': "The [dense_vector] field [embedding] in doc [document with id 'c3e6e1f7-617b-4774-b101-32364ad9387d'] has a different number of dimensions [768] than defined in the mapping [1024]"}}}}
2025-11-05 20:58:05,098 - WARNING - Failed item: {'index': {'_index': 'periodic-table-hybrid-search', '_id': '386ce197-7562-4311-a3b2-44895f9870d4', 'status': 400, 'error': {'type': 'document_parsing_exception', 'reason': "[1:16934] failed to parse: The [dense_vector] field [embedding] in doc [document with id '386ce197-7562-4311-a3b2-44895f9870d4'] has a different number of dimensions [768] than defined in the mapping [1024]", 'caused_by': {'type': 'illegal_argument_exception', 'reason': "The [dense_vector] field [embedding] in doc [document with id '386ce197-7562-4311-a3b2-44895f9870d4'] has a different number of dimensions [768] than defined in the mapping [1024]"}}}}
2025-11-05 20:58:05,098 - WARNING - Failed item: {'index': {'_index': 'periodic-table-hybrid-search', '_id': 'a6731df0-544d-4394-93cd-547ac52e5ac0', 'status': 400, 'error': {'type': 'document_parsing_exception', 'reason': "[1:28588] failed to parse: The [dense_vector] field [embedding] in doc [document with id 'a6731df0-544d-4394-93cd-547ac52e5ac0'] has a different number of dimensions [768] than defined in the mapping [1024]", 'caused_by': {'type': 'illegal_argument_exception', 'reason': "The [dense_vector] field [embedding] in doc [document with id 'a6731df0-544d-4394-93cd-547ac52e5ac0'] has a different number of dimensions [768] than defined in the mapping [1024]"}}}}
2025-11-05 20:58:05,098 - WARNING - Failed item: {'index': {'_index': 'periodic-table-hybrid-search', '_id': '926a9f24-3b75-464d-9099-35211d5e20eb', 'status': 400, 'error': {'type': 'document_parsing_exception', 'reason': "[1:19357] failed to parse: The [dense_vector] field [embedding] in doc [document with id '926a9f24-3b75-464d-9099-35211d5e20eb'] has a different number of dimensions [768] than defined in the mapping [1024]", 'caused_by': {'type': 'illegal_argument_exception', 'reason': "The [dense_vector] field [embedding] in doc [document with id '926a9f24-3b75-464d-9099-35211d5e20eb'] has a different number of dimensions [768] than defined in the mapping [1024]"}}}}
2025-11-05 20:58:05,098 - WARNING - Failed item: {'index': {'_index': 'periodic-table-hybrid-search', '_id': '447981d9-67be-4c30-bb50-2b8dbb010dc2', 'status': 400, 'error': {'type': 'document_parsing_exception', 'reason': "[1:17180] failed to parse: The [dense_vector] field [embedding] in doc [document with id '447981d9-67be-4c30-bb50-2b8dbb010dc2'] has a different number of dimensions [768] than defined in the mapping [1024]", 'caused_by': {'type': 'illegal_argument_exception', 'reason': "The [dense_vector] field [embedding] in doc [document with id '447981d9-67be-4c30-bb50-2b8dbb010dc2'] has a different number of dimensions [768] than defined in the mapping [1024]"}}}}
2025-11-05 20:58:05,098 - WARNING - Failed item: {'index': {'_index': 'periodic-table-hybrid-search', '_id': 'ad75466e-0e07-46be-a27a-f6896536eb05', 'status': 400, 'error': {'type': 'document_parsing_exception', 'reason': "[1:17183] failed to parse: The [dense_vector] field [embedding] in doc [document with id 'ad75466e-0e07-46be-a27a-f6896536eb05'] has a different number of dimensions [768] than defined in the mapping [1024]", 'caused_by': {'type': 'illegal_argument_exception', 'reason': "The [dense_vector] field [embedding] in doc [document with id 'ad75466e-0e07-46be-a27a-f6896536eb05'] has a different number of dimensions [768] than defined in the mapping [1024]"}}}}
2025-11-05 20:58:05,098 - WARNING - Failed item: {'index': {'_index': 'periodic-table-hybrid-search', '_id': '4c760e74-f710-4aa2-93db-e7606a624c61', 'status': 400, 'error': {'type': 'document_parsing_exception', 'reason': "[1:17114] failed to parse: The [dense_vector] field [embedding] in doc [document with id '4c760e74-f710-4aa2-93db-e7606a624c61'] has a different number of dimensions [768] than defined in the mapping [1024]", 'caused_by': {'type': 'illegal_argument_exception', 'reason': "The [dense_vector] field [embedding] in doc [document with id '4c760e74-f710-4aa2-93db-e7606a624c61'] has a different number of dimensions [768] than defined in the mapping [1024]"}}}}
2025-11-05 20:58:05,099 - WARNING - Failed item: {'index': {'_index': 'periodic-table-hybrid-search', '_id': 'e84a90c8-7904-4f27-b572-500a2f3fda1d', 'status': 400, 'error': {'type': 'document_parsing_exception', 'reason': "[1:17304] failed to parse: The [dense_vector] field [embedding] in doc [document with id 'e84a90c8-7904-4f27-b572-500a2f3fda1d'] has a different number of dimensions [768] than defined in the mapping [1024]", 'caused_by': {'type': 'illegal_argument_exception', 'reason': "The [dense_vector] field [embedding] in doc [document with id 'e84a90c8-7904-4f27-b572-500a2f3fda1d'] has a different number of dimensions [768] than defined in the mapping [1024]"}}}}
2025-11-05 20:58:05,099 - WARNING - Failed item: {'index': {'_index': 'periodic-table-hybrid-search', '_id': 'ec5412b5-43b7-4e4d-bcb5-c3dbe7132fd5', 'status': 400, 'error': {'type': 'document_parsing_exception', 'reason': "[1:16753] failed to parse: The [dense_vector] field [embedding] in doc [document with id 'ec5412b5-43b7-4e4d-bcb5-c3dbe7132fd5'] has a different number of dimensions [768] than defined in the mapping [1024]", 'caused_by': {'type': 'illegal_argument_exception', 'reason': "The [dense_vector] field [embedding] in doc [document with id 'ec5412b5-43b7-4e4d-bcb5-c3dbe7132fd5'] has a different number of dimensions [768] than defined in the mapping [1024]"}}}}
2025-11-05 20:58:05,099 - WARNING - Failed item: {'index': {'_index': 'periodic-table-hybrid-search', '_id': 'f7391660-ec6b-45f0-9158-620b98d40023', 'status': 400, 'error': {'type': 'document_parsing_exception', 'reason': "[1:19610] failed to parse: The [dense_vector] field [embedding] in doc [document with id 'f7391660-ec6b-45f0-9158-620b98d40023'] has a different number of dimensions [768] than defined in the mapping [1024]", 'caused_by': {'type': 'illegal_argument_exception', 'reason': "The [dense_vector] field [embedding] in doc [document with id 'f7391660-ec6b-45f0-9158-620b98d40023'] has a different number of dimensions [768] than defined in the mapping [1024]"}}}}
2025-11-05 20:58:05,099 - WARNING - Failed item: {'index': {'_index': 'periodic-table-hybrid-search', '_id': '8a61a514-a646-459d-a56f-8396f4d2be83', 'status': 400, 'error': {'type': 'document_parsing_exception', 'reason': "[1:17278] failed to parse: The [dense_vector] field [embedding] in doc [document with id '8a61a514-a646-459d-a56f-8396f4d2be83'] has a different number of dimensions [768] than defined in the mapping [1024]", 'caused_by': {'type': 'illegal_argument_exception', 'reason': "The [dense_vector] field [embedding] in doc [document with id '8a61a514-a646-459d-a56f-8396f4d2be83'] has a different number of dimensions [768] than defined in the mapping [1024]"}}}}
2025-11-05 20:58:05,099 - WARNING - Failed item: {'index': {'_index': 'periodic-table-hybrid-search', '_id': '4c36e390-37bc-4343-a67e-512bb4efc8ce', 'status': 400, 'error': {'type': 'document_parsing_exception', 'reason': "[1:17216] failed to parse: The [dense_vector] field [embedding] in doc [document with id '4c36e390-37bc-4343-a67e-512bb4efc8ce'] has a different number of dimensions [768] than defined in the mapping [1024]", 'caused_by': {'type': 'illegal_argument_exception', 'reason': "The [dense_vector] field [embedding] in doc [document with id '4c36e390-37bc-4343-a67e-512bb4efc8ce'] has a different number of dimensions [768] than defined in the mapping [1024]"}}}}
2025-11-05 20:58:05,099 - WARNING - Failed item: {'index': {'_index': 'periodic-table-hybrid-search', '_id': '33645096-d538-4b39-a82c-7d0a1954293d', 'status': 400, 'error': {'type': 'document_parsing_exception', 'reason': "[1:17260] failed to parse: The [dense_vector] field [embedding] in doc [document with id '33645096-d538-4b39-a82c-7d0a1954293d'] has a different number of dimensions [768] than defined in the mapping [1024]", 'caused_by': {'type': 'illegal_argument_exception', 'reason': "The [dense_vector] field [embedding] in doc [document with id '33645096-d538-4b39-a82c-7d0a1954293d'] has a different number of dimensions [768] than defined in the mapping [1024]"}}}}
2025-11-05 20:58:05,099 - WARNING - Failed item: {'index': {'_index': 'periodic-table-hybrid-search', '_id': 'ddc2d0b7-c2a7-483d-8621-cc0a57c74afe', 'status': 400, 'error': {'type': 'document_parsing_exception', 'reason': "[1:17294] failed to parse: The [dense_vector] field [embedding] in doc [document with id 'ddc2d0b7-c2a7-483d-8621-cc0a57c74afe'] has a different number of dimensions [768] than defined in the mapping [1024]", 'caused_by': {'type': 'illegal_argument_exception', 'reason': "The [dense_vector] field [embedding] in doc [document with id 'ddc2d0b7-c2a7-483d-8621-cc0a57c74afe'] has a different number of dimensions [768] than defined in the mapping [1024]"}}}}
2025-11-05 20:58:05,099 - WARNING - Failed item: {'index': {'_index': 'periodic-table-hybrid-search', '_id': 'c86680c5-1145-4c54-92d5-d1659fa731ae', 'status': 400, 'error': {'type': 'document_parsing_exception', 'reason': "[1:16807] failed to parse: The [dense_vector] field [embedding] in doc [document with id 'c86680c5-1145-4c54-92d5-d1659fa731ae'] has a different number of dimensions [768] than defined in the mapping [1024]", 'caused_by': {'type': 'illegal_argument_exception', 'reason': "The [dense_vector] field [embedding] in doc [document with id 'c86680c5-1145-4c54-92d5-d1659fa731ae'] has a different number of dimensions [768] than defined in the mapping [1024]"}}}}
2025-11-05 20:58:05,099 - WARNING - Failed item: {'index': {'_index': 'periodic-table-hybrid-search', '_id': 'cad2e0bc-0e74-4ed8-9f5d-a514e4ab4360', 'status': 400, 'error': {'type': 'document_parsing_exception', 'reason': "[1:19748] failed to parse: The [dense_vector] field [embedding] in doc [document with id 'cad2e0bc-0e74-4ed8-9f5d-a514e4ab4360'] has a different number of dimensions [768] than defined in the mapping [1024]", 'caused_by': {'type': 'illegal_argument_exception', 'reason': "The [dense_vector] field [embedding] in doc [document with id 'cad2e0bc-0e74-4ed8-9f5d-a514e4ab4360'] has a different number of dimensions [768] than defined in the mapping [1024]"}}}}
2025-11-05 20:58:05,099 - WARNING - Failed item: {'index': {'_index': 'periodic-table-hybrid-search', '_id': 'b1b8a1c7-03d5-45ba-ab9b-5f017102474a', 'status': 400, 'error': {'type': 'document_parsing_exception', 'reason': "[1:17296] failed to parse: The [dense_vector] field [embedding] in doc [document with id 'b1b8a1c7-03d5-45ba-ab9b-5f017102474a'] has a different number of dimensions [768] than defined in the mapping [1024]", 'caused_by': {'type': 'illegal_argument_exception', 'reason': "The [dense_vector] field [embedding] in doc [document with id 'b1b8a1c7-03d5-45ba-ab9b-5f017102474a'] has a different number of dimensions [768] than defined in the mapping [1024]"}}}}
2025-11-05 20:58:05,099 - WARNING - Failed item: {'index': {'_index': 'periodic-table-hybrid-search', '_id': 'fbcfe585-9969-4c15-a4ba-b4fd7cfb31bc', 'status': 400, 'error': {'type': 'document_parsing_exception', 'reason': "[1:17250] failed to parse: The [dense_vector] field [embedding] in doc [document with id 'fbcfe585-9969-4c15-a4ba-b4fd7cfb31bc'] has a different number of dimensions [768] than defined in the mapping [1024]", 'caused_by': {'type': 'illegal_argument_exception', 'reason': "The [dense_vector] field [embedding] in doc [document with id 'fbcfe585-9969-4c15-a4ba-b4fd7cfb31bc'] has a different number of dimensions [768] than defined in the mapping [1024]"}}}}
2025-11-05 20:58:05,099 - WARNING - Failed item: {'index': {'_index': 'periodic-table-hybrid-search', '_id': '7dd54ee8-b423-4dc2-98e0-884171f9ae49', 'status': 400, 'error': {'type': 'document_parsing_exception', 'reason': "[1:17277] failed to parse: The [dense_vector] field [embedding] in doc [document with id '7dd54ee8-b423-4dc2-98e0-884171f9ae49'] has a different number of dimensions [768] than defined in the mapping [1024]", 'caused_by': {'type': 'illegal_argument_exception', 'reason': "The [dense_vector] field [embedding] in doc [document with id '7dd54ee8-b423-4dc2-98e0-884171f9ae49'] has a different number of dimensions [768] than defined in the mapping [1024]"}}}}
2025-11-05 20:58:05,099 - WARNING - Failed item: {'index': {'_index': 'periodic-table-hybrid-search', '_id': '53d4ad0f-90a1-4017-b0d6-9243b207105b', 'status': 400, 'error': {'type': 'document_parsing_exception', 'reason': "[1:17260] failed to parse: The [dense_vector] field [embedding] in doc [document with id '53d4ad0f-90a1-4017-b0d6-9243b207105b'] has a different number of dimensions [768] than defined in the mapping [1024]", 'caused_by': {'type': 'illegal_argument_exception', 'reason': "The [dense_vector] field [embedding] in doc [document with id '53d4ad0f-90a1-4017-b0d6-9243b207105b'] has a different number of dimensions [768] than defined in the mapping [1024]"}}}}
2025-11-05 20:58:05,099 - WARNING - Failed item: {'index': {'_index': 'periodic-table-hybrid-search', '_id': 'd8e1180d-1500-471f-aea6-e1af4268c271', 'status': 400, 'error': {'type': 'document_parsing_exception', 'reason': "[1:16834] failed to parse: The [dense_vector] field [embedding] in doc [document with id 'd8e1180d-1500-471f-aea6-e1af4268c271'] has a different number of dimensions [768] than defined in the mapping [1024]", 'caused_by': {'type': 'illegal_argument_exception', 'reason': "The [dense_vector] field [embedding] in doc [document with id 'd8e1180d-1500-471f-aea6-e1af4268c271'] has a different number of dimensions [768] than defined in the mapping [1024]"}}}}
2025-11-05 20:58:05,099 - WARNING - Failed item: {'index': {'_index': 'periodic-table-hybrid-search', '_id': 'b0e51e73-b97f-4aa9-8e4a-2b3036c65e40', 'status': 400, 'error': {'type': 'document_parsing_exception', 'reason': "[1:19534] failed to parse: The [dense_vector] field [embedding] in doc [document with id 'b0e51e73-b97f-4aa9-8e4a-2b3036c65e40'] has a different number of dimensions [768] than defined in the mapping [1024]", 'caused_by': {'type': 'illegal_argument_exception', 'reason': "The [dense_vector] field [embedding] in doc [document with id 'b0e51e73-b97f-4aa9-8e4a-2b3036c65e40'] has a different number of dimensions [768] than defined in the mapping [1024]"}}}}
2025-11-05 20:58:05,099 - WARNING - Failed item: {'index': {'_index': 'periodic-table-hybrid-search', '_id': '9e770e76-88bd-40a8-b530-c8cd22f8a4e5', 'status': 400, 'error': {'type': 'document_parsing_exception', 'reason': "[1:17294] failed to parse: The [dense_vector] field [embedding] in doc [document with id '9e770e76-88bd-40a8-b530-c8cd22f8a4e5'] has a different number of dimensions [768] than defined in the mapping [1024]", 'caused_by': {'type': 'illegal_argument_exception', 'reason': "The [dense_vector] field [embedding] in doc [document with id '9e770e76-88bd-40a8-b530-c8cd22f8a4e5'] has a different number of dimensions [768] than defined in the mapping [1024]"}}}}
2025-11-05 20:58:05,099 - WARNING - Failed item: {'index': {'_index': 'periodic-table-hybrid-search', '_id': 'd678d110-6f5d-42d7-84c0-6f1fd511363a', 'status': 400, 'error': {'type': 'document_parsing_exception', 'reason': "[1:17272] failed to parse: The [dense_vector] field [embedding] in doc [document with id 'd678d110-6f5d-42d7-84c0-6f1fd511363a'] has a different number of dimensions [768] than defined in the mapping [1024]", 'caused_by': {'type': 'illegal_argument_exception', 'reason': "The [dense_vector] field [embedding] in doc [document with id 'd678d110-6f5d-42d7-84c0-6f1fd511363a'] has a different number of dimensions [768] than defined in the mapping [1024]"}}}}
2025-11-05 20:58:05,099 - WARNING - Failed item: {'index': {'_index': 'periodic-table-hybrid-search', '_id': '0bb9f72b-7dbf-4019-9ddb-df72b658e280', 'status': 400, 'error': {'type': 'document_parsing_exception', 'reason': "[1:17209] failed to parse: The [dense_vector] field [embedding] in doc [document with id '0bb9f72b-7dbf-4019-9ddb-df72b658e280'] has a different number of dimensions [768] than defined in the mapping [1024]", 'caused_by': {'type': 'illegal_argument_exception', 'reason': "The [dense_vector] field [embedding] in doc [document with id '0bb9f72b-7dbf-4019-9ddb-df72b658e280'] has a different number of dimensions [768] than defined in the mapping [1024]"}}}}
2025-11-05 20:58:05,099 - WARNING - Failed item: {'index': {'_index': 'periodic-table-hybrid-search', '_id': 'b9ae210a-88b7-47f5-a9f3-3b27638ee311', 'status': 400, 'error': {'type': 'document_parsing_exception', 'reason': "[1:17194] failed to parse: The [dense_vector] field [embedding] in doc [document with id 'b9ae210a-88b7-47f5-a9f3-3b27638ee311'] has a different number of dimensions [768] than defined in the mapping [1024]", 'caused_by': {'type': 'illegal_argument_exception', 'reason': "The [dense_vector] field [embedding] in doc [document with id 'b9ae210a-88b7-47f5-a9f3-3b27638ee311'] has a different number of dimensions [768] than defined in the mapping [1024]"}}}}
2025-11-05 20:58:05,099 - WARNING - Failed item: {'index': {'_index': 'periodic-table-hybrid-search', '_id': '89d70511-e6ee-4df2-80e7-cc018f714549', 'status': 400, 'error': {'type': 'document_parsing_exception', 'reason': "[1:16776] failed to parse: The [dense_vector] field [embedding] in doc [document with id '89d70511-e6ee-4df2-80e7-cc018f714549'] has a different number of dimensions [768] than defined in the mapping [1024]", 'caused_by': {'type': 'illegal_argument_exception', 'reason': "The [dense_vector] field [embedding] in doc [document with id '89d70511-e6ee-4df2-80e7-cc018f714549'] has a different number of dimensions [768] than defined in the mapping [1024]"}}}}
2025-11-05 20:58:05,099 - WARNING - Failed item: {'index': {'_index': 'periodic-table-hybrid-search', '_id': 'a0a69461-e35f-46e0-a46d-9d530d1bb560', 'status': 400, 'error': {'type': 'document_parsing_exception', 'reason': "[1:17576] failed to parse: The [dense_vector] field [embedding] in doc [document with id 'a0a69461-e35f-46e0-a46d-9d530d1bb560'] has a different number of dimensions [768] than defined in the mapping [1024]", 'caused_by': {'type': 'illegal_argument_exception', 'reason': "The [dense_vector] field [embedding] in doc [document with id 'a0a69461-e35f-46e0-a46d-9d530d1bb560'] has a different number of dimensions [768] than defined in the mapping [1024]"}}}}
2025-11-05 20:58:05,099 - WARNING - Failed item: {'index': {'_index': 'periodic-table-hybrid-search', '_id': 'ddaaf1c9-73dd-4769-a7cd-36e928088b31', 'status': 400, 'error': {'type': 'document_parsing_exception', 'reason': "[1:17119] failed to parse: The [dense_vector] field [embedding] in doc [document with id 'ddaaf1c9-73dd-4769-a7cd-36e928088b31'] has a different number of dimensions [768] than defined in the mapping [1024]", 'caused_by': {'type': 'illegal_argument_exception', 'reason': "The [dense_vector] field [embedding] in doc [document with id 'ddaaf1c9-73dd-4769-a7cd-36e928088b31'] has a different number of dimensions [768] than defined in the mapping [1024]"}}}}
2025-11-05 20:58:05,099 - WARNING - Failed item: {'index': {'_index': 'periodic-table-hybrid-search', '_id': '4f2d2d2f-5f84-4556-b379-f305b5f35a66', 'status': 400, 'error': {'type': 'document_parsing_exception', 'reason': "[1:17029] failed to parse: The [dense_vector] field [embedding] in doc [document with id '4f2d2d2f-5f84-4556-b379-f305b5f35a66'] has a different number of dimensions [768] than defined in the mapping [1024]", 'caused_by': {'type': 'illegal_argument_exception', 'reason': "The [dense_vector] field [embedding] in doc [document with id '4f2d2d2f-5f84-4556-b379-f305b5f35a66'] has a different number of dimensions [768] than defined in the mapping [1024]"}}}}
2025-11-05 20:58:05,099 - WARNING - Failed item: {'index': {'_index': 'periodic-table-hybrid-search', '_id': 'f8946e8b-8be5-47de-ad2a-71a2be9902ee', 'status': 400, 'error': {'type': 'document_parsing_exception', 'reason': "[1:28555] failed to parse: The [dense_vector] field [embedding] in doc [document with id 'f8946e8b-8be5-47de-ad2a-71a2be9902ee'] has a different number of dimensions [768] than defined in the mapping [1024]", 'caused_by': {'type': 'illegal_argument_exception', 'reason': "The [dense_vector] field [embedding] in doc [document with id 'f8946e8b-8be5-47de-ad2a-71a2be9902ee'] has a different number of dimensions [768] than defined in the mapping [1024]"}}}}
2025-11-05 20:58:05,099 - WARNING - Failed item: {'index': {'_index': 'periodic-table-hybrid-search', '_id': 'f44d3c34-be50-40e2-8047-0b19cf949ef3', 'status': 400, 'error': {'type': 'document_parsing_exception', 'reason': "[1:19422] failed to parse: The [dense_vector] field [embedding] in doc [document with id 'f44d3c34-be50-40e2-8047-0b19cf949ef3'] has a different number of dimensions [768] than defined in the mapping [1024]", 'caused_by': {'type': 'illegal_argument_exception', 'reason': "The [dense_vector] field [embedding] in doc [document with id 'f44d3c34-be50-40e2-8047-0b19cf949ef3'] has a different number of dimensions [768] than defined in the mapping [1024]"}}}}
2025-11-05 20:58:05,099 - WARNING - Failed item: {'index': {'_index': 'periodic-table-hybrid-search', '_id': '8ce73a36-6b50-4d72-927b-f0a30878b6e8', 'status': 400, 'error': {'type': 'document_parsing_exception', 'reason': "[1:17119] failed to parse: The [dense_vector] field [embedding] in doc [document with id '8ce73a36-6b50-4d72-927b-f0a30878b6e8'] has a different number of dimensions [768] than defined in the mapping [1024]", 'caused_by': {'type': 'illegal_argument_exception', 'reason': "The [dense_vector] field [embedding] in doc [document with id '8ce73a36-6b50-4d72-927b-f0a30878b6e8'] has a different number of dimensions [768] than defined in the mapping [1024]"}}}}
2025-11-05 20:58:05,099 - WARNING - Failed item: {'index': {'_index': 'periodic-table-hybrid-search', '_id': 'a949b627-a3b4-4ea4-8479-4b8da97d8518', 'status': 400, 'error': {'type': 'document_parsing_exception', 'reason': "[1:17225] failed to parse: The [dense_vector] field [embedding] in doc [document with id 'a949b627-a3b4-4ea4-8479-4b8da97d8518'] has a different number of dimensions [768] than defined in the mapping [1024]", 'caused_by': {'type': 'illegal_argument_exception', 'reason': "The [dense_vector] field [embedding] in doc [document with id 'a949b627-a3b4-4ea4-8479-4b8da97d8518'] has a different number of dimensions [768] than defined in the mapping [1024]"}}}}
2025-11-05 20:58:05,099 - WARNING - Failed item: {'index': {'_index': 'periodic-table-hybrid-search', '_id': '9a8f6780-7fe7-48c7-b07c-c4bf68b299b3', 'status': 400, 'error': {'type': 'document_parsing_exception', 'reason': "[1:17211] failed to parse: The [dense_vector] field [embedding] in doc [document with id '9a8f6780-7fe7-48c7-b07c-c4bf68b299b3'] has a different number of dimensions [768] than defined in the mapping [1024]", 'caused_by': {'type': 'illegal_argument_exception', 'reason': "The [dense_vector] field [embedding] in doc [document with id '9a8f6780-7fe7-48c7-b07c-c4bf68b299b3'] has a different number of dimensions [768] than defined in the mapping [1024]"}}}}
2025-11-05 20:58:05,099 - WARNING - Failed item: {'index': {'_index': 'periodic-table-hybrid-search', '_id': 'd8af485e-d062-4779-9535-da34d74ed292', 'status': 400, 'error': {'type': 'document_parsing_exception', 'reason': "[1:17304] failed to parse: The [dense_vector] field [embedding] in doc [document with id 'd8af485e-d062-4779-9535-da34d74ed292'] has a different number of dimensions [768] than defined in the mapping [1024]", 'caused_by': {'type': 'illegal_argument_exception', 'reason': "The [dense_vector] field [embedding] in doc [document with id 'd8af485e-d062-4779-9535-da34d74ed292'] has a different number of dimensions [768] than defined in the mapping [1024]"}}}}
2025-11-05 20:58:05,099 - WARNING - Failed item: {'index': {'_index': 'periodic-table-hybrid-search', '_id': '5f0a216d-a62f-4cd7-bfd6-d5a3e9e19be3', 'status': 400, 'error': {'type': 'document_parsing_exception', 'reason': "[1:16750] failed to parse: The [dense_vector] field [embedding] in doc [document with id '5f0a216d-a62f-4cd7-bfd6-d5a3e9e19be3'] has a different number of dimensions [768] than defined in the mapping [1024]", 'caused_by': {'type': 'illegal_argument_exception', 'reason': "The [dense_vector] field [embedding] in doc [document with id '5f0a216d-a62f-4cd7-bfd6-d5a3e9e19be3'] has a different number of dimensions [768] than defined in the mapping [1024]"}}}}
2025-11-05 20:58:05,099 - WARNING - Failed item: {'index': {'_index': 'periodic-table-hybrid-search', '_id': '81bbcab4-883e-43c6-a57a-80854dd652ec', 'status': 400, 'error': {'type': 'document_parsing_exception', 'reason': "[1:19349] failed to parse: The [dense_vector] field [embedding] in doc [document with id '81bbcab4-883e-43c6-a57a-80854dd652ec'] has a different number of dimensions [768] than defined in the mapping [1024]", 'caused_by': {'type': 'illegal_argument_exception', 'reason': "The [dense_vector] field [embedding] in doc [document with id '81bbcab4-883e-43c6-a57a-80854dd652ec'] has a different number of dimensions [768] than defined in the mapping [1024]"}}}}
2025-11-05 20:58:05,099 - WARNING - Failed item: {'index': {'_index': 'periodic-table-hybrid-search', '_id': 'cd88978a-6a65-4824-a618-8c6badaf2869', 'status': 400, 'error': {'type': 'document_parsing_exception', 'reason': "[1:17312] failed to parse: The [dense_vector] field [embedding] in doc [document with id 'cd88978a-6a65-4824-a618-8c6badaf2869'] has a different number of dimensions [768] than defined in the mapping [1024]", 'caused_by': {'type': 'illegal_argument_exception', 'reason': "The [dense_vector] field [embedding] in doc [document with id 'cd88978a-6a65-4824-a618-8c6badaf2869'] has a different number of dimensions [768] than defined in the mapping [1024]"}}}}
2025-11-05 20:58:05,099 - WARNING - Failed item: {'index': {'_index': 'periodic-table-hybrid-search', '_id': 'd17e92d7-17b4-4293-b880-50146a8d02af', 'status': 400, 'error': {'type': 'document_parsing_exception', 'reason': "[1:17149] failed to parse: The [dense_vector] field [embedding] in doc [document with id 'd17e92d7-17b4-4293-b880-50146a8d02af'] has a different number of dimensions [768] than defined in the mapping [1024]", 'caused_by': {'type': 'illegal_argument_exception', 'reason': "The [dense_vector] field [embedding] in doc [document with id 'd17e92d7-17b4-4293-b880-50146a8d02af'] has a different number of dimensions [768] than defined in the mapping [1024]"}}}}
2025-11-05 20:58:05,099 - WARNING - Failed item: {'index': {'_index': 'periodic-table-hybrid-search', '_id': 'a81ba605-8e79-445f-a8aa-d454f38b3dff', 'status': 400, 'error': {'type': 'document_parsing_exception', 'reason': "[1:17213] failed to parse: The [dense_vector] field [embedding] in doc [document with id 'a81ba605-8e79-445f-a8aa-d454f38b3dff'] has a different number of dimensions [768] than defined in the mapping [1024]", 'caused_by': {'type': 'illegal_argument_exception', 'reason': "The [dense_vector] field [embedding] in doc [document with id 'a81ba605-8e79-445f-a8aa-d454f38b3dff'] has a different number of dimensions [768] than defined in the mapping [1024]"}}}}
2025-11-05 20:58:05,099 - WARNING - Failed item: {'index': {'_index': 'periodic-table-hybrid-search', '_id': 'bf40a775-169a-4403-ad9d-c41957b694eb', 'status': 400, 'error': {'type': 'document_parsing_exception', 'reason': "[1:17149] failed to parse: The [dense_vector] field [embedding] in doc [document with id 'bf40a775-169a-4403-ad9d-c41957b694eb'] has a different number of dimensions [768] than defined in the mapping [1024]", 'caused_by': {'type': 'illegal_argument_exception', 'reason': "The [dense_vector] field [embedding] in doc [document with id 'bf40a775-169a-4403-ad9d-c41957b694eb'] has a different number of dimensions [768] than defined in the mapping [1024]"}}}}
2025-11-05 20:58:05,099 - WARNING - Failed item: {'index': {'_index': 'periodic-table-hybrid-search', '_id': '5e5d9e37-cf0f-41b0-bac1-f99d2b17bf9c', 'status': 400, 'error': {'type': 'document_parsing_exception', 'reason': "[1:16673] failed to parse: The [dense_vector] field [embedding] in doc [document with id '5e5d9e37-cf0f-41b0-bac1-f99d2b17bf9c'] has a different number of dimensions [768] than defined in the mapping [1024]", 'caused_by': {'type': 'illegal_argument_exception', 'reason': "The [dense_vector] field [embedding] in doc [document with id '5e5d9e37-cf0f-41b0-bac1-f99d2b17bf9c'] has a different number of dimensions [768] than defined in the mapping [1024]"}}}}
2025-11-05 20:58:05,099 - WARNING - Failed item: {'index': {'_index': 'periodic-table-hybrid-search', '_id': 'c5735cd8-b647-43b8-93b4-ee12d9cfffa8', 'status': 400, 'error': {'type': 'document_parsing_exception', 'reason': "[1:19540] failed to parse: The [dense_vector] field [embedding] in doc [document with id 'c5735cd8-b647-43b8-93b4-ee12d9cfffa8'] has a different number of dimensions [768] than defined in the mapping [1024]", 'caused_by': {'type': 'illegal_argument_exception', 'reason': "The [dense_vector] field [embedding] in doc [document with id 'c5735cd8-b647-43b8-93b4-ee12d9cfffa8'] has a different number of dimensions [768] than defined in the mapping [1024]"}}}}
2025-11-05 20:58:05,099 - WARNING - Failed item: {'index': {'_index': 'periodic-table-hybrid-search', '_id': 'a7cce666-e01a-4154-9ab2-9e121f436acf', 'status': 400, 'error': {'type': 'document_parsing_exception', 'reason': "[1:17138] failed to parse: The [dense_vector] field [embedding] in doc [document with id 'a7cce666-e01a-4154-9ab2-9e121f436acf'] has a different number of dimensions [768] than defined in the mapping [1024]", 'caused_by': {'type': 'illegal_argument_exception', 'reason': "The [dense_vector] field [embedding] in doc [document with id 'a7cce666-e01a-4154-9ab2-9e121f436acf'] has a different number of dimensions [768] than defined in the mapping [1024]"}}}}
2025-11-05 20:58:05,099 - WARNING - Failed item: {'index': {'_index': 'periodic-table-hybrid-search', '_id': 'dde1e564-bea3-4c00-8d0b-6da032145ade', 'status': 400, 'error': {'type': 'document_parsing_exception', 'reason': "[1:17289] failed to parse: The [dense_vector] field [embedding] in doc [document with id 'dde1e564-bea3-4c00-8d0b-6da032145ade'] has a different number of dimensions [768] than defined in the mapping [1024]", 'caused_by': {'type': 'illegal_argument_exception', 'reason': "The [dense_vector] field [embedding] in doc [document with id 'dde1e564-bea3-4c00-8d0b-6da032145ade'] has a different number of dimensions [768] than defined in the mapping [1024]"}}}}
2025-11-05 20:58:08,316 - WARNING - Failed item: {'index': {'_index': 'periodic-table-hybrid-search', '_id': '276507fe-fe44-409e-bdd4-aeeec3151c55', 'status': 400, 'error': {'type': 'document_parsing_exception', 'reason': "[1:17255] failed to parse: The [dense_vector] field [embedding] in doc [document with id '276507fe-fe44-409e-bdd4-aeeec3151c55'] has a different number of dimensions [768] than defined in the mapping [1024]", 'caused_by': {'type': 'illegal_argument_exception', 'reason': "The [dense_vector] field [embedding] in doc [document with id '276507fe-fe44-409e-bdd4-aeeec3151c55'] has a different number of dimensions [768] than defined in the mapping [1024]"}}}}
2025-11-05 20:58:08,316 - WARNING - Failed item: {'index': {'_index': 'periodic-table-hybrid-search', '_id': 'fa809040-8210-4a95-b0de-773b7c990f74', 'status': 400, 'error': {'type': 'document_parsing_exception', 'reason': "[1:17382] failed to parse: The [dense_vector] field [embedding] in doc [document with id 'fa809040-8210-4a95-b0de-773b7c990f74'] has a different number of dimensions [768] than defined in the mapping [1024]", 'caused_by': {'type': 'illegal_argument_exception', 'reason': "The [dense_vector] field [embedding] in doc [document with id 'fa809040-8210-4a95-b0de-773b7c990f74'] has a different number of dimensions [768] than defined in the mapping [1024]"}}}}
2025-11-05 20:58:08,316 - WARNING - Failed item: {'index': {'_index': 'periodic-table-hybrid-search', '_id': '058e4423-7788-4d8b-91a2-91786fc0417b', 'status': 400, 'error': {'type': 'document_parsing_exception', 'reason': "[1:16821] failed to parse: The [dense_vector] field [embedding] in doc [document with id '058e4423-7788-4d8b-91a2-91786fc0417b'] has a different number of dimensions [768] than defined in the mapping [1024]", 'caused_by': {'type': 'illegal_argument_exception', 'reason': "The [dense_vector] field [embedding] in doc [document with id '058e4423-7788-4d8b-91a2-91786fc0417b'] has a different number of dimensions [768] than defined in the mapping [1024]"}}}}
2025-11-05 20:58:08,316 - WARNING - Failed item: {'index': {'_index': 'periodic-table-hybrid-search', '_id': 'f83a0448-c7c5-46bd-b2ff-1935742c4a81', 'status': 400, 'error': {'type': 'document_parsing_exception', 'reason': "[1:19637] failed to parse: The [dense_vector] field [embedding] in doc [document with id 'f83a0448-c7c5-46bd-b2ff-1935742c4a81'] has a different number of dimensions [768] than defined in the mapping [1024]", 'caused_by': {'type': 'illegal_argument_exception', 'reason': "The [dense_vector] field [embedding] in doc [document with id 'f83a0448-c7c5-46bd-b2ff-1935742c4a81'] has a different number of dimensions [768] than defined in the mapping [1024]"}}}}
2025-11-05 20:58:08,316 - WARNING - Failed item: {'index': {'_index': 'periodic-table-hybrid-search', '_id': 'dc680565-3d83-478a-896c-8c00ea450415', 'status': 400, 'error': {'type': 'document_parsing_exception', 'reason': "[1:17189] failed to parse: The [dense_vector] field [embedding] in doc [document with id 'dc680565-3d83-478a-896c-8c00ea450415'] has a different number of dimensions [768] than defined in the mapping [1024]", 'caused_by': {'type': 'illegal_argument_exception', 'reason': "The [dense_vector] field [embedding] in doc [document with id 'dc680565-3d83-478a-896c-8c00ea450415'] has a different number of dimensions [768] than defined in the mapping [1024]"}}}}
2025-11-05 20:58:08,316 - WARNING - Failed item: {'index': {'_index': 'periodic-table-hybrid-search', '_id': 'a28cad8e-38b1-4406-b748-88feb8165dc5', 'status': 400, 'error': {'type': 'document_parsing_exception', 'reason': "[1:17253] failed to parse: The [dense_vector] field [embedding] in doc [document with id 'a28cad8e-38b1-4406-b748-88feb8165dc5'] has a different number of dimensions [768] than defined in the mapping [1024]", 'caused_by': {'type': 'illegal_argument_exception', 'reason': "The [dense_vector] field [embedding] in doc [document with id 'a28cad8e-38b1-4406-b748-88feb8165dc5'] has a different number of dimensions [768] than defined in the mapping [1024]"}}}}
2025-11-05 20:58:08,316 - WARNING - Failed item: {'index': {'_index': 'periodic-table-hybrid-search', '_id': 'fa583bf2-0178-4f13-96be-4d18373bd823', 'status': 400, 'error': {'type': 'document_parsing_exception', 'reason': "[1:17360] failed to parse: The [dense_vector] field [embedding] in doc [document with id 'fa583bf2-0178-4f13-96be-4d18373bd823'] has a different number of dimensions [768] than defined in the mapping [1024]", 'caused_by': {'type': 'illegal_argument_exception', 'reason': "The [dense_vector] field [embedding] in doc [document with id 'fa583bf2-0178-4f13-96be-4d18373bd823'] has a different number of dimensions [768] than defined in the mapping [1024]"}}}}
2025-11-05 20:58:08,316 - WARNING - Failed item: {'index': {'_index': 'periodic-table-hybrid-search', '_id': '21ba4c4d-5686-42e9-9d55-d38bd7c334b7', 'status': 400, 'error': {'type': 'document_parsing_exception', 'reason': "[1:17335] failed to parse: The [dense_vector] field [embedding] in doc [document with id '21ba4c4d-5686-42e9-9d55-d38bd7c334b7'] has a different number of dimensions [768] than defined in the mapping [1024]", 'caused_by': {'type': 'illegal_argument_exception', 'reason': "The [dense_vector] field [embedding] in doc [document with id '21ba4c4d-5686-42e9-9d55-d38bd7c334b7'] has a different number of dimensions [768] than defined in the mapping [1024]"}}}}
2025-11-05 20:58:08,316 - WARNING - Failed item: {'index': {'_index': 'periodic-table-hybrid-search', '_id': '34524a74-0952-4992-b86e-ab5cc06f0672', 'status': 400, 'error': {'type': 'document_parsing_exception', 'reason': "[1:16808] failed to parse: The [dense_vector] field [embedding] in doc [document with id '34524a74-0952-4992-b86e-ab5cc06f0672'] has a different number of dimensions [768] than defined in the mapping [1024]", 'caused_by': {'type': 'illegal_argument_exception', 'reason': "The [dense_vector] field [embedding] in doc [document with id '34524a74-0952-4992-b86e-ab5cc06f0672'] has a different number of dimensions [768] than defined in the mapping [1024]"}}}}
2025-11-05 20:58:08,316 - WARNING - Failed item: {'index': {'_index': 'periodic-table-hybrid-search', '_id': '2de0d938-cc94-473f-9497-8ef75a260a31', 'status': 400, 'error': {'type': 'document_parsing_exception', 'reason': "[1:17755] failed to parse: The [dense_vector] field [embedding] in doc [document with id '2de0d938-cc94-473f-9497-8ef75a260a31'] has a different number of dimensions [768] than defined in the mapping [1024]", 'caused_by': {'type': 'illegal_argument_exception', 'reason': "The [dense_vector] field [embedding] in doc [document with id '2de0d938-cc94-473f-9497-8ef75a260a31'] has a different number of dimensions [768] than defined in the mapping [1024]"}}}}
2025-11-05 20:58:08,316 - WARNING - Failed item: {'index': {'_index': 'periodic-table-hybrid-search', '_id': '6eeea686-755e-40b0-a47b-633748ba16e0', 'status': 400, 'error': {'type': 'document_parsing_exception', 'reason': "[1:17316] failed to parse: The [dense_vector] field [embedding] in doc [document with id '6eeea686-755e-40b0-a47b-633748ba16e0'] has a different number of dimensions [768] than defined in the mapping [1024]", 'caused_by': {'type': 'illegal_argument_exception', 'reason': "The [dense_vector] field [embedding] in doc [document with id '6eeea686-755e-40b0-a47b-633748ba16e0'] has a different number of dimensions [768] than defined in the mapping [1024]"}}}}
2025-11-05 20:58:08,316 - WARNING - Failed item: {'index': {'_index': 'periodic-table-hybrid-search', '_id': '4031b430-2366-4378-88f4-dc4552584d14', 'status': 400, 'error': {'type': 'document_parsing_exception', 'reason': "[1:17036] failed to parse: The [dense_vector] field [embedding] in doc [document with id '4031b430-2366-4378-88f4-dc4552584d14'] has a different number of dimensions [768] than defined in the mapping [1024]", 'caused_by': {'type': 'illegal_argument_exception', 'reason': "The [dense_vector] field [embedding] in doc [document with id '4031b430-2366-4378-88f4-dc4552584d14'] has a different number of dimensions [768] than defined in the mapping [1024]"}}}}
2025-11-05 20:58:08,316 - WARNING - Failed item: {'index': {'_index': 'periodic-table-hybrid-search', '_id': '28d884bd-0ed8-49b0-b845-7207303df504', 'status': 400, 'error': {'type': 'document_parsing_exception', 'reason': "[1:27040] failed to parse: The [dense_vector] field [embedding] in doc [document with id '28d884bd-0ed8-49b0-b845-7207303df504'] has a different number of dimensions [768] than defined in the mapping [1024]", 'caused_by': {'type': 'illegal_argument_exception', 'reason': "The [dense_vector] field [embedding] in doc [document with id '28d884bd-0ed8-49b0-b845-7207303df504'] has a different number of dimensions [768] than defined in the mapping [1024]"}}}}
2025-11-05 20:58:08,317 - WARNING - Failed item: {'index': {'_index': 'periodic-table-hybrid-search', '_id': '7e85d43e-71ba-4db6-b07b-1c7a8886b789', 'status': 400, 'error': {'type': 'document_parsing_exception', 'reason': "[1:19895] failed to parse: The [dense_vector] field [embedding] in doc [document with id '7e85d43e-71ba-4db6-b07b-1c7a8886b789'] has a different number of dimensions [768] than defined in the mapping [1024]", 'caused_by': {'type': 'illegal_argument_exception', 'reason': "The [dense_vector] field [embedding] in doc [document with id '7e85d43e-71ba-4db6-b07b-1c7a8886b789'] has a different number of dimensions [768] than defined in the mapping [1024]"}}}}
2025-11-05 20:58:08,317 - WARNING - Failed item: {'index': {'_index': 'periodic-table-hybrid-search', '_id': 'b912827a-ffb0-4a70-9aa6-36537e50bff6', 'status': 400, 'error': {'type': 'document_parsing_exception', 'reason': "[1:17316] failed to parse: The [dense_vector] field [embedding] in doc [document with id 'b912827a-ffb0-4a70-9aa6-36537e50bff6'] has a different number of dimensions [768] than defined in the mapping [1024]", 'caused_by': {'type': 'illegal_argument_exception', 'reason': "The [dense_vector] field [embedding] in doc [document with id 'b912827a-ffb0-4a70-9aa6-36537e50bff6'] has a different number of dimensions [768] than defined in the mapping [1024]"}}}}
2025-11-05 20:58:08,317 - WARNING - Failed item: {'index': {'_index': 'periodic-table-hybrid-search', '_id': 'e6e497ec-b39e-4cd0-9dfe-ac66b52b8d3e', 'status': 400, 'error': {'type': 'document_parsing_exception', 'reason': "[1:17274] failed to parse: The [dense_vector] field [embedding] in doc [document with id 'e6e497ec-b39e-4cd0-9dfe-ac66b52b8d3e'] has a different number of dimensions [768] than defined in the mapping [1024]", 'caused_by': {'type': 'illegal_argument_exception', 'reason': "The [dense_vector] field [embedding] in doc [document with id 'e6e497ec-b39e-4cd0-9dfe-ac66b52b8d3e'] has a different number of dimensions [768] than defined in the mapping [1024]"}}}}
2025-11-05 20:58:08,317 - WARNING - Failed item: {'index': {'_index': 'periodic-table-hybrid-search', '_id': '418f4664-8d0a-4771-8aac-94933d4ad70b', 'status': 400, 'error': {'type': 'document_parsing_exception', 'reason': "[1:17341] failed to parse: The [dense_vector] field [embedding] in doc [document with id '418f4664-8d0a-4771-8aac-94933d4ad70b'] has a different number of dimensions [768] than defined in the mapping [1024]", 'caused_by': {'type': 'illegal_argument_exception', 'reason': "The [dense_vector] field [embedding] in doc [document with id '418f4664-8d0a-4771-8aac-94933d4ad70b'] has a different number of dimensions [768] than defined in the mapping [1024]"}}}}
2025-11-05 20:58:08,317 - WARNING - Failed item: {'index': {'_index': 'periodic-table-hybrid-search', '_id': '2cebaf57-44f7-497f-bfad-2a6df48ef6a0', 'status': 400, 'error': {'type': 'document_parsing_exception', 'reason': "[1:17370] failed to parse: The [dense_vector] field [embedding] in doc [document with id '2cebaf57-44f7-497f-bfad-2a6df48ef6a0'] has a different number of dimensions [768] than defined in the mapping [1024]", 'caused_by': {'type': 'illegal_argument_exception', 'reason': "The [dense_vector] field [embedding] in doc [document with id '2cebaf57-44f7-497f-bfad-2a6df48ef6a0'] has a different number of dimensions [768] than defined in the mapping [1024]"}}}}
2025-11-05 20:58:08,317 - WARNING - Failed item: {'index': {'_index': 'periodic-table-hybrid-search', '_id': '05401705-2747-42b7-a82c-ad346792da7d', 'status': 400, 'error': {'type': 'document_parsing_exception', 'reason': "[1:16806] failed to parse: The [dense_vector] field [embedding] in doc [document with id '05401705-2747-42b7-a82c-ad346792da7d'] has a different number of dimensions [768] than defined in the mapping [1024]", 'caused_by': {'type': 'illegal_argument_exception', 'reason': "The [dense_vector] field [embedding] in doc [document with id '05401705-2747-42b7-a82c-ad346792da7d'] has a different number of dimensions [768] than defined in the mapping [1024]"}}}}
2025-11-05 20:58:08,317 - WARNING - Failed item: {'index': {'_index': 'periodic-table-hybrid-search', '_id': 'eb1ce80a-0f1c-43a9-aeb4-68a18cc8400e', 'status': 400, 'error': {'type': 'document_parsing_exception', 'reason': "[1:19618] failed to parse: The [dense_vector] field [embedding] in doc [document with id 'eb1ce80a-0f1c-43a9-aeb4-68a18cc8400e'] has a different number of dimensions [768] than defined in the mapping [1024]", 'caused_by': {'type': 'illegal_argument_exception', 'reason': "The [dense_vector] field [embedding] in doc [document with id 'eb1ce80a-0f1c-43a9-aeb4-68a18cc8400e'] has a different number of dimensions [768] than defined in the mapping [1024]"}}}}
2025-11-05 20:58:08,317 - WARNING - Failed item: {'index': {'_index': 'periodic-table-hybrid-search', '_id': 'b49e8f51-5052-472e-8465-f60e624b73d4', 'status': 400, 'error': {'type': 'document_parsing_exception', 'reason': "[1:17365] failed to parse: The [dense_vector] field [embedding] in doc [document with id 'b49e8f51-5052-472e-8465-f60e624b73d4'] has a different number of dimensions [768] than defined in the mapping [1024]", 'caused_by': {'type': 'illegal_argument_exception', 'reason': "The [dense_vector] field [embedding] in doc [document with id 'b49e8f51-5052-472e-8465-f60e624b73d4'] has a different number of dimensions [768] than defined in the mapping [1024]"}}}}
2025-11-05 20:58:08,317 - WARNING - Failed item: {'index': {'_index': 'periodic-table-hybrid-search', '_id': '599cec41-220f-4909-9b2b-ea3dc6defa79', 'status': 400, 'error': {'type': 'document_parsing_exception', 'reason': "[1:17199] failed to parse: The [dense_vector] field [embedding] in doc [document with id '599cec41-220f-4909-9b2b-ea3dc6defa79'] has a different number of dimensions [768] than defined in the mapping [1024]", 'caused_by': {'type': 'illegal_argument_exception', 'reason': "The [dense_vector] field [embedding] in doc [document with id '599cec41-220f-4909-9b2b-ea3dc6defa79'] has a different number of dimensions [768] than defined in the mapping [1024]"}}}}
2025-11-05 20:58:08,317 - WARNING - Failed item: {'index': {'_index': 'periodic-table-hybrid-search', '_id': '8b5cb4f2-69b5-4094-9aa1-6b1e1ab922ac', 'status': 400, 'error': {'type': 'document_parsing_exception', 'reason': "[1:17287] failed to parse: The [dense_vector] field [embedding] in doc [document with id '8b5cb4f2-69b5-4094-9aa1-6b1e1ab922ac'] has a different number of dimensions [768] than defined in the mapping [1024]", 'caused_by': {'type': 'illegal_argument_exception', 'reason': "The [dense_vector] field [embedding] in doc [document with id '8b5cb4f2-69b5-4094-9aa1-6b1e1ab922ac'] has a different number of dimensions [768] than defined in the mapping [1024]"}}}}
2025-11-05 20:58:08,317 - WARNING - Failed item: {'index': {'_index': 'periodic-table-hybrid-search', '_id': '2c4611b7-2200-41f9-aa00-e834c70cc274', 'status': 400, 'error': {'type': 'document_parsing_exception', 'reason': "[1:17123] failed to parse: The [dense_vector] field [embedding] in doc [document with id '2c4611b7-2200-41f9-aa00-e834c70cc274'] has a different number of dimensions [768] than defined in the mapping [1024]", 'caused_by': {'type': 'illegal_argument_exception', 'reason': "The [dense_vector] field [embedding] in doc [document with id '2c4611b7-2200-41f9-aa00-e834c70cc274'] has a different number of dimensions [768] than defined in the mapping [1024]"}}}}
2025-11-05 20:58:08,317 - WARNING - Failed item: {'index': {'_index': 'periodic-table-hybrid-search', '_id': '90f74d1e-f2ec-454b-9d0b-aba4448ac8dc', 'status': 400, 'error': {'type': 'document_parsing_exception', 'reason': "[1:16749] failed to parse: The [dense_vector] field [embedding] in doc [document with id '90f74d1e-f2ec-454b-9d0b-aba4448ac8dc'] has a different number of dimensions [768] than defined in the mapping [1024]", 'caused_by': {'type': 'illegal_argument_exception', 'reason': "The [dense_vector] field [embedding] in doc [document with id '90f74d1e-f2ec-454b-9d0b-aba4448ac8dc'] has a different number of dimensions [768] than defined in the mapping [1024]"}}}}
2025-11-05 20:58:08,317 - WARNING - Failed item: {'index': {'_index': 'periodic-table-hybrid-search', '_id': 'dfe5fede-d1f3-4a7c-b0fb-23cdae050f8d', 'status': 400, 'error': {'type': 'document_parsing_exception', 'reason': "[1:19196] failed to parse: The [dense_vector] field [embedding] in doc [document with id 'dfe5fede-d1f3-4a7c-b0fb-23cdae050f8d'] has a different number of dimensions [768] than defined in the mapping [1024]", 'caused_by': {'type': 'illegal_argument_exception', 'reason': "The [dense_vector] field [embedding] in doc [document with id 'dfe5fede-d1f3-4a7c-b0fb-23cdae050f8d'] has a different number of dimensions [768] than defined in the mapping [1024]"}}}}
2025-11-05 20:58:08,317 - WARNING - Failed item: {'index': {'_index': 'periodic-table-hybrid-search', '_id': '623de61d-5868-4df7-948b-3780e584bd75', 'status': 400, 'error': {'type': 'document_parsing_exception', 'reason': "[1:17245] failed to parse: The [dense_vector] field [embedding] in doc [document with id '623de61d-5868-4df7-948b-3780e584bd75'] has a different number of dimensions [768] than defined in the mapping [1024]", 'caused_by': {'type': 'illegal_argument_exception', 'reason': "The [dense_vector] field [embedding] in doc [document with id '623de61d-5868-4df7-948b-3780e584bd75'] has a different number of dimensions [768] than defined in the mapping [1024]"}}}}
2025-11-05 20:58:08,317 - WARNING - Failed item: {'index': {'_index': 'periodic-table-hybrid-search', '_id': '2c132cd4-226a-45bb-9ca8-60c43ba32506', 'status': 400, 'error': {'type': 'document_parsing_exception', 'reason': "[1:17149] failed to parse: The [dense_vector] field [embedding] in doc [document with id '2c132cd4-226a-45bb-9ca8-60c43ba32506'] has a different number of dimensions [768] than defined in the mapping [1024]", 'caused_by': {'type': 'illegal_argument_exception', 'reason': "The [dense_vector] field [embedding] in doc [document with id '2c132cd4-226a-45bb-9ca8-60c43ba32506'] has a different number of dimensions [768] than defined in the mapping [1024]"}}}}
2025-11-05 20:58:08,317 - WARNING - Failed item: {'index': {'_index': 'periodic-table-hybrid-search', '_id': '0802ff9e-02e4-4a2e-82b9-0e6e54f4c161', 'status': 400, 'error': {'type': 'document_parsing_exception', 'reason': "[1:17106] failed to parse: The [dense_vector] field [embedding] in doc [document with id '0802ff9e-02e4-4a2e-82b9-0e6e54f4c161'] has a different number of dimensions [768] than defined in the mapping [1024]", 'caused_by': {'type': 'illegal_argument_exception', 'reason': "The [dense_vector] field [embedding] in doc [document with id '0802ff9e-02e4-4a2e-82b9-0e6e54f4c161'] has a different number of dimensions [768] than defined in the mapping [1024]"}}}}
2025-11-05 20:58:08,317 - WARNING - Failed item: {'index': {'_index': 'periodic-table-hybrid-search', '_id': '3c869b3b-bb89-40c3-b809-393008524f43', 'status': 400, 'error': {'type': 'document_parsing_exception', 'reason': "[1:17138] failed to parse: The [dense_vector] field [embedding] in doc [document with id '3c869b3b-bb89-40c3-b809-393008524f43'] has a different number of dimensions [768] than defined in the mapping [1024]", 'caused_by': {'type': 'illegal_argument_exception', 'reason': "The [dense_vector] field [embedding] in doc [document with id '3c869b3b-bb89-40c3-b809-393008524f43'] has a different number of dimensions [768] than defined in the mapping [1024]"}}}}
2025-11-05 20:58:08,317 - WARNING - Failed item: {'index': {'_index': 'periodic-table-hybrid-search', '_id': 'c549974a-1fa2-4f7c-8d16-ac94b80fc53e', 'status': 400, 'error': {'type': 'document_parsing_exception', 'reason': "[1:16689] failed to parse: The [dense_vector] field [embedding] in doc [document with id 'c549974a-1fa2-4f7c-8d16-ac94b80fc53e'] has a different number of dimensions [768] than defined in the mapping [1024]", 'caused_by': {'type': 'illegal_argument_exception', 'reason': "The [dense_vector] field [embedding] in doc [document with id 'c549974a-1fa2-4f7c-8d16-ac94b80fc53e'] has a different number of dimensions [768] than defined in the mapping [1024]"}}}}
2025-11-05 20:58:08,317 - WARNING - Failed item: {'index': {'_index': 'periodic-table-hybrid-search', '_id': '1faad64c-1211-4b59-85fc-bcc38b42e8af', 'status': 400, 'error': {'type': 'document_parsing_exception', 'reason': "[1:18711] failed to parse: The [dense_vector] field [embedding] in doc [document with id '1faad64c-1211-4b59-85fc-bcc38b42e8af'] has a different number of dimensions [768] than defined in the mapping [1024]", 'caused_by': {'type': 'illegal_argument_exception', 'reason': "The [dense_vector] field [embedding] in doc [document with id '1faad64c-1211-4b59-85fc-bcc38b42e8af'] has a different number of dimensions [768] than defined in the mapping [1024]"}}}}
2025-11-05 20:58:08,317 - WARNING - Failed item: {'index': {'_index': 'periodic-table-hybrid-search', '_id': 'aaeb66c3-1e23-4883-a6fe-5b31d185aaae', 'status': 400, 'error': {'type': 'document_parsing_exception', 'reason': "[1:17275] failed to parse: The [dense_vector] field [embedding] in doc [document with id 'aaeb66c3-1e23-4883-a6fe-5b31d185aaae'] has a different number of dimensions [768] than defined in the mapping [1024]", 'caused_by': {'type': 'illegal_argument_exception', 'reason': "The [dense_vector] field [embedding] in doc [document with id 'aaeb66c3-1e23-4883-a6fe-5b31d185aaae'] has a different number of dimensions [768] than defined in the mapping [1024]"}}}}
2025-11-05 20:58:08,317 - WARNING - Failed item: {'index': {'_index': 'periodic-table-hybrid-search', '_id': '8e266aba-6a95-4c56-8b07-a725dc12e18a', 'status': 400, 'error': {'type': 'document_parsing_exception', 'reason': "[1:17122] failed to parse: The [dense_vector] field [embedding] in doc [document with id '8e266aba-6a95-4c56-8b07-a725dc12e18a'] has a different number of dimensions [768] than defined in the mapping [1024]", 'caused_by': {'type': 'illegal_argument_exception', 'reason': "The [dense_vector] field [embedding] in doc [document with id '8e266aba-6a95-4c56-8b07-a725dc12e18a'] has a different number of dimensions [768] than defined in the mapping [1024]"}}}}
2025-11-05 20:58:08,317 - WARNING - Failed item: {'index': {'_index': 'periodic-table-hybrid-search', '_id': 'f78596a6-7fb7-4c9c-be67-4b576d9b405a', 'status': 400, 'error': {'type': 'document_parsing_exception', 'reason': "[1:17235] failed to parse: The [dense_vector] field [embedding] in doc [document with id 'f78596a6-7fb7-4c9c-be67-4b576d9b405a'] has a different number of dimensions [768] than defined in the mapping [1024]", 'caused_by': {'type': 'illegal_argument_exception', 'reason': "The [dense_vector] field [embedding] in doc [document with id 'f78596a6-7fb7-4c9c-be67-4b576d9b405a'] has a different number of dimensions [768] than defined in the mapping [1024]"}}}}
2025-11-05 20:58:08,317 - WARNING - Failed item: {'index': {'_index': 'periodic-table-hybrid-search', '_id': '91ff515d-477f-4b64-a0fa-72130a1950bb', 'status': 400, 'error': {'type': 'document_parsing_exception', 'reason': "[1:16750] failed to parse: The [dense_vector] field [embedding] in doc [document with id '91ff515d-477f-4b64-a0fa-72130a1950bb'] has a different number of dimensions [768] than defined in the mapping [1024]", 'caused_by': {'type': 'illegal_argument_exception', 'reason': "The [dense_vector] field [embedding] in doc [document with id '91ff515d-477f-4b64-a0fa-72130a1950bb'] has a different number of dimensions [768] than defined in the mapping [1024]"}}}}
2025-11-05 20:58:08,317 - WARNING - Failed item: {'index': {'_index': 'periodic-table-hybrid-search', '_id': '4f20a8c3-b97f-4c85-9a8a-ac2b5da1f90a', 'status': 400, 'error': {'type': 'document_parsing_exception', 'reason': "[1:17595] failed to parse: The [dense_vector] field [embedding] in doc [document with id '4f20a8c3-b97f-4c85-9a8a-ac2b5da1f90a'] has a different number of dimensions [768] than defined in the mapping [1024]", 'caused_by': {'type': 'illegal_argument_exception', 'reason': "The [dense_vector] field [embedding] in doc [document with id '4f20a8c3-b97f-4c85-9a8a-ac2b5da1f90a'] has a different number of dimensions [768] than defined in the mapping [1024]"}}}}
2025-11-05 20:58:08,317 - WARNING - Failed item: {'index': {'_index': 'periodic-table-hybrid-search', '_id': '4cbd7dca-73e7-4704-9444-14061d07b62f', 'status': 400, 'error': {'type': 'document_parsing_exception', 'reason': "[1:17630] failed to parse: The [dense_vector] field [embedding] in doc [document with id '4cbd7dca-73e7-4704-9444-14061d07b62f'] has a different number of dimensions [768] than defined in the mapping [1024]", 'caused_by': {'type': 'illegal_argument_exception', 'reason': "The [dense_vector] field [embedding] in doc [document with id '4cbd7dca-73e7-4704-9444-14061d07b62f'] has a different number of dimensions [768] than defined in the mapping [1024]"}}}}
2025-11-05 20:58:08,317 - WARNING - Failed item: {'index': {'_index': 'periodic-table-hybrid-search', '_id': '41b36ff9-e37b-4790-909f-91394c3bf184', 'status': 400, 'error': {'type': 'document_parsing_exception', 'reason': "[1:17157] failed to parse: The [dense_vector] field [embedding] in doc [document with id '41b36ff9-e37b-4790-909f-91394c3bf184'] has a different number of dimensions [768] than defined in the mapping [1024]", 'caused_by': {'type': 'illegal_argument_exception', 'reason': "The [dense_vector] field [embedding] in doc [document with id '41b36ff9-e37b-4790-909f-91394c3bf184'] has a different number of dimensions [768] than defined in the mapping [1024]"}}}}
2025-11-05 20:58:08,317 - WARNING - Failed item: {'index': {'_index': 'periodic-table-hybrid-search', '_id': 'ea52d3b8-591e-49c1-b24d-d870ce33ce8f', 'status': 400, 'error': {'type': 'document_parsing_exception', 'reason': "[1:17037] failed to parse: The [dense_vector] field [embedding] in doc [document with id 'ea52d3b8-591e-49c1-b24d-d870ce33ce8f'] has a different number of dimensions [768] than defined in the mapping [1024]", 'caused_by': {'type': 'illegal_argument_exception', 'reason': "The [dense_vector] field [embedding] in doc [document with id 'ea52d3b8-591e-49c1-b24d-d870ce33ce8f'] has a different number of dimensions [768] than defined in the mapping [1024]"}}}}
2025-11-05 20:58:08,317 - WARNING - Failed item: {'index': {'_index': 'periodic-table-hybrid-search', '_id': 'ae4ccf4d-9fd1-466d-b488-c9a3b1d6f74d', 'status': 400, 'error': {'type': 'document_parsing_exception', 'reason': "[1:28188] failed to parse: The [dense_vector] field [embedding] in doc [document with id 'ae4ccf4d-9fd1-466d-b488-c9a3b1d6f74d'] has a different number of dimensions [768] than defined in the mapping [1024]", 'caused_by': {'type': 'illegal_argument_exception', 'reason': "The [dense_vector] field [embedding] in doc [document with id 'ae4ccf4d-9fd1-466d-b488-c9a3b1d6f74d'] has a different number of dimensions [768] than defined in the mapping [1024]"}}}}
2025-11-05 20:58:08,317 - WARNING - Failed item: {'index': {'_index': 'periodic-table-hybrid-search', '_id': 'bc5a2435-8fc3-479b-9d1c-8fd0c00be7a9', 'status': 400, 'error': {'type': 'document_parsing_exception', 'reason': "[1:19641] failed to parse: The [dense_vector] field [embedding] in doc [document with id 'bc5a2435-8fc3-479b-9d1c-8fd0c00be7a9'] has a different number of dimensions [768] than defined in the mapping [1024]", 'caused_by': {'type': 'illegal_argument_exception', 'reason': "The [dense_vector] field [embedding] in doc [document with id 'bc5a2435-8fc3-479b-9d1c-8fd0c00be7a9'] has a different number of dimensions [768] than defined in the mapping [1024]"}}}}
2025-11-05 20:58:08,318 - WARNING - Failed item: {'index': {'_index': 'periodic-table-hybrid-search', '_id': '88eacfa2-45f9-4a8d-9f76-723669c4db46', 'status': 400, 'error': {'type': 'document_parsing_exception', 'reason': "[1:17300] failed to parse: The [dense_vector] field [embedding] in doc [document with id '88eacfa2-45f9-4a8d-9f76-723669c4db46'] has a different number of dimensions [768] than defined in the mapping [1024]", 'caused_by': {'type': 'illegal_argument_exception', 'reason': "The [dense_vector] field [embedding] in doc [document with id '88eacfa2-45f9-4a8d-9f76-723669c4db46'] has a different number of dimensions [768] than defined in the mapping [1024]"}}}}
2025-11-05 20:58:08,318 - WARNING - Failed item: {'index': {'_index': 'periodic-table-hybrid-search', '_id': '2807fd9a-c45e-4021-85bc-4c56dcce8abb', 'status': 400, 'error': {'type': 'document_parsing_exception', 'reason': "[1:17217] failed to parse: The [dense_vector] field [embedding] in doc [document with id '2807fd9a-c45e-4021-85bc-4c56dcce8abb'] has a different number of dimensions [768] than defined in the mapping [1024]", 'caused_by': {'type': 'illegal_argument_exception', 'reason': "The [dense_vector] field [embedding] in doc [document with id '2807fd9a-c45e-4021-85bc-4c56dcce8abb'] has a different number of dimensions [768] than defined in the mapping [1024]"}}}}
2025-11-05 20:58:08,318 - WARNING - Failed item: {'index': {'_index': 'periodic-table-hybrid-search', '_id': '11d42524-e033-4ed5-b1dd-e57469105f1b', 'status': 400, 'error': {'type': 'document_parsing_exception', 'reason': "[1:17239] failed to parse: The [dense_vector] field [embedding] in doc [document with id '11d42524-e033-4ed5-b1dd-e57469105f1b'] has a different number of dimensions [768] than defined in the mapping [1024]", 'caused_by': {'type': 'illegal_argument_exception', 'reason': "The [dense_vector] field [embedding] in doc [document with id '11d42524-e033-4ed5-b1dd-e57469105f1b'] has a different number of dimensions [768] than defined in the mapping [1024]"}}}}
2025-11-05 20:58:08,318 - WARNING - Failed item: {'index': {'_index': 'periodic-table-hybrid-search', '_id': '891a1bf7-d21b-4107-938a-cd79011e57bd', 'status': 400, 'error': {'type': 'document_parsing_exception', 'reason': "[1:17308] failed to parse: The [dense_vector] field [embedding] in doc [document with id '891a1bf7-d21b-4107-938a-cd79011e57bd'] has a different number of dimensions [768] than defined in the mapping [1024]", 'caused_by': {'type': 'illegal_argument_exception', 'reason': "The [dense_vector] field [embedding] in doc [document with id '891a1bf7-d21b-4107-938a-cd79011e57bd'] has a different number of dimensions [768] than defined in the mapping [1024]"}}}}
2025-11-05 20:58:08,318 - WARNING - Failed item: {'index': {'_index': 'periodic-table-hybrid-search', '_id': '24adbde3-0d20-4881-990d-d52502093802', 'status': 400, 'error': {'type': 'document_parsing_exception', 'reason': "[1:16810] failed to parse: The [dense_vector] field [embedding] in doc [document with id '24adbde3-0d20-4881-990d-d52502093802'] has a different number of dimensions [768] than defined in the mapping [1024]", 'caused_by': {'type': 'illegal_argument_exception', 'reason': "The [dense_vector] field [embedding] in doc [document with id '24adbde3-0d20-4881-990d-d52502093802'] has a different number of dimensions [768] than defined in the mapping [1024]"}}}}
2025-11-05 20:58:08,318 - WARNING - Failed item: {'index': {'_index': 'periodic-table-hybrid-search', '_id': '863ff90e-5349-4302-b742-966e902d9ddb', 'status': 400, 'error': {'type': 'document_parsing_exception', 'reason': "[1:19117] failed to parse: The [dense_vector] field [embedding] in doc [document with id '863ff90e-5349-4302-b742-966e902d9ddb'] has a different number of dimensions [768] than defined in the mapping [1024]", 'caused_by': {'type': 'illegal_argument_exception', 'reason': "The [dense_vector] field [embedding] in doc [document with id '863ff90e-5349-4302-b742-966e902d9ddb'] has a different number of dimensions [768] than defined in the mapping [1024]"}}}}
2025-11-05 20:58:08,318 - WARNING - Failed item: {'index': {'_index': 'periodic-table-hybrid-search', '_id': '2bf0564e-3acc-4fff-b8fc-6ddb6b68efce', 'status': 400, 'error': {'type': 'document_parsing_exception', 'reason': "[1:17335] failed to parse: The [dense_vector] field [embedding] in doc [document with id '2bf0564e-3acc-4fff-b8fc-6ddb6b68efce'] has a different number of dimensions [768] than defined in the mapping [1024]", 'caused_by': {'type': 'illegal_argument_exception', 'reason': "The [dense_vector] field [embedding] in doc [document with id '2bf0564e-3acc-4fff-b8fc-6ddb6b68efce'] has a different number of dimensions [768] than defined in the mapping [1024]"}}}}
2025-11-05 20:58:08,318 - WARNING - Failed item: {'index': {'_index': 'periodic-table-hybrid-search', '_id': '002b13d9-2313-4a29-b023-e11dd9de7d99', 'status': 400, 'error': {'type': 'document_parsing_exception', 'reason': "[1:17252] failed to parse: The [dense_vector] field [embedding] in doc [document with id '002b13d9-2313-4a29-b023-e11dd9de7d99'] has a different number of dimensions [768] than defined in the mapping [1024]", 'caused_by': {'type': 'illegal_argument_exception', 'reason': "The [dense_vector] field [embedding] in doc [document with id '002b13d9-2313-4a29-b023-e11dd9de7d99'] has a different number of dimensions [768] than defined in the mapping [1024]"}}}}
2025-11-05 20:58:08,318 - WARNING - Failed item: {'index': {'_index': 'periodic-table-hybrid-search', '_id': '9f19b3a0-0a92-4b48-92d6-6de3e5fd4779', 'status': 400, 'error': {'type': 'document_parsing_exception', 'reason': "[1:17199] failed to parse: The [dense_vector] field [embedding] in doc [document with id '9f19b3a0-0a92-4b48-92d6-6de3e5fd4779'] has a different number of dimensions [768] than defined in the mapping [1024]", 'caused_by': {'type': 'illegal_argument_exception', 'reason': "The [dense_vector] field [embedding] in doc [document with id '9f19b3a0-0a92-4b48-92d6-6de3e5fd4779'] has a different number of dimensions [768] than defined in the mapping [1024]"}}}}
2025-11-05 20:58:08,318 - WARNING - Failed item: {'index': {'_index': 'periodic-table-hybrid-search', '_id': '8ca15a5d-8bf8-4cc1-9efa-f8424893cc6a', 'status': 400, 'error': {'type': 'document_parsing_exception', 'reason': "[1:16792] failed to parse: The [dense_vector] field [embedding] in doc [document with id '8ca15a5d-8bf8-4cc1-9efa-f8424893cc6a'] has a different number of dimensions [768] than defined in the mapping [1024]", 'caused_by': {'type': 'illegal_argument_exception', 'reason': "The [dense_vector] field [embedding] in doc [document with id '8ca15a5d-8bf8-4cc1-9efa-f8424893cc6a'] has a different number of dimensions [768] than defined in the mapping [1024]"}}}}
2025-11-05 20:58:08,318 - WARNING - Failed item: {'index': {'_index': 'periodic-table-hybrid-search', '_id': 'e0efc070-1b0a-4e37-8f0d-ea75db39def7', 'status': 400, 'error': {'type': 'document_parsing_exception', 'reason': "[1:16628] failed to parse: The [dense_vector] field [embedding] in doc [document with id 'e0efc070-1b0a-4e37-8f0d-ea75db39def7'] has a different number of dimensions [768] than defined in the mapping [1024]", 'caused_by': {'type': 'illegal_argument_exception', 'reason': "The [dense_vector] field [embedding] in doc [document with id 'e0efc070-1b0a-4e37-8f0d-ea75db39def7'] has a different number of dimensions [768] than defined in the mapping [1024]"}}}}
2025-11-05 20:58:08,318 - WARNING - Failed item: {'index': {'_index': 'periodic-table-hybrid-search', '_id': '71fd4601-d5e1-4e15-9e3c-5a2f743afc84', 'status': 400, 'error': {'type': 'document_parsing_exception', 'reason': "[1:19309] failed to parse: The [dense_vector] field [embedding] in doc [document with id '71fd4601-d5e1-4e15-9e3c-5a2f743afc84'] has a different number of dimensions [768] than defined in the mapping [1024]", 'caused_by': {'type': 'illegal_argument_exception', 'reason': "The [dense_vector] field [embedding] in doc [document with id '71fd4601-d5e1-4e15-9e3c-5a2f743afc84'] has a different number of dimensions [768] than defined in the mapping [1024]"}}}}
2025-11-05 20:58:08,318 - WARNING - Failed item: {'index': {'_index': 'periodic-table-hybrid-search', '_id': 'b7131fdb-ed36-4f1f-a55d-53cb4b34d8b5', 'status': 400, 'error': {'type': 'document_parsing_exception', 'reason': "[1:17076] failed to parse: The [dense_vector] field [embedding] in doc [document with id 'b7131fdb-ed36-4f1f-a55d-53cb4b34d8b5'] has a different number of dimensions [768] than defined in the mapping [1024]", 'caused_by': {'type': 'illegal_argument_exception', 'reason': "The [dense_vector] field [embedding] in doc [document with id 'b7131fdb-ed36-4f1f-a55d-53cb4b34d8b5'] has a different number of dimensions [768] than defined in the mapping [1024]"}}}}
2025-11-05 20:58:08,318 - WARNING - Failed item: {'index': {'_index': 'periodic-table-hybrid-search', '_id': '8dff0e6d-b14b-4420-925c-5e2c88409167', 'status': 400, 'error': {'type': 'document_parsing_exception', 'reason': "[1:17326] failed to parse: The [dense_vector] field [embedding] in doc [document with id '8dff0e6d-b14b-4420-925c-5e2c88409167'] has a different number of dimensions [768] than defined in the mapping [1024]", 'caused_by': {'type': 'illegal_argument_exception', 'reason': "The [dense_vector] field [embedding] in doc [document with id '8dff0e6d-b14b-4420-925c-5e2c88409167'] has a different number of dimensions [768] than defined in the mapping [1024]"}}}}
2025-11-05 20:58:08,318 - WARNING - Failed item: {'index': {'_index': 'periodic-table-hybrid-search', '_id': '52e4cc14-4512-4b0a-99c0-17497ecf484b', 'status': 400, 'error': {'type': 'document_parsing_exception', 'reason': "[1:17238] failed to parse: The [dense_vector] field [embedding] in doc [document with id '52e4cc14-4512-4b0a-99c0-17497ecf484b'] has a different number of dimensions [768] than defined in the mapping [1024]", 'caused_by': {'type': 'illegal_argument_exception', 'reason': "The [dense_vector] field [embedding] in doc [document with id '52e4cc14-4512-4b0a-99c0-17497ecf484b'] has a different number of dimensions [768] than defined in the mapping [1024]"}}}}
2025-11-05 20:58:08,318 - WARNING - Failed item: {'index': {'_index': 'periodic-table-hybrid-search', '_id': 'a8a9526c-7115-4b4c-9732-ba685d0f9800', 'status': 400, 'error': {'type': 'document_parsing_exception', 'reason': "[1:17277] failed to parse: The [dense_vector] field [embedding] in doc [document with id 'a8a9526c-7115-4b4c-9732-ba685d0f9800'] has a different number of dimensions [768] than defined in the mapping [1024]", 'caused_by': {'type': 'illegal_argument_exception', 'reason': "The [dense_vector] field [embedding] in doc [document with id 'a8a9526c-7115-4b4c-9732-ba685d0f9800'] has a different number of dimensions [768] than defined in the mapping [1024]"}}}}
2025-11-05 20:58:08,318 - WARNING - Failed item: {'index': {'_index': 'periodic-table-hybrid-search', '_id': '334a4b50-10da-4f57-afa1-412db46f3dae', 'status': 400, 'error': {'type': 'document_parsing_exception', 'reason': "[1:16619] failed to parse: The [dense_vector] field [embedding] in doc [document with id '334a4b50-10da-4f57-afa1-412db46f3dae'] has a different number of dimensions [768] than defined in the mapping [1024]", 'caused_by': {'type': 'illegal_argument_exception', 'reason': "The [dense_vector] field [embedding] in doc [document with id '334a4b50-10da-4f57-afa1-412db46f3dae'] has a different number of dimensions [768] than defined in the mapping [1024]"}}}}
2025-11-05 20:58:08,318 - WARNING - Failed item: {'index': {'_index': 'periodic-table-hybrid-search', '_id': '8c7cd4cb-531d-4246-acb9-bdc5c3e5924b', 'status': 400, 'error': {'type': 'document_parsing_exception', 'reason': "[1:19340] failed to parse: The [dense_vector] field [embedding] in doc [document with id '8c7cd4cb-531d-4246-acb9-bdc5c3e5924b'] has a different number of dimensions [768] than defined in the mapping [1024]", 'caused_by': {'type': 'illegal_argument_exception', 'reason': "The [dense_vector] field [embedding] in doc [document with id '8c7cd4cb-531d-4246-acb9-bdc5c3e5924b'] has a different number of dimensions [768] than defined in the mapping [1024]"}}}}
2025-11-05 20:58:08,318 - WARNING - Failed item: {'index': {'_index': 'periodic-table-hybrid-search', '_id': '42ecb078-9dce-4065-ad6f-70f6e49f5e89', 'status': 400, 'error': {'type': 'document_parsing_exception', 'reason': "[1:17037] failed to parse: The [dense_vector] field [embedding] in doc [document with id '42ecb078-9dce-4065-ad6f-70f6e49f5e89'] has a different number of dimensions [768] than defined in the mapping [1024]", 'caused_by': {'type': 'illegal_argument_exception', 'reason': "The [dense_vector] field [embedding] in doc [document with id '42ecb078-9dce-4065-ad6f-70f6e49f5e89'] has a different number of dimensions [768] than defined in the mapping [1024]"}}}}
2025-11-05 20:58:08,318 - WARNING - Failed item: {'index': {'_index': 'periodic-table-hybrid-search', '_id': 'd6ef2829-5dd5-4a59-b340-293c32ea3a06', 'status': 400, 'error': {'type': 'document_parsing_exception', 'reason': "[1:17210] failed to parse: The [dense_vector] field [embedding] in doc [document with id 'd6ef2829-5dd5-4a59-b340-293c32ea3a06'] has a different number of dimensions [768] than defined in the mapping [1024]", 'caused_by': {'type': 'illegal_argument_exception', 'reason': "The [dense_vector] field [embedding] in doc [document with id 'd6ef2829-5dd5-4a59-b340-293c32ea3a06'] has a different number of dimensions [768] than defined in the mapping [1024]"}}}}
2025-11-05 20:58:08,318 - WARNING - Failed item: {'index': {'_index': 'periodic-table-hybrid-search', '_id': 'a5ea5857-1bdb-4803-aad9-0904d973733a', 'status': 400, 'error': {'type': 'document_parsing_exception', 'reason': "[1:17281] failed to parse: The [dense_vector] field [embedding] in doc [document with id 'a5ea5857-1bdb-4803-aad9-0904d973733a'] has a different number of dimensions [768] than defined in the mapping [1024]", 'caused_by': {'type': 'illegal_argument_exception', 'reason': "The [dense_vector] field [embedding] in doc [document with id 'a5ea5857-1bdb-4803-aad9-0904d973733a'] has a different number of dimensions [768] than defined in the mapping [1024]"}}}}
2025-11-05 20:58:08,318 - WARNING - Failed item: {'index': {'_index': 'periodic-table-hybrid-search', '_id': 'cca838d8-e31b-4f09-9a3f-8dd70daa0f1f', 'status': 400, 'error': {'type': 'document_parsing_exception', 'reason': "[1:17224] failed to parse: The [dense_vector] field [embedding] in doc [document with id 'cca838d8-e31b-4f09-9a3f-8dd70daa0f1f'] has a different number of dimensions [768] than defined in the mapping [1024]", 'caused_by': {'type': 'illegal_argument_exception', 'reason': "The [dense_vector] field [embedding] in doc [document with id 'cca838d8-e31b-4f09-9a3f-8dd70daa0f1f'] has a different number of dimensions [768] than defined in the mapping [1024]"}}}}
2025-11-05 20:58:08,318 - WARNING - Failed item: {'index': {'_index': 'periodic-table-hybrid-search', '_id': 'eb040271-760d-4199-b042-16315e0a804a', 'status': 400, 'error': {'type': 'document_parsing_exception', 'reason': "[1:16740] failed to parse: The [dense_vector] field [embedding] in doc [document with id 'eb040271-760d-4199-b042-16315e0a804a'] has a different number of dimensions [768] than defined in the mapping [1024]", 'caused_by': {'type': 'illegal_argument_exception', 'reason': "The [dense_vector] field [embedding] in doc [document with id 'eb040271-760d-4199-b042-16315e0a804a'] has a different number of dimensions [768] than defined in the mapping [1024]"}}}}
2025-11-05 20:58:08,318 - WARNING - Failed item: {'index': {'_index': 'periodic-table-hybrid-search', '_id': '3c5bcebe-8c56-4699-8f62-6f27216d639c', 'status': 400, 'error': {'type': 'document_parsing_exception', 'reason': "[1:17718] failed to parse: The [dense_vector] field [embedding] in doc [document with id '3c5bcebe-8c56-4699-8f62-6f27216d639c'] has a different number of dimensions [768] than defined in the mapping [1024]", 'caused_by': {'type': 'illegal_argument_exception', 'reason': "The [dense_vector] field [embedding] in doc [document with id '3c5bcebe-8c56-4699-8f62-6f27216d639c'] has a different number of dimensions [768] than defined in the mapping [1024]"}}}}
2025-11-05 20:58:08,318 - WARNING - Failed item: {'index': {'_index': 'periodic-table-hybrid-search', '_id': '973a7772-f1d7-4a58-a7be-b17c088c4c8d', 'status': 400, 'error': {'type': 'document_parsing_exception', 'reason': "[1:17189] failed to parse: The [dense_vector] field [embedding] in doc [document with id '973a7772-f1d7-4a58-a7be-b17c088c4c8d'] has a different number of dimensions [768] than defined in the mapping [1024]", 'caused_by': {'type': 'illegal_argument_exception', 'reason': "The [dense_vector] field [embedding] in doc [document with id '973a7772-f1d7-4a58-a7be-b17c088c4c8d'] has a different number of dimensions [768] than defined in the mapping [1024]"}}}}
2025-11-05 20:58:08,318 - WARNING - Failed item: {'index': {'_index': 'periodic-table-hybrid-search', '_id': '94857336-b470-4751-bdba-ba84f6da60d5', 'status': 400, 'error': {'type': 'document_parsing_exception', 'reason': "[1:17021] failed to parse: The [dense_vector] field [embedding] in doc [document with id '94857336-b470-4751-bdba-ba84f6da60d5'] has a different number of dimensions [768] than defined in the mapping [1024]", 'caused_by': {'type': 'illegal_argument_exception', 'reason': "The [dense_vector] field [embedding] in doc [document with id '94857336-b470-4751-bdba-ba84f6da60d5'] has a different number of dimensions [768] than defined in the mapping [1024]"}}}}
2025-11-05 20:58:08,318 - WARNING - Failed item: {'index': {'_index': 'periodic-table-hybrid-search', '_id': '864fdb4b-4bad-48a0-be00-564e04b4da59', 'status': 400, 'error': {'type': 'document_parsing_exception', 'reason': "[1:28228] failed to parse: The [dense_vector] field [embedding] in doc [document with id '864fdb4b-4bad-48a0-be00-564e04b4da59'] has a different number of dimensions [768] than defined in the mapping [1024]", 'caused_by': {'type': 'illegal_argument_exception', 'reason': "The [dense_vector] field [embedding] in doc [document with id '864fdb4b-4bad-48a0-be00-564e04b4da59'] has a different number of dimensions [768] than defined in the mapping [1024]"}}}}
2025-11-05 20:58:08,318 - WARNING - Failed item: {'index': {'_index': 'periodic-table-hybrid-search', '_id': '3c5f720b-0e60-40cf-971e-f7cdfc87ba31', 'status': 400, 'error': {'type': 'document_parsing_exception', 'reason': "[1:19112] failed to parse: The [dense_vector] field [embedding] in doc [document with id '3c5f720b-0e60-40cf-971e-f7cdfc87ba31'] has a different number of dimensions [768] than defined in the mapping [1024]", 'caused_by': {'type': 'illegal_argument_exception', 'reason': "The [dense_vector] field [embedding] in doc [document with id '3c5f720b-0e60-40cf-971e-f7cdfc87ba31'] has a different number of dimensions [768] than defined in the mapping [1024]"}}}}
2025-11-05 20:58:08,318 - WARNING - Failed item: {'index': {'_index': 'periodic-table-hybrid-search', '_id': '73686557-4a70-4e2a-a808-5763d54ab4f3', 'status': 400, 'error': {'type': 'document_parsing_exception', 'reason': "[1:17189] failed to parse: The [dense_vector] field [embedding] in doc [document with id '73686557-4a70-4e2a-a808-5763d54ab4f3'] has a different number of dimensions [768] than defined in the mapping [1024]", 'caused_by': {'type': 'illegal_argument_exception', 'reason': "The [dense_vector] field [embedding] in doc [document with id '73686557-4a70-4e2a-a808-5763d54ab4f3'] has a different number of dimensions [768] than defined in the mapping [1024]"}}}}
2025-11-05 20:58:08,318 - WARNING - Failed item: {'index': {'_index': 'periodic-table-hybrid-search', '_id': '50772d4f-5c5b-4c7d-a702-4759c5dfd8e8', 'status': 400, 'error': {'type': 'document_parsing_exception', 'reason': "[1:17224] failed to parse: The [dense_vector] field [embedding] in doc [document with id '50772d4f-5c5b-4c7d-a702-4759c5dfd8e8'] has a different number of dimensions [768] than defined in the mapping [1024]", 'caused_by': {'type': 'illegal_argument_exception', 'reason': "The [dense_vector] field [embedding] in doc [document with id '50772d4f-5c5b-4c7d-a702-4759c5dfd8e8'] has a different number of dimensions [768] than defined in the mapping [1024]"}}}}
2025-11-05 20:58:08,318 - WARNING - Failed item: {'index': {'_index': 'periodic-table-hybrid-search', '_id': '6994b220-51b3-4b0e-a01e-34572d537b3e', 'status': 400, 'error': {'type': 'document_parsing_exception', 'reason': "[1:17126] failed to parse: The [dense_vector] field [embedding] in doc [document with id '6994b220-51b3-4b0e-a01e-34572d537b3e'] has a different number of dimensions [768] than defined in the mapping [1024]", 'caused_by': {'type': 'illegal_argument_exception', 'reason': "The [dense_vector] field [embedding] in doc [document with id '6994b220-51b3-4b0e-a01e-34572d537b3e'] has a different number of dimensions [768] than defined in the mapping [1024]"}}}}
2025-11-05 20:58:08,319 - WARNING - Failed item: {'index': {'_index': 'periodic-table-hybrid-search', '_id': 'a9de7892-1e39-43c2-a1bc-f3c614eebab1', 'status': 400, 'error': {'type': 'document_parsing_exception', 'reason': "[1:17072] failed to parse: The [dense_vector] field [embedding] in doc [document with id 'a9de7892-1e39-43c2-a1bc-f3c614eebab1'] has a different number of dimensions [768] than defined in the mapping [1024]", 'caused_by': {'type': 'illegal_argument_exception', 'reason': "The [dense_vector] field [embedding] in doc [document with id 'a9de7892-1e39-43c2-a1bc-f3c614eebab1'] has a different number of dimensions [768] than defined in the mapping [1024]"}}}}
2025-11-05 20:58:08,319 - WARNING - Failed item: {'index': {'_index': 'periodic-table-hybrid-search', '_id': '366e3569-bc79-49ab-bd81-fed826c561ef', 'status': 400, 'error': {'type': 'document_parsing_exception', 'reason': "[1:16653] failed to parse: The [dense_vector] field [embedding] in doc [document with id '366e3569-bc79-49ab-bd81-fed826c561ef'] has a different number of dimensions [768] than defined in the mapping [1024]", 'caused_by': {'type': 'illegal_argument_exception', 'reason': "The [dense_vector] field [embedding] in doc [document with id '366e3569-bc79-49ab-bd81-fed826c561ef'] has a different number of dimensions [768] than defined in the mapping [1024]"}}}}
2025-11-05 20:58:08,319 - WARNING - Failed item: {'index': {'_index': 'periodic-table-hybrid-search', '_id': '08ad04b8-71d3-48ac-93e9-4b2a8e925b8a', 'status': 400, 'error': {'type': 'document_parsing_exception', 'reason': "[1:19547] failed to parse: The [dense_vector] field [embedding] in doc [document with id '08ad04b8-71d3-48ac-93e9-4b2a8e925b8a'] has a different number of dimensions [768] than defined in the mapping [1024]", 'caused_by': {'type': 'illegal_argument_exception', 'reason': "The [dense_vector] field [embedding] in doc [document with id '08ad04b8-71d3-48ac-93e9-4b2a8e925b8a'] has a different number of dimensions [768] than defined in the mapping [1024]"}}}}
2025-11-05 20:58:08,319 - WARNING - Failed item: {'index': {'_index': 'periodic-table-hybrid-search', '_id': '15a61d1c-5223-4f66-895a-5e90accb2fb2', 'status': 400, 'error': {'type': 'document_parsing_exception', 'reason': "[1:17092] failed to parse: The [dense_vector] field [embedding] in doc [document with id '15a61d1c-5223-4f66-895a-5e90accb2fb2'] has a different number of dimensions [768] than defined in the mapping [1024]", 'caused_by': {'type': 'illegal_argument_exception', 'reason': "The [dense_vector] field [embedding] in doc [document with id '15a61d1c-5223-4f66-895a-5e90accb2fb2'] has a different number of dimensions [768] than defined in the mapping [1024]"}}}}
2025-11-05 20:58:08,319 - WARNING - Failed item: {'index': {'_index': 'periodic-table-hybrid-search', '_id': '12c707c8-243b-4016-82b4-8525273693ad', 'status': 400, 'error': {'type': 'document_parsing_exception', 'reason': "[1:17268] failed to parse: The [dense_vector] field [embedding] in doc [document with id '12c707c8-243b-4016-82b4-8525273693ad'] has a different number of dimensions [768] than defined in the mapping [1024]", 'caused_by': {'type': 'illegal_argument_exception', 'reason': "The [dense_vector] field [embedding] in doc [document with id '12c707c8-243b-4016-82b4-8525273693ad'] has a different number of dimensions [768] than defined in the mapping [1024]"}}}}
2025-11-05 20:58:08,319 - WARNING - Failed item: {'index': {'_index': 'periodic-table-hybrid-search', '_id': '400bbc33-490c-4ff0-b2ae-99c1e6d541bb', 'status': 400, 'error': {'type': 'document_parsing_exception', 'reason': "[1:17223] failed to parse: The [dense_vector] field [embedding] in doc [document with id '400bbc33-490c-4ff0-b2ae-99c1e6d541bb'] has a different number of dimensions [768] than defined in the mapping [1024]", 'caused_by': {'type': 'illegal_argument_exception', 'reason': "The [dense_vector] field [embedding] in doc [document with id '400bbc33-490c-4ff0-b2ae-99c1e6d541bb'] has a different number of dimensions [768] than defined in the mapping [1024]"}}}}
2025-11-05 20:58:08,319 - WARNING - Failed item: {'index': {'_index': 'periodic-table-hybrid-search', '_id': '3cf46d90-997c-4d2a-aefb-e6a2144d5d53', 'status': 400, 'error': {'type': 'document_parsing_exception', 'reason': "[1:17317] failed to parse: The [dense_vector] field [embedding] in doc [document with id '3cf46d90-997c-4d2a-aefb-e6a2144d5d53'] has a different number of dimensions [768] than defined in the mapping [1024]", 'caused_by': {'type': 'illegal_argument_exception', 'reason': "The [dense_vector] field [embedding] in doc [document with id '3cf46d90-997c-4d2a-aefb-e6a2144d5d53'] has a different number of dimensions [768] than defined in the mapping [1024]"}}}}
2025-11-05 20:58:08,319 - WARNING - Failed item: {'index': {'_index': 'periodic-table-hybrid-search', '_id': 'b39482d8-8efe-46b9-b52c-21951fac7820', 'status': 400, 'error': {'type': 'document_parsing_exception', 'reason': "[1:16773] failed to parse: The [dense_vector] field [embedding] in doc [document with id 'b39482d8-8efe-46b9-b52c-21951fac7820'] has a different number of dimensions [768] than defined in the mapping [1024]", 'caused_by': {'type': 'illegal_argument_exception', 'reason': "The [dense_vector] field [embedding] in doc [document with id 'b39482d8-8efe-46b9-b52c-21951fac7820'] has a different number of dimensions [768] than defined in the mapping [1024]"}}}}
2025-11-05 20:58:08,319 - WARNING - Failed item: {'index': {'_index': 'periodic-table-hybrid-search', '_id': '2a52594e-2af6-45cd-922b-034657fa17c6', 'status': 400, 'error': {'type': 'document_parsing_exception', 'reason': "[1:19554] failed to parse: The [dense_vector] field [embedding] in doc [document with id '2a52594e-2af6-45cd-922b-034657fa17c6'] has a different number of dimensions [768] than defined in the mapping [1024]", 'caused_by': {'type': 'illegal_argument_exception', 'reason': "The [dense_vector] field [embedding] in doc [document with id '2a52594e-2af6-45cd-922b-034657fa17c6'] has a different number of dimensions [768] than defined in the mapping [1024]"}}}}
2025-11-05 20:58:08,319 - WARNING - Failed item: {'index': {'_index': 'periodic-table-hybrid-search', '_id': '6278fd63-a2d2-4a6c-bbb4-76dfb9c92710', 'status': 400, 'error': {'type': 'document_parsing_exception', 'reason': "[1:17344] failed to parse: The [dense_vector] field [embedding] in doc [document with id '6278fd63-a2d2-4a6c-bbb4-76dfb9c92710'] has a different number of dimensions [768] than defined in the mapping [1024]", 'caused_by': {'type': 'illegal_argument_exception', 'reason': "The [dense_vector] field [embedding] in doc [document with id '6278fd63-a2d2-4a6c-bbb4-76dfb9c92710'] has a different number of dimensions [768] than defined in the mapping [1024]"}}}}
2025-11-05 20:58:08,319 - WARNING - Failed item: {'index': {'_index': 'periodic-table-hybrid-search', '_id': 'e1965922-574c-4174-a2aa-268967bcbd28', 'status': 400, 'error': {'type': 'document_parsing_exception', 'reason': "[1:17233] failed to parse: The [dense_vector] field [embedding] in doc [document with id 'e1965922-574c-4174-a2aa-268967bcbd28'] has a different number of dimensions [768] than defined in the mapping [1024]", 'caused_by': {'type': 'illegal_argument_exception', 'reason': "The [dense_vector] field [embedding] in doc [document with id 'e1965922-574c-4174-a2aa-268967bcbd28'] has a different number of dimensions [768] than defined in the mapping [1024]"}}}}
2025-11-05 20:58:08,319 - WARNING - Failed item: {'index': {'_index': 'periodic-table-hybrid-search', '_id': 'b9712239-ba49-4254-9e87-4c7cee7b4ab7', 'status': 400, 'error': {'type': 'document_parsing_exception', 'reason': "[1:17296] failed to parse: The [dense_vector] field [embedding] in doc [document with id 'b9712239-ba49-4254-9e87-4c7cee7b4ab7'] has a different number of dimensions [768] than defined in the mapping [1024]", 'caused_by': {'type': 'illegal_argument_exception', 'reason': "The [dense_vector] field [embedding] in doc [document with id 'b9712239-ba49-4254-9e87-4c7cee7b4ab7'] has a different number of dimensions [768] than defined in the mapping [1024]"}}}}
2025-11-05 20:58:08,319 - WARNING - Failed item: {'index': {'_index': 'periodic-table-hybrid-search', '_id': '50c21c66-d31c-4511-a6b8-a32cda1a473f', 'status': 400, 'error': {'type': 'document_parsing_exception', 'reason': "[1:17164] failed to parse: The [dense_vector] field [embedding] in doc [document with id '50c21c66-d31c-4511-a6b8-a32cda1a473f'] has a different number of dimensions [768] than defined in the mapping [1024]", 'caused_by': {'type': 'illegal_argument_exception', 'reason': "The [dense_vector] field [embedding] in doc [document with id '50c21c66-d31c-4511-a6b8-a32cda1a473f'] has a different number of dimensions [768] than defined in the mapping [1024]"}}}}
2025-11-05 20:58:08,319 - WARNING - Failed item: {'index': {'_index': 'periodic-table-hybrid-search', '_id': '4c968aaa-b584-4a7d-8382-adaa47257282', 'status': 400, 'error': {'type': 'document_parsing_exception', 'reason': "[1:16693] failed to parse: The [dense_vector] field [embedding] in doc [document with id '4c968aaa-b584-4a7d-8382-adaa47257282'] has a different number of dimensions [768] than defined in the mapping [1024]", 'caused_by': {'type': 'illegal_argument_exception', 'reason': "The [dense_vector] field [embedding] in doc [document with id '4c968aaa-b584-4a7d-8382-adaa47257282'] has a different number of dimensions [768] than defined in the mapping [1024]"}}}}
2025-11-05 20:58:08,319 - WARNING - Failed item: {'index': {'_index': 'periodic-table-hybrid-search', '_id': '2afc306f-a1e3-4b7b-98b4-11810a24b370', 'status': 400, 'error': {'type': 'document_parsing_exception', 'reason': "[1:19408] failed to parse: The [dense_vector] field [embedding] in doc [document with id '2afc306f-a1e3-4b7b-98b4-11810a24b370'] has a different number of dimensions [768] than defined in the mapping [1024]", 'caused_by': {'type': 'illegal_argument_exception', 'reason': "The [dense_vector] field [embedding] in doc [document with id '2afc306f-a1e3-4b7b-98b4-11810a24b370'] has a different number of dimensions [768] than defined in the mapping [1024]"}}}}
2025-11-05 20:58:08,319 - WARNING - Failed item: {'index': {'_index': 'periodic-table-hybrid-search', '_id': '616ed882-3aa2-4e1f-b8a2-8bf138d950b4', 'status': 400, 'error': {'type': 'document_parsing_exception', 'reason': "[1:17156] failed to parse: The [dense_vector] field [embedding] in doc [document with id '616ed882-3aa2-4e1f-b8a2-8bf138d950b4'] has a different number of dimensions [768] than defined in the mapping [1024]", 'caused_by': {'type': 'illegal_argument_exception', 'reason': "The [dense_vector] field [embedding] in doc [document with id '616ed882-3aa2-4e1f-b8a2-8bf138d950b4'] has a different number of dimensions [768] than defined in the mapping [1024]"}}}}
2025-11-05 20:58:08,319 - WARNING - Failed item: {'index': {'_index': 'periodic-table-hybrid-search', '_id': '20a54c93-9256-42da-99c6-63f475ce05df', 'status': 400, 'error': {'type': 'document_parsing_exception', 'reason': "[1:17245] failed to parse: The [dense_vector] field [embedding] in doc [document with id '20a54c93-9256-42da-99c6-63f475ce05df'] has a different number of dimensions [768] than defined in the mapping [1024]", 'caused_by': {'type': 'illegal_argument_exception', 'reason': "The [dense_vector] field [embedding] in doc [document with id '20a54c93-9256-42da-99c6-63f475ce05df'] has a different number of dimensions [768] than defined in the mapping [1024]"}}}}
2025-11-05 20:58:08,319 - WARNING - Failed item: {'index': {'_index': 'periodic-table-hybrid-search', '_id': '13e684cb-3770-4060-aea9-f991e901ee12', 'status': 400, 'error': {'type': 'document_parsing_exception', 'reason': "[1:17209] failed to parse: The [dense_vector] field [embedding] in doc [document with id '13e684cb-3770-4060-aea9-f991e901ee12'] has a different number of dimensions [768] than defined in the mapping [1024]", 'caused_by': {'type': 'illegal_argument_exception', 'reason': "The [dense_vector] field [embedding] in doc [document with id '13e684cb-3770-4060-aea9-f991e901ee12'] has a different number of dimensions [768] than defined in the mapping [1024]"}}}}
2025-11-05 20:58:08,319 - WARNING - Failed item: {'index': {'_index': 'periodic-table-hybrid-search', '_id': '1e5c091e-7a11-4cbd-8fa1-7ec11c4f448d', 'status': 400, 'error': {'type': 'document_parsing_exception', 'reason': "[1:17247] failed to parse: The [dense_vector] field [embedding] in doc [document with id '1e5c091e-7a11-4cbd-8fa1-7ec11c4f448d'] has a different number of dimensions [768] than defined in the mapping [1024]", 'caused_by': {'type': 'illegal_argument_exception', 'reason': "The [dense_vector] field [embedding] in doc [document with id '1e5c091e-7a11-4cbd-8fa1-7ec11c4f448d'] has a different number of dimensions [768] than defined in the mapping [1024]"}}}}
2025-11-05 20:58:08,319 - WARNING - Failed item: {'index': {'_index': 'periodic-table-hybrid-search', '_id': '4e196ea1-7a6a-4d3d-b85a-1ea72d0871d9', 'status': 400, 'error': {'type': 'document_parsing_exception', 'reason': "[1:16745] failed to parse: The [dense_vector] field [embedding] in doc [document with id '4e196ea1-7a6a-4d3d-b85a-1ea72d0871d9'] has a different number of dimensions [768] than defined in the mapping [1024]", 'caused_by': {'type': 'illegal_argument_exception', 'reason': "The [dense_vector] field [embedding] in doc [document with id '4e196ea1-7a6a-4d3d-b85a-1ea72d0871d9'] has a different number of dimensions [768] than defined in the mapping [1024]"}}}}
2025-11-05 20:58:08,319 - WARNING - Failed item: {'index': {'_index': 'periodic-table-hybrid-search', '_id': '19f57706-bf01-41c2-a75b-a0634fdb95c1', 'status': 400, 'error': {'type': 'document_parsing_exception', 'reason': "[1:17630] failed to parse: The [dense_vector] field [embedding] in doc [document with id '19f57706-bf01-41c2-a75b-a0634fdb95c1'] has a different number of dimensions [768] than defined in the mapping [1024]", 'caused_by': {'type': 'illegal_argument_exception', 'reason': "The [dense_vector] field [embedding] in doc [document with id '19f57706-bf01-41c2-a75b-a0634fdb95c1'] has a different number of dimensions [768] than defined in the mapping [1024]"}}}}
2025-11-05 20:58:08,319 - WARNING - Failed item: {'index': {'_index': 'periodic-table-hybrid-search', '_id': 'a4f67baf-f7d5-4f57-99b2-02f6e4b5e9d8', 'status': 400, 'error': {'type': 'document_parsing_exception', 'reason': "[1:17203] failed to parse: The [dense_vector] field [embedding] in doc [document with id 'a4f67baf-f7d5-4f57-99b2-02f6e4b5e9d8'] has a different number of dimensions [768] than defined in the mapping [1024]", 'caused_by': {'type': 'illegal_argument_exception', 'reason': "The [dense_vector] field [embedding] in doc [document with id 'a4f67baf-f7d5-4f57-99b2-02f6e4b5e9d8'] has a different number of dimensions [768] than defined in the mapping [1024]"}}}}
2025-11-05 20:58:08,319 - WARNING - Failed item: {'index': {'_index': 'periodic-table-hybrid-search', '_id': 'd17684a8-95ab-4274-9352-bb9c13e90369', 'status': 400, 'error': {'type': 'document_parsing_exception', 'reason': "[1:16983] failed to parse: The [dense_vector] field [embedding] in doc [document with id 'd17684a8-95ab-4274-9352-bb9c13e90369'] has a different number of dimensions [768] than defined in the mapping [1024]", 'caused_by': {'type': 'illegal_argument_exception', 'reason': "The [dense_vector] field [embedding] in doc [document with id 'd17684a8-95ab-4274-9352-bb9c13e90369'] has a different number of dimensions [768] than defined in the mapping [1024]"}}}}
2025-11-05 20:58:08,319 - WARNING - Failed item: {'index': {'_index': 'periodic-table-hybrid-search', '_id': '4e665ccc-b617-4c3d-9092-998246cfebf2', 'status': 400, 'error': {'type': 'document_parsing_exception', 'reason': "[1:27525] failed to parse: The [dense_vector] field [embedding] in doc [document with id '4e665ccc-b617-4c3d-9092-998246cfebf2'] has a different number of dimensions [768] than defined in the mapping [1024]", 'caused_by': {'type': 'illegal_argument_exception', 'reason': "The [dense_vector] field [embedding] in doc [document with id '4e665ccc-b617-4c3d-9092-998246cfebf2'] has a different number of dimensions [768] than defined in the mapping [1024]"}}}}
2025-11-05 20:58:08,319 - WARNING - Failed item: {'index': {'_index': 'periodic-table-hybrid-search', '_id': 'b0a218f6-b30b-4d78-aee7-401e9c6f3e8f', 'status': 400, 'error': {'type': 'document_parsing_exception', 'reason': "[1:19248] failed to parse: The [dense_vector] field [embedding] in doc [document with id 'b0a218f6-b30b-4d78-aee7-401e9c6f3e8f'] has a different number of dimensions [768] than defined in the mapping [1024]", 'caused_by': {'type': 'illegal_argument_exception', 'reason': "The [dense_vector] field [embedding] in doc [document with id 'b0a218f6-b30b-4d78-aee7-401e9c6f3e8f'] has a different number of dimensions [768] than defined in the mapping [1024]"}}}}
2025-11-05 20:58:08,319 - WARNING - Failed item: {'index': {'_index': 'periodic-table-hybrid-search', '_id': 'd9c27873-a43f-469b-ae16-f1ba3709a515', 'status': 400, 'error': {'type': 'document_parsing_exception', 'reason': "[1:17203] failed to parse: The [dense_vector] field [embedding] in doc [document with id 'd9c27873-a43f-469b-ae16-f1ba3709a515'] has a different number of dimensions [768] than defined in the mapping [1024]", 'caused_by': {'type': 'illegal_argument_exception', 'reason': "The [dense_vector] field [embedding] in doc [document with id 'd9c27873-a43f-469b-ae16-f1ba3709a515'] has a different number of dimensions [768] than defined in the mapping [1024]"}}}}
2025-11-05 20:58:08,319 - WARNING - Failed item: {'index': {'_index': 'periodic-table-hybrid-search', '_id': '55360f0b-793e-4d7b-b020-ee6e92e00f02', 'status': 400, 'error': {'type': 'document_parsing_exception', 'reason': "[1:17163] failed to parse: The [dense_vector] field [embedding] in doc [document with id '55360f0b-793e-4d7b-b020-ee6e92e00f02'] has a different number of dimensions [768] than defined in the mapping [1024]", 'caused_by': {'type': 'illegal_argument_exception', 'reason': "The [dense_vector] field [embedding] in doc [document with id '55360f0b-793e-4d7b-b020-ee6e92e00f02'] has a different number of dimensions [768] than defined in the mapping [1024]"}}}}
2025-11-05 20:58:11,568 - WARNING - Failed item: {'index': {'_index': 'periodic-table-hybrid-search', '_id': '8548f7bd-5083-475e-8070-7c4273ea2fe8', 'status': 400, 'error': {'type': 'document_parsing_exception', 'reason': "[1:17085] failed to parse: The [dense_vector] field [embedding] in doc [document with id '8548f7bd-5083-475e-8070-7c4273ea2fe8'] has a different number of dimensions [768] than defined in the mapping [1024]", 'caused_by': {'type': 'illegal_argument_exception', 'reason': "The [dense_vector] field [embedding] in doc [document with id '8548f7bd-5083-475e-8070-7c4273ea2fe8'] has a different number of dimensions [768] than defined in the mapping [1024]"}}}}
2025-11-05 20:58:11,568 - WARNING - Failed item: {'index': {'_index': 'periodic-table-hybrid-search', '_id': 'dbe599c9-8998-4284-a0c6-0eabe714ea9a', 'status': 400, 'error': {'type': 'document_parsing_exception', 'reason': "[1:17232] failed to parse: The [dense_vector] field [embedding] in doc [document with id 'dbe599c9-8998-4284-a0c6-0eabe714ea9a'] has a different number of dimensions [768] than defined in the mapping [1024]", 'caused_by': {'type': 'illegal_argument_exception', 'reason': "The [dense_vector] field [embedding] in doc [document with id 'dbe599c9-8998-4284-a0c6-0eabe714ea9a'] has a different number of dimensions [768] than defined in the mapping [1024]"}}}}
2025-11-05 20:58:11,569 - WARNING - Failed item: {'index': {'_index': 'periodic-table-hybrid-search', '_id': '93492246-e792-40a4-827a-e56b9e8c0553', 'status': 400, 'error': {'type': 'document_parsing_exception', 'reason': "[1:16708] failed to parse: The [dense_vector] field [embedding] in doc [document with id '93492246-e792-40a4-827a-e56b9e8c0553'] has a different number of dimensions [768] than defined in the mapping [1024]", 'caused_by': {'type': 'illegal_argument_exception', 'reason': "The [dense_vector] field [embedding] in doc [document with id '93492246-e792-40a4-827a-e56b9e8c0553'] has a different number of dimensions [768] than defined in the mapping [1024]"}}}}
2025-11-05 20:58:11,569 - WARNING - Failed item: {'index': {'_index': 'periodic-table-hybrid-search', '_id': '49a666e6-2441-4ed8-a4f9-98ec2d28ef5b', 'status': 400, 'error': {'type': 'document_parsing_exception', 'reason': "[1:18856] failed to parse: The [dense_vector] field [embedding] in doc [document with id '49a666e6-2441-4ed8-a4f9-98ec2d28ef5b'] has a different number of dimensions [768] than defined in the mapping [1024]", 'caused_by': {'type': 'illegal_argument_exception', 'reason': "The [dense_vector] field [embedding] in doc [document with id '49a666e6-2441-4ed8-a4f9-98ec2d28ef5b'] has a different number of dimensions [768] than defined in the mapping [1024]"}}}}
2025-11-05 20:58:11,569 - WARNING - Failed item: {'index': {'_index': 'periodic-table-hybrid-search', '_id': '92996b41-04de-4f4d-b721-7e257522f242', 'status': 400, 'error': {'type': 'document_parsing_exception', 'reason': "[1:17127] failed to parse: The [dense_vector] field [embedding] in doc [document with id '92996b41-04de-4f4d-b721-7e257522f242'] has a different number of dimensions [768] than defined in the mapping [1024]", 'caused_by': {'type': 'illegal_argument_exception', 'reason': "The [dense_vector] field [embedding] in doc [document with id '92996b41-04de-4f4d-b721-7e257522f242'] has a different number of dimensions [768] than defined in the mapping [1024]"}}}}
2025-11-05 20:58:11,569 - WARNING - Failed item: {'index': {'_index': 'periodic-table-hybrid-search', '_id': 'ab8b66ae-51ad-4ba8-a3bd-c5efec40f937', 'status': 400, 'error': {'type': 'document_parsing_exception', 'reason': "[1:16994] failed to parse: The [dense_vector] field [embedding] in doc [document with id 'ab8b66ae-51ad-4ba8-a3bd-c5efec40f937'] has a different number of dimensions [768] than defined in the mapping [1024]", 'caused_by': {'type': 'illegal_argument_exception', 'reason': "The [dense_vector] field [embedding] in doc [document with id 'ab8b66ae-51ad-4ba8-a3bd-c5efec40f937'] has a different number of dimensions [768] than defined in the mapping [1024]"}}}}
2025-11-05 20:58:11,569 - WARNING - Failed item: {'index': {'_index': 'periodic-table-hybrid-search', '_id': '532b55d5-f953-4f6e-9fc4-006fef754ab7', 'status': 400, 'error': {'type': 'document_parsing_exception', 'reason': "[1:17136] failed to parse: The [dense_vector] field [embedding] in doc [document with id '532b55d5-f953-4f6e-9fc4-006fef754ab7'] has a different number of dimensions [768] than defined in the mapping [1024]", 'caused_by': {'type': 'illegal_argument_exception', 'reason': "The [dense_vector] field [embedding] in doc [document with id '532b55d5-f953-4f6e-9fc4-006fef754ab7'] has a different number of dimensions [768] than defined in the mapping [1024]"}}}}
2025-11-05 20:58:11,569 - WARNING - Failed item: {'index': {'_index': 'periodic-table-hybrid-search', '_id': '1d2fbb52-4c92-4330-94cd-4f4480abd1d6', 'status': 400, 'error': {'type': 'document_parsing_exception', 'reason': "[1:17056] failed to parse: The [dense_vector] field [embedding] in doc [document with id '1d2fbb52-4c92-4330-94cd-4f4480abd1d6'] has a different number of dimensions [768] than defined in the mapping [1024]", 'caused_by': {'type': 'illegal_argument_exception', 'reason': "The [dense_vector] field [embedding] in doc [document with id '1d2fbb52-4c92-4330-94cd-4f4480abd1d6'] has a different number of dimensions [768] than defined in the mapping [1024]"}}}}
2025-11-05 20:58:11,569 - WARNING - Failed item: {'index': {'_index': 'periodic-table-hybrid-search', '_id': 'd8c078bd-ae39-404f-97d5-65c7fec5766e', 'status': 400, 'error': {'type': 'document_parsing_exception', 'reason': "[1:16590] failed to parse: The [dense_vector] field [embedding] in doc [document with id 'd8c078bd-ae39-404f-97d5-65c7fec5766e'] has a different number of dimensions [768] than defined in the mapping [1024]", 'caused_by': {'type': 'illegal_argument_exception', 'reason': "The [dense_vector] field [embedding] in doc [document with id 'd8c078bd-ae39-404f-97d5-65c7fec5766e'] has a different number of dimensions [768] than defined in the mapping [1024]"}}}}
2025-11-05 20:58:11,569 - WARNING - Failed item: {'index': {'_index': 'periodic-table-hybrid-search', '_id': '96bb3904-1fb4-47f8-81d0-eba3e9fd1d46', 'status': 400, 'error': {'type': 'document_parsing_exception', 'reason': "[1:19126] failed to parse: The [dense_vector] field [embedding] in doc [document with id '96bb3904-1fb4-47f8-81d0-eba3e9fd1d46'] has a different number of dimensions [768] than defined in the mapping [1024]", 'caused_by': {'type': 'illegal_argument_exception', 'reason': "The [dense_vector] field [embedding] in doc [document with id '96bb3904-1fb4-47f8-81d0-eba3e9fd1d46'] has a different number of dimensions [768] than defined in the mapping [1024]"}}}}
2025-11-05 20:58:11,569 - WARNING - Failed item: {'index': {'_index': 'periodic-table-hybrid-search', '_id': '708954b3-ed68-48ef-8edf-cdcb5d1a9a20', 'status': 400, 'error': {'type': 'document_parsing_exception', 'reason': "[1:16885] failed to parse: The [dense_vector] field [embedding] in doc [document with id '708954b3-ed68-48ef-8edf-cdcb5d1a9a20'] has a different number of dimensions [768] than defined in the mapping [1024]", 'caused_by': {'type': 'illegal_argument_exception', 'reason': "The [dense_vector] field [embedding] in doc [document with id '708954b3-ed68-48ef-8edf-cdcb5d1a9a20'] has a different number of dimensions [768] than defined in the mapping [1024]"}}}}
2025-11-05 20:58:11,569 - WARNING - Failed item: {'index': {'_index': 'periodic-table-hybrid-search', '_id': '210666a4-a49c-4da4-84a4-afd1eff400ed', 'status': 400, 'error': {'type': 'document_parsing_exception', 'reason': "[1:17255] failed to parse: The [dense_vector] field [embedding] in doc [document with id '210666a4-a49c-4da4-84a4-afd1eff400ed'] has a different number of dimensions [768] than defined in the mapping [1024]", 'caused_by': {'type': 'illegal_argument_exception', 'reason': "The [dense_vector] field [embedding] in doc [document with id '210666a4-a49c-4da4-84a4-afd1eff400ed'] has a different number of dimensions [768] than defined in the mapping [1024]"}}}}
2025-11-05 20:58:11,569 - WARNING - Failed item: {'index': {'_index': 'periodic-table-hybrid-search', '_id': '98bba8e4-e159-41f6-8169-64b14c9fba07', 'status': 400, 'error': {'type': 'document_parsing_exception', 'reason': "[1:17185] failed to parse: The [dense_vector] field [embedding] in doc [document with id '98bba8e4-e159-41f6-8169-64b14c9fba07'] has a different number of dimensions [768] than defined in the mapping [1024]", 'caused_by': {'type': 'illegal_argument_exception', 'reason': "The [dense_vector] field [embedding] in doc [document with id '98bba8e4-e159-41f6-8169-64b14c9fba07'] has a different number of dimensions [768] than defined in the mapping [1024]"}}}}
2025-11-05 20:58:11,569 - WARNING - Failed item: {'index': {'_index': 'periodic-table-hybrid-search', '_id': '24a65646-9ca4-4278-94d6-41ae7977436e', 'status': 400, 'error': {'type': 'document_parsing_exception', 'reason': "[1:17148] failed to parse: The [dense_vector] field [embedding] in doc [document with id '24a65646-9ca4-4278-94d6-41ae7977436e'] has a different number of dimensions [768] than defined in the mapping [1024]", 'caused_by': {'type': 'illegal_argument_exception', 'reason': "The [dense_vector] field [embedding] in doc [document with id '24a65646-9ca4-4278-94d6-41ae7977436e'] has a different number of dimensions [768] than defined in the mapping [1024]"}}}}
2025-11-05 20:58:11,569 - WARNING - Failed item: {'index': {'_index': 'periodic-table-hybrid-search', '_id': '9acb7ef1-6b3c-4645-a9a3-42976413ebef', 'status': 400, 'error': {'type': 'document_parsing_exception', 'reason': "[1:16758] failed to parse: The [dense_vector] field [embedding] in doc [document with id '9acb7ef1-6b3c-4645-a9a3-42976413ebef'] has a different number of dimensions [768] than defined in the mapping [1024]", 'caused_by': {'type': 'illegal_argument_exception', 'reason': "The [dense_vector] field [embedding] in doc [document with id '9acb7ef1-6b3c-4645-a9a3-42976413ebef'] has a different number of dimensions [768] than defined in the mapping [1024]"}}}}
2025-11-05 20:58:11,569 - WARNING - Failed item: {'index': {'_index': 'periodic-table-hybrid-search', '_id': '849b516b-473a-4710-a3a2-764a7fb62d5b', 'status': 400, 'error': {'type': 'document_parsing_exception', 'reason': "[1:19534] failed to parse: The [dense_vector] field [embedding] in doc [document with id '849b516b-473a-4710-a3a2-764a7fb62d5b'] has a different number of dimensions [768] than defined in the mapping [1024]", 'caused_by': {'type': 'illegal_argument_exception', 'reason': "The [dense_vector] field [embedding] in doc [document with id '849b516b-473a-4710-a3a2-764a7fb62d5b'] has a different number of dimensions [768] than defined in the mapping [1024]"}}}}
2025-11-05 20:58:11,569 - WARNING - Failed item: {'index': {'_index': 'periodic-table-hybrid-search', '_id': '5cc778c3-ef25-421e-a781-10cb37dab0e1', 'status': 400, 'error': {'type': 'document_parsing_exception', 'reason': "[1:17236] failed to parse: The [dense_vector] field [embedding] in doc [document with id '5cc778c3-ef25-421e-a781-10cb37dab0e1'] has a different number of dimensions [768] than defined in the mapping [1024]", 'caused_by': {'type': 'illegal_argument_exception', 'reason': "The [dense_vector] field [embedding] in doc [document with id '5cc778c3-ef25-421e-a781-10cb37dab0e1'] has a different number of dimensions [768] than defined in the mapping [1024]"}}}}
2025-11-05 20:58:11,569 - WARNING - Failed item: {'index': {'_index': 'periodic-table-hybrid-search', '_id': '92b03bcb-dc57-4a6d-96ba-b85af9f84cd0', 'status': 400, 'error': {'type': 'document_parsing_exception', 'reason': "[1:17325] failed to parse: The [dense_vector] field [embedding] in doc [document with id '92b03bcb-dc57-4a6d-96ba-b85af9f84cd0'] has a different number of dimensions [768] than defined in the mapping [1024]", 'caused_by': {'type': 'illegal_argument_exception', 'reason': "The [dense_vector] field [embedding] in doc [document with id '92b03bcb-dc57-4a6d-96ba-b85af9f84cd0'] has a different number of dimensions [768] than defined in the mapping [1024]"}}}}
2025-11-05 20:58:11,569 - WARNING - Failed item: {'index': {'_index': 'periodic-table-hybrid-search', '_id': 'e60452a9-eb60-4121-9735-5d3bbc5c0c3e', 'status': 400, 'error': {'type': 'document_parsing_exception', 'reason': "[1:17291] failed to parse: The [dense_vector] field [embedding] in doc [document with id 'e60452a9-eb60-4121-9735-5d3bbc5c0c3e'] has a different number of dimensions [768] than defined in the mapping [1024]", 'caused_by': {'type': 'illegal_argument_exception', 'reason': "The [dense_vector] field [embedding] in doc [document with id 'e60452a9-eb60-4121-9735-5d3bbc5c0c3e'] has a different number of dimensions [768] than defined in the mapping [1024]"}}}}
2025-11-05 20:58:11,569 - WARNING - Failed item: {'index': {'_index': 'periodic-table-hybrid-search', '_id': '778a8440-c092-4b11-b68d-69506765495f', 'status': 400, 'error': {'type': 'document_parsing_exception', 'reason': "[1:17133] failed to parse: The [dense_vector] field [embedding] in doc [document with id '778a8440-c092-4b11-b68d-69506765495f'] has a different number of dimensions [768] than defined in the mapping [1024]", 'caused_by': {'type': 'illegal_argument_exception', 'reason': "The [dense_vector] field [embedding] in doc [document with id '778a8440-c092-4b11-b68d-69506765495f'] has a different number of dimensions [768] than defined in the mapping [1024]"}}}}
2025-11-05 20:58:11,569 - WARNING - Failed item: {'index': {'_index': 'periodic-table-hybrid-search', '_id': '3b013487-acb4-4215-894c-d8c9c8bc0a27', 'status': 400, 'error': {'type': 'document_parsing_exception', 'reason': "[1:16737] failed to parse: The [dense_vector] field [embedding] in doc [document with id '3b013487-acb4-4215-894c-d8c9c8bc0a27'] has a different number of dimensions [768] than defined in the mapping [1024]", 'caused_by': {'type': 'illegal_argument_exception', 'reason': "The [dense_vector] field [embedding] in doc [document with id '3b013487-acb4-4215-894c-d8c9c8bc0a27'] has a different number of dimensions [768] than defined in the mapping [1024]"}}}}
2025-11-05 20:58:11,569 - WARNING - Failed item: {'index': {'_index': 'periodic-table-hybrid-search', '_id': '36170323-4e99-405f-82ab-688ed1c098a6', 'status': 400, 'error': {'type': 'document_parsing_exception', 'reason': "[1:17712] failed to parse: The [dense_vector] field [embedding] in doc [document with id '36170323-4e99-405f-82ab-688ed1c098a6'] has a different number of dimensions [768] than defined in the mapping [1024]", 'caused_by': {'type': 'illegal_argument_exception', 'reason': "The [dense_vector] field [embedding] in doc [document with id '36170323-4e99-405f-82ab-688ed1c098a6'] has a different number of dimensions [768] than defined in the mapping [1024]"}}}}
2025-11-05 20:58:11,569 - WARNING - Failed item: {'index': {'_index': 'periodic-table-hybrid-search', '_id': '25b9959f-d3b6-4a1b-b183-725ae1728e31', 'status': 400, 'error': {'type': 'document_parsing_exception', 'reason': "[1:17240] failed to parse: The [dense_vector] field [embedding] in doc [document with id '25b9959f-d3b6-4a1b-b183-725ae1728e31'] has a different number of dimensions [768] than defined in the mapping [1024]", 'caused_by': {'type': 'illegal_argument_exception', 'reason': "The [dense_vector] field [embedding] in doc [document with id '25b9959f-d3b6-4a1b-b183-725ae1728e31'] has a different number of dimensions [768] than defined in the mapping [1024]"}}}}
2025-11-05 20:58:11,569 - WARNING - Failed item: {'index': {'_index': 'periodic-table-hybrid-search', '_id': '79dd5e9e-e380-4abb-8850-443ae0c6c105', 'status': 400, 'error': {'type': 'document_parsing_exception', 'reason': "[1:17034] failed to parse: The [dense_vector] field [embedding] in doc [document with id '79dd5e9e-e380-4abb-8850-443ae0c6c105'] has a different number of dimensions [768] than defined in the mapping [1024]", 'caused_by': {'type': 'illegal_argument_exception', 'reason': "The [dense_vector] field [embedding] in doc [document with id '79dd5e9e-e380-4abb-8850-443ae0c6c105'] has a different number of dimensions [768] than defined in the mapping [1024]"}}}}
2025-11-05 20:58:11,569 - WARNING - Failed item: {'index': {'_index': 'periodic-table-hybrid-search', '_id': '26254b2a-d71b-4248-8fe5-f130aba60ce1', 'status': 400, 'error': {'type': 'document_parsing_exception', 'reason': "[1:27744] failed to parse: The [dense_vector] field [embedding] in doc [document with id '26254b2a-d71b-4248-8fe5-f130aba60ce1'] has a different number of dimensions [768] than defined in the mapping [1024]", 'caused_by': {'type': 'illegal_argument_exception', 'reason': "The [dense_vector] field [embedding] in doc [document with id '26254b2a-d71b-4248-8fe5-f130aba60ce1'] has a different number of dimensions [768] than defined in the mapping [1024]"}}}}
2025-11-05 20:58:11,569 - WARNING - Failed item: {'index': {'_index': 'periodic-table-hybrid-search', '_id': '74bc42cf-6906-4d27-a9f0-ad07bd029652', 'status': 400, 'error': {'type': 'document_parsing_exception', 'reason': "[1:19495] failed to parse: The [dense_vector] field [embedding] in doc [document with id '74bc42cf-6906-4d27-a9f0-ad07bd029652'] has a different number of dimensions [768] than defined in the mapping [1024]", 'caused_by': {'type': 'illegal_argument_exception', 'reason': "The [dense_vector] field [embedding] in doc [document with id '74bc42cf-6906-4d27-a9f0-ad07bd029652'] has a different number of dimensions [768] than defined in the mapping [1024]"}}}}
2025-11-05 20:58:11,569 - WARNING - Failed item: {'index': {'_index': 'periodic-table-hybrid-search', '_id': 'cc8326c1-556f-499f-af2f-0b112e8f5e9f', 'status': 400, 'error': {'type': 'document_parsing_exception', 'reason': "[1:17240] failed to parse: The [dense_vector] field [embedding] in doc [document with id 'cc8326c1-556f-499f-af2f-0b112e8f5e9f'] has a different number of dimensions [768] than defined in the mapping [1024]", 'caused_by': {'type': 'illegal_argument_exception', 'reason': "The [dense_vector] field [embedding] in doc [document with id 'cc8326c1-556f-499f-af2f-0b112e8f5e9f'] has a different number of dimensions [768] than defined in the mapping [1024]"}}}}
2025-11-05 20:58:11,569 - WARNING - Failed item: {'index': {'_index': 'periodic-table-hybrid-search', '_id': '23d1f608-a59f-4aee-adcb-5f186e3fec55', 'status': 400, 'error': {'type': 'document_parsing_exception', 'reason': "[1:17285] failed to parse: The [dense_vector] field [embedding] in doc [document with id '23d1f608-a59f-4aee-adcb-5f186e3fec55'] has a different number of dimensions [768] than defined in the mapping [1024]", 'caused_by': {'type': 'illegal_argument_exception', 'reason': "The [dense_vector] field [embedding] in doc [document with id '23d1f608-a59f-4aee-adcb-5f186e3fec55'] has a different number of dimensions [768] than defined in the mapping [1024]"}}}}
2025-11-05 20:58:11,569 - WARNING - Failed item: {'index': {'_index': 'periodic-table-hybrid-search', '_id': '53f0d98f-c77b-49ce-ace1-50e725376f95', 'status': 400, 'error': {'type': 'document_parsing_exception', 'reason': "[1:17248] failed to parse: The [dense_vector] field [embedding] in doc [document with id '53f0d98f-c77b-49ce-ace1-50e725376f95'] has a different number of dimensions [768] than defined in the mapping [1024]", 'caused_by': {'type': 'illegal_argument_exception', 'reason': "The [dense_vector] field [embedding] in doc [document with id '53f0d98f-c77b-49ce-ace1-50e725376f95'] has a different number of dimensions [768] than defined in the mapping [1024]"}}}}
2025-11-05 20:58:11,569 - WARNING - Failed item: {'index': {'_index': 'periodic-table-hybrid-search', '_id': 'ad5711b1-5f24-4796-a595-9c96e65dba35', 'status': 400, 'error': {'type': 'document_parsing_exception', 'reason': "[1:17210] failed to parse: The [dense_vector] field [embedding] in doc [document with id 'ad5711b1-5f24-4796-a595-9c96e65dba35'] has a different number of dimensions [768] than defined in the mapping [1024]", 'caused_by': {'type': 'illegal_argument_exception', 'reason': "The [dense_vector] field [embedding] in doc [document with id 'ad5711b1-5f24-4796-a595-9c96e65dba35'] has a different number of dimensions [768] than defined in the mapping [1024]"}}}}
2025-11-05 20:58:11,570 - WARNING - Failed item: {'index': {'_index': 'periodic-table-hybrid-search', '_id': 'e0a300c8-b998-4cdc-bc34-2ea9343f55ad', 'status': 400, 'error': {'type': 'document_parsing_exception', 'reason': "[1:16683] failed to parse: The [dense_vector] field [embedding] in doc [document with id 'e0a300c8-b998-4cdc-bc34-2ea9343f55ad'] has a different number of dimensions [768] than defined in the mapping [1024]", 'caused_by': {'type': 'illegal_argument_exception', 'reason': "The [dense_vector] field [embedding] in doc [document with id 'e0a300c8-b998-4cdc-bc34-2ea9343f55ad'] has a different number of dimensions [768] than defined in the mapping [1024]"}}}}
2025-11-05 20:58:11,570 - WARNING - Failed item: {'index': {'_index': 'periodic-table-hybrid-search', '_id': 'd564625e-1894-4b7f-bdb1-bcd485ac9b88', 'status': 400, 'error': {'type': 'document_parsing_exception', 'reason': "[1:19397] failed to parse: The [dense_vector] field [embedding] in doc [document with id 'd564625e-1894-4b7f-bdb1-bcd485ac9b88'] has a different number of dimensions [768] than defined in the mapping [1024]", 'caused_by': {'type': 'illegal_argument_exception', 'reason': "The [dense_vector] field [embedding] in doc [document with id 'd564625e-1894-4b7f-bdb1-bcd485ac9b88'] has a different number of dimensions [768] than defined in the mapping [1024]"}}}}
2025-11-05 20:58:11,570 - WARNING - Failed item: {'index': {'_index': 'periodic-table-hybrid-search', '_id': '87cb9a43-34d9-47ad-8977-709ea2127ef8', 'status': 400, 'error': {'type': 'document_parsing_exception', 'reason': "[1:17175] failed to parse: The [dense_vector] field [embedding] in doc [document with id '87cb9a43-34d9-47ad-8977-709ea2127ef8'] has a different number of dimensions [768] than defined in the mapping [1024]", 'caused_by': {'type': 'illegal_argument_exception', 'reason': "The [dense_vector] field [embedding] in doc [document with id '87cb9a43-34d9-47ad-8977-709ea2127ef8'] has a different number of dimensions [768] than defined in the mapping [1024]"}}}}
2025-11-05 20:58:11,570 - WARNING - Failed item: {'index': {'_index': 'periodic-table-hybrid-search', '_id': 'dc2ce35d-5398-46b3-9618-59d28cc0f7d7', 'status': 400, 'error': {'type': 'document_parsing_exception', 'reason': "[1:17271] failed to parse: The [dense_vector] field [embedding] in doc [document with id 'dc2ce35d-5398-46b3-9618-59d28cc0f7d7'] has a different number of dimensions [768] than defined in the mapping [1024]", 'caused_by': {'type': 'illegal_argument_exception', 'reason': "The [dense_vector] field [embedding] in doc [document with id 'dc2ce35d-5398-46b3-9618-59d28cc0f7d7'] has a different number of dimensions [768] than defined in the mapping [1024]"}}}}
2025-11-05 20:58:11,570 - WARNING - Failed item: {'index': {'_index': 'periodic-table-hybrid-search', '_id': 'b42ce4dc-141b-4cdd-83dd-f4ed2732b609', 'status': 400, 'error': {'type': 'document_parsing_exception', 'reason': "[1:17243] failed to parse: The [dense_vector] field [embedding] in doc [document with id 'b42ce4dc-141b-4cdd-83dd-f4ed2732b609'] has a different number of dimensions [768] than defined in the mapping [1024]", 'caused_by': {'type': 'illegal_argument_exception', 'reason': "The [dense_vector] field [embedding] in doc [document with id 'b42ce4dc-141b-4cdd-83dd-f4ed2732b609'] has a different number of dimensions [768] than defined in the mapping [1024]"}}}}
2025-11-05 20:58:11,570 - WARNING - Failed item: {'index': {'_index': 'periodic-table-hybrid-search', '_id': '03539a0f-a322-468c-8e1e-ed4ee907cd66', 'status': 400, 'error': {'type': 'document_parsing_exception', 'reason': "[1:17121] failed to parse: The [dense_vector] field [embedding] in doc [document with id '03539a0f-a322-468c-8e1e-ed4ee907cd66'] has a different number of dimensions [768] than defined in the mapping [1024]", 'caused_by': {'type': 'illegal_argument_exception', 'reason': "The [dense_vector] field [embedding] in doc [document with id '03539a0f-a322-468c-8e1e-ed4ee907cd66'] has a different number of dimensions [768] than defined in the mapping [1024]"}}}}
2025-11-05 20:58:11,570 - WARNING - Failed item: {'index': {'_index': 'periodic-table-hybrid-search', '_id': 'c09edbbe-b33a-47cd-9429-0e5cdb76af14', 'status': 400, 'error': {'type': 'document_parsing_exception', 'reason': "[1:16696] failed to parse: The [dense_vector] field [embedding] in doc [document with id 'c09edbbe-b33a-47cd-9429-0e5cdb76af14'] has a different number of dimensions [768] than defined in the mapping [1024]", 'caused_by': {'type': 'illegal_argument_exception', 'reason': "The [dense_vector] field [embedding] in doc [document with id 'c09edbbe-b33a-47cd-9429-0e5cdb76af14'] has a different number of dimensions [768] than defined in the mapping [1024]"}}}}
2025-11-05 20:58:11,570 - WARNING - Failed item: {'index': {'_index': 'periodic-table-hybrid-search', '_id': '4c82e0d3-f512-4dcd-aa9c-813b4ee06480', 'status': 400, 'error': {'type': 'document_parsing_exception', 'reason': "[1:19006] failed to parse: The [dense_vector] field [embedding] in doc [document with id '4c82e0d3-f512-4dcd-aa9c-813b4ee06480'] has a different number of dimensions [768] than defined in the mapping [1024]", 'caused_by': {'type': 'illegal_argument_exception', 'reason': "The [dense_vector] field [embedding] in doc [document with id '4c82e0d3-f512-4dcd-aa9c-813b4ee06480'] has a different number of dimensions [768] than defined in the mapping [1024]"}}}}
2025-11-05 20:58:11,570 - WARNING - Failed item: {'index': {'_index': 'periodic-table-hybrid-search', '_id': '4eb38a2c-a52d-4db4-974d-e929f131ddfc', 'status': 400, 'error': {'type': 'document_parsing_exception', 'reason': "[1:17052] failed to parse: The [dense_vector] field [embedding] in doc [document with id '4eb38a2c-a52d-4db4-974d-e929f131ddfc'] has a different number of dimensions [768] than defined in the mapping [1024]", 'caused_by': {'type': 'illegal_argument_exception', 'reason': "The [dense_vector] field [embedding] in doc [document with id '4eb38a2c-a52d-4db4-974d-e929f131ddfc'] has a different number of dimensions [768] than defined in the mapping [1024]"}}}}
2025-11-05 20:58:11,570 - WARNING - Failed item: {'index': {'_index': 'periodic-table-hybrid-search', '_id': '7ad3cd03-c356-42e0-8732-eb3c140803ad', 'status': 400, 'error': {'type': 'document_parsing_exception', 'reason': "[1:17150] failed to parse: The [dense_vector] field [embedding] in doc [document with id '7ad3cd03-c356-42e0-8732-eb3c140803ad'] has a different number of dimensions [768] than defined in the mapping [1024]", 'caused_by': {'type': 'illegal_argument_exception', 'reason': "The [dense_vector] field [embedding] in doc [document with id '7ad3cd03-c356-42e0-8732-eb3c140803ad'] has a different number of dimensions [768] than defined in the mapping [1024]"}}}}
2025-11-05 20:58:11,570 - WARNING - Failed item: {'index': {'_index': 'periodic-table-hybrid-search', '_id': '3a3347ec-998d-4ea2-9d80-21dafb4f3d91', 'status': 400, 'error': {'type': 'document_parsing_exception', 'reason': "[1:17008] failed to parse: The [dense_vector] field [embedding] in doc [document with id '3a3347ec-998d-4ea2-9d80-21dafb4f3d91'] has a different number of dimensions [768] than defined in the mapping [1024]", 'caused_by': {'type': 'illegal_argument_exception', 'reason': "The [dense_vector] field [embedding] in doc [document with id '3a3347ec-998d-4ea2-9d80-21dafb4f3d91'] has a different number of dimensions [768] than defined in the mapping [1024]"}}}}
2025-11-05 20:58:11,570 - WARNING - Failed item: {'index': {'_index': 'periodic-table-hybrid-search', '_id': 'c67cf58a-9ebe-4b01-b2cd-bd19a48e61a7', 'status': 400, 'error': {'type': 'document_parsing_exception', 'reason': "[1:17105] failed to parse: The [dense_vector] field [embedding] in doc [document with id 'c67cf58a-9ebe-4b01-b2cd-bd19a48e61a7'] has a different number of dimensions [768] than defined in the mapping [1024]", 'caused_by': {'type': 'illegal_argument_exception', 'reason': "The [dense_vector] field [embedding] in doc [document with id 'c67cf58a-9ebe-4b01-b2cd-bd19a48e61a7'] has a different number of dimensions [768] than defined in the mapping [1024]"}}}}
2025-11-05 20:58:11,570 - WARNING - Failed item: {'index': {'_index': 'periodic-table-hybrid-search', '_id': 'b74a2f25-edf3-46cc-b321-78d1836e6652', 'status': 400, 'error': {'type': 'document_parsing_exception', 'reason': "[1:16768] failed to parse: The [dense_vector] field [embedding] in doc [document with id 'b74a2f25-edf3-46cc-b321-78d1836e6652'] has a different number of dimensions [768] than defined in the mapping [1024]", 'caused_by': {'type': 'illegal_argument_exception', 'reason': "The [dense_vector] field [embedding] in doc [document with id 'b74a2f25-edf3-46cc-b321-78d1836e6652'] has a different number of dimensions [768] than defined in the mapping [1024]"}}}}
2025-11-05 20:58:11,570 - WARNING - Failed item: {'index': {'_index': 'periodic-table-hybrid-search', '_id': 'f67ec05c-abb3-4f19-aadd-eeb152bffd4b', 'status': 400, 'error': {'type': 'document_parsing_exception', 'reason': "[1:19355] failed to parse: The [dense_vector] field [embedding] in doc [document with id 'f67ec05c-abb3-4f19-aadd-eeb152bffd4b'] has a different number of dimensions [768] than defined in the mapping [1024]", 'caused_by': {'type': 'illegal_argument_exception', 'reason': "The [dense_vector] field [embedding] in doc [document with id 'f67ec05c-abb3-4f19-aadd-eeb152bffd4b'] has a different number of dimensions [768] than defined in the mapping [1024]"}}}}
2025-11-05 20:58:11,570 - WARNING - Failed item: {'index': {'_index': 'periodic-table-hybrid-search', '_id': '6560cb2f-e06b-4e3f-8cd3-d2117a22e63c', 'status': 400, 'error': {'type': 'document_parsing_exception', 'reason': "[1:17160] failed to parse: The [dense_vector] field [embedding] in doc [document with id '6560cb2f-e06b-4e3f-8cd3-d2117a22e63c'] has a different number of dimensions [768] than defined in the mapping [1024]", 'caused_by': {'type': 'illegal_argument_exception', 'reason': "The [dense_vector] field [embedding] in doc [document with id '6560cb2f-e06b-4e3f-8cd3-d2117a22e63c'] has a different number of dimensions [768] than defined in the mapping [1024]"}}}}
2025-11-05 20:58:11,570 - WARNING - Failed item: {'index': {'_index': 'periodic-table-hybrid-search', '_id': '522d7bc3-a3a9-4c78-9ca9-000cb7cbef37', 'status': 400, 'error': {'type': 'document_parsing_exception', 'reason': "[1:17078] failed to parse: The [dense_vector] field [embedding] in doc [document with id '522d7bc3-a3a9-4c78-9ca9-000cb7cbef37'] has a different number of dimensions [768] than defined in the mapping [1024]", 'caused_by': {'type': 'illegal_argument_exception', 'reason': "The [dense_vector] field [embedding] in doc [document with id '522d7bc3-a3a9-4c78-9ca9-000cb7cbef37'] has a different number of dimensions [768] than defined in the mapping [1024]"}}}}
2025-11-05 20:58:11,570 - WARNING - Failed item: {'index': {'_index': 'periodic-table-hybrid-search', '_id': '5b89aa07-5972-42c8-94de-2177fd40926b', 'status': 400, 'error': {'type': 'document_parsing_exception', 'reason': "[1:17261] failed to parse: The [dense_vector] field [embedding] in doc [document with id '5b89aa07-5972-42c8-94de-2177fd40926b'] has a different number of dimensions [768] than defined in the mapping [1024]", 'caused_by': {'type': 'illegal_argument_exception', 'reason': "The [dense_vector] field [embedding] in doc [document with id '5b89aa07-5972-42c8-94de-2177fd40926b'] has a different number of dimensions [768] than defined in the mapping [1024]"}}}}
2025-11-05 20:58:11,570 - WARNING - Failed item: {'index': {'_index': 'periodic-table-hybrid-search', '_id': '53c5849a-b28a-4a43-ab80-6bb37ae02bdb', 'status': 400, 'error': {'type': 'document_parsing_exception', 'reason': "[1:17268] failed to parse: The [dense_vector] field [embedding] in doc [document with id '53c5849a-b28a-4a43-ab80-6bb37ae02bdb'] has a different number of dimensions [768] than defined in the mapping [1024]", 'caused_by': {'type': 'illegal_argument_exception', 'reason': "The [dense_vector] field [embedding] in doc [document with id '53c5849a-b28a-4a43-ab80-6bb37ae02bdb'] has a different number of dimensions [768] than defined in the mapping [1024]"}}}}
2025-11-05 20:58:11,570 - WARNING - Failed item: {'index': {'_index': 'periodic-table-hybrid-search', '_id': '8329370f-d310-430e-b2e5-5ea0374bbbc1', 'status': 400, 'error': {'type': 'document_parsing_exception', 'reason': "[1:16679] failed to parse: The [dense_vector] field [embedding] in doc [document with id '8329370f-d310-430e-b2e5-5ea0374bbbc1'] has a different number of dimensions [768] than defined in the mapping [1024]", 'caused_by': {'type': 'illegal_argument_exception', 'reason': "The [dense_vector] field [embedding] in doc [document with id '8329370f-d310-430e-b2e5-5ea0374bbbc1'] has a different number of dimensions [768] than defined in the mapping [1024]"}}}}
2025-11-05 20:58:11,570 - WARNING - Failed item: {'index': {'_index': 'periodic-table-hybrid-search', '_id': 'a6d9bb11-0c61-4afb-a510-0853167fe6f0', 'status': 400, 'error': {'type': 'document_parsing_exception', 'reason': "[1:17555] failed to parse: The [dense_vector] field [embedding] in doc [document with id 'a6d9bb11-0c61-4afb-a510-0853167fe6f0'] has a different number of dimensions [768] than defined in the mapping [1024]", 'caused_by': {'type': 'illegal_argument_exception', 'reason': "The [dense_vector] field [embedding] in doc [document with id 'a6d9bb11-0c61-4afb-a510-0853167fe6f0'] has a different number of dimensions [768] than defined in the mapping [1024]"}}}}
2025-11-05 20:58:11,570 - WARNING - Failed item: {'index': {'_index': 'periodic-table-hybrid-search', '_id': 'bb98d98e-5a63-41f1-b156-a42bc377cca1', 'status': 400, 'error': {'type': 'document_parsing_exception', 'reason': "[1:17057] failed to parse: The [dense_vector] field [embedding] in doc [document with id 'bb98d98e-5a63-41f1-b156-a42bc377cca1'] has a different number of dimensions [768] than defined in the mapping [1024]", 'caused_by': {'type': 'illegal_argument_exception', 'reason': "The [dense_vector] field [embedding] in doc [document with id 'bb98d98e-5a63-41f1-b156-a42bc377cca1'] has a different number of dimensions [768] than defined in the mapping [1024]"}}}}
2025-11-05 20:58:11,570 - WARNING - Failed item: {'index': {'_index': 'periodic-table-hybrid-search', '_id': 'fe7b2dda-bd21-4940-90f2-ce577f6d30c2', 'status': 400, 'error': {'type': 'document_parsing_exception', 'reason': "[1:17019] failed to parse: The [dense_vector] field [embedding] in doc [document with id 'fe7b2dda-bd21-4940-90f2-ce577f6d30c2'] has a different number of dimensions [768] than defined in the mapping [1024]", 'caused_by': {'type': 'illegal_argument_exception', 'reason': "The [dense_vector] field [embedding] in doc [document with id 'fe7b2dda-bd21-4940-90f2-ce577f6d30c2'] has a different number of dimensions [768] than defined in the mapping [1024]"}}}}
2025-11-05 20:58:11,570 - WARNING - Failed item: {'index': {'_index': 'periodic-table-hybrid-search', '_id': 'e1954b3a-43ea-4329-bc7d-2b084e135b9f', 'status': 400, 'error': {'type': 'document_parsing_exception', 'reason': "[1:27503] failed to parse: The [dense_vector] field [embedding] in doc [document with id 'e1954b3a-43ea-4329-bc7d-2b084e135b9f'] has a different number of dimensions [768] than defined in the mapping [1024]", 'caused_by': {'type': 'illegal_argument_exception', 'reason': "The [dense_vector] field [embedding] in doc [document with id 'e1954b3a-43ea-4329-bc7d-2b084e135b9f'] has a different number of dimensions [768] than defined in the mapping [1024]"}}}}
2025-11-05 20:58:11,570 - WARNING - Failed item: {'index': {'_index': 'periodic-table-hybrid-search', '_id': '612bc860-6db3-4e8c-9270-59a90fbdb878', 'status': 400, 'error': {'type': 'document_parsing_exception', 'reason': "[1:18944] failed to parse: The [dense_vector] field [embedding] in doc [document with id '612bc860-6db3-4e8c-9270-59a90fbdb878'] has a different number of dimensions [768] than defined in the mapping [1024]", 'caused_by': {'type': 'illegal_argument_exception', 'reason': "The [dense_vector] field [embedding] in doc [document with id '612bc860-6db3-4e8c-9270-59a90fbdb878'] has a different number of dimensions [768] than defined in the mapping [1024]"}}}}
2025-11-05 20:58:11,570 - WARNING - Failed item: {'index': {'_index': 'periodic-table-hybrid-search', '_id': 'c52c5b1d-a482-486f-93e0-622a701d1c53', 'status': 400, 'error': {'type': 'document_parsing_exception', 'reason': "[1:17057] failed to parse: The [dense_vector] field [embedding] in doc [document with id 'c52c5b1d-a482-486f-93e0-622a701d1c53'] has a different number of dimensions [768] than defined in the mapping [1024]", 'caused_by': {'type': 'illegal_argument_exception', 'reason': "The [dense_vector] field [embedding] in doc [document with id 'c52c5b1d-a482-486f-93e0-622a701d1c53'] has a different number of dimensions [768] than defined in the mapping [1024]"}}}}
2025-11-05 20:58:11,570 - WARNING - Failed item: {'index': {'_index': 'periodic-table-hybrid-search', '_id': '54cf0d5d-64b0-4fec-998a-8321ca71bb03', 'status': 400, 'error': {'type': 'document_parsing_exception', 'reason': "[1:17198] failed to parse: The [dense_vector] field [embedding] in doc [document with id '54cf0d5d-64b0-4fec-998a-8321ca71bb03'] has a different number of dimensions [768] than defined in the mapping [1024]", 'caused_by': {'type': 'illegal_argument_exception', 'reason': "The [dense_vector] field [embedding] in doc [document with id '54cf0d5d-64b0-4fec-998a-8321ca71bb03'] has a different number of dimensions [768] than defined in the mapping [1024]"}}}}
2025-11-05 20:58:11,571 - WARNING - Failed item: {'index': {'_index': 'periodic-table-hybrid-search', '_id': '13ba9aa1-3947-4288-b9aa-d0313a044da7', 'status': 400, 'error': {'type': 'document_parsing_exception', 'reason': "[1:17022] failed to parse: The [dense_vector] field [embedding] in doc [document with id '13ba9aa1-3947-4288-b9aa-d0313a044da7'] has a different number of dimensions [768] than defined in the mapping [1024]", 'caused_by': {'type': 'illegal_argument_exception', 'reason': "The [dense_vector] field [embedding] in doc [document with id '13ba9aa1-3947-4288-b9aa-d0313a044da7'] has a different number of dimensions [768] than defined in the mapping [1024]"}}}}
2025-11-05 20:58:11,571 - WARNING - Failed item: {'index': {'_index': 'periodic-table-hybrid-search', '_id': '8990058a-8151-476c-a3c9-f8f3bf7db3fe', 'status': 400, 'error': {'type': 'document_parsing_exception', 'reason': "[1:17053] failed to parse: The [dense_vector] field [embedding] in doc [document with id '8990058a-8151-476c-a3c9-f8f3bf7db3fe'] has a different number of dimensions [768] than defined in the mapping [1024]", 'caused_by': {'type': 'illegal_argument_exception', 'reason': "The [dense_vector] field [embedding] in doc [document with id '8990058a-8151-476c-a3c9-f8f3bf7db3fe'] has a different number of dimensions [768] than defined in the mapping [1024]"}}}}
2025-11-05 20:58:11,571 - WARNING - Failed item: {'index': {'_index': 'periodic-table-hybrid-search', '_id': 'e7204e1d-d173-4100-a82f-f4ba7afb4e93', 'status': 400, 'error': {'type': 'document_parsing_exception', 'reason': "[1:16762] failed to parse: The [dense_vector] field [embedding] in doc [document with id 'e7204e1d-d173-4100-a82f-f4ba7afb4e93'] has a different number of dimensions [768] than defined in the mapping [1024]", 'caused_by': {'type': 'illegal_argument_exception', 'reason': "The [dense_vector] field [embedding] in doc [document with id 'e7204e1d-d173-4100-a82f-f4ba7afb4e93'] has a different number of dimensions [768] than defined in the mapping [1024]"}}}}
2025-11-05 20:58:11,571 - WARNING - Failed item: {'index': {'_index': 'periodic-table-hybrid-search', '_id': '31129fa2-8dd1-455e-9bd2-86f90a47ddb9', 'status': 400, 'error': {'type': 'document_parsing_exception', 'reason': "[1:19642] failed to parse: The [dense_vector] field [embedding] in doc [document with id '31129fa2-8dd1-455e-9bd2-86f90a47ddb9'] has a different number of dimensions [768] than defined in the mapping [1024]", 'caused_by': {'type': 'illegal_argument_exception', 'reason': "The [dense_vector] field [embedding] in doc [document with id '31129fa2-8dd1-455e-9bd2-86f90a47ddb9'] has a different number of dimensions [768] than defined in the mapping [1024]"}}}}
2025-11-05 20:58:11,571 - WARNING - Failed item: {'index': {'_index': 'periodic-table-hybrid-search', '_id': 'ade590e0-f665-4db9-931e-7454a9664a85', 'status': 400, 'error': {'type': 'document_parsing_exception', 'reason': "[1:17344] failed to parse: The [dense_vector] field [embedding] in doc [document with id 'ade590e0-f665-4db9-931e-7454a9664a85'] has a different number of dimensions [768] than defined in the mapping [1024]", 'caused_by': {'type': 'illegal_argument_exception', 'reason': "The [dense_vector] field [embedding] in doc [document with id 'ade590e0-f665-4db9-931e-7454a9664a85'] has a different number of dimensions [768] than defined in the mapping [1024]"}}}}
2025-11-05 20:58:11,571 - WARNING - Failed item: {'index': {'_index': 'periodic-table-hybrid-search', '_id': 'd6255d1d-4f64-43a9-a305-f4e22f8d2cf3', 'status': 400, 'error': {'type': 'document_parsing_exception', 'reason': "[1:17289] failed to parse: The [dense_vector] field [embedding] in doc [document with id 'd6255d1d-4f64-43a9-a305-f4e22f8d2cf3'] has a different number of dimensions [768] than defined in the mapping [1024]", 'caused_by': {'type': 'illegal_argument_exception', 'reason': "The [dense_vector] field [embedding] in doc [document with id 'd6255d1d-4f64-43a9-a305-f4e22f8d2cf3'] has a different number of dimensions [768] than defined in the mapping [1024]"}}}}
2025-11-05 20:58:11,571 - WARNING - Failed item: {'index': {'_index': 'periodic-table-hybrid-search', '_id': 'eb3c8d03-99c0-48d8-9a4e-e8efd82f6902', 'status': 400, 'error': {'type': 'document_parsing_exception', 'reason': "[1:17207] failed to parse: The [dense_vector] field [embedding] in doc [document with id 'eb3c8d03-99c0-48d8-9a4e-e8efd82f6902'] has a different number of dimensions [768] than defined in the mapping [1024]", 'caused_by': {'type': 'illegal_argument_exception', 'reason': "The [dense_vector] field [embedding] in doc [document with id 'eb3c8d03-99c0-48d8-9a4e-e8efd82f6902'] has a different number of dimensions [768] than defined in the mapping [1024]"}}}}
2025-11-05 20:58:11,571 - WARNING - Failed item: {'index': {'_index': 'periodic-table-hybrid-search', '_id': '6db4706e-b27e-48a6-9145-a5acc84a5836', 'status': 400, 'error': {'type': 'document_parsing_exception', 'reason': "[1:17265] failed to parse: The [dense_vector] field [embedding] in doc [document with id '6db4706e-b27e-48a6-9145-a5acc84a5836'] has a different number of dimensions [768] than defined in the mapping [1024]", 'caused_by': {'type': 'illegal_argument_exception', 'reason': "The [dense_vector] field [embedding] in doc [document with id '6db4706e-b27e-48a6-9145-a5acc84a5836'] has a different number of dimensions [768] than defined in the mapping [1024]"}}}}
2025-11-05 20:58:11,571 - WARNING - Failed item: {'index': {'_index': 'periodic-table-hybrid-search', '_id': '55f35f18-5c5a-4bfa-b07c-6f0cb64a3fc0', 'status': 400, 'error': {'type': 'document_parsing_exception', 'reason': "[1:16764] failed to parse: The [dense_vector] field [embedding] in doc [document with id '55f35f18-5c5a-4bfa-b07c-6f0cb64a3fc0'] has a different number of dimensions [768] than defined in the mapping [1024]", 'caused_by': {'type': 'illegal_argument_exception', 'reason': "The [dense_vector] field [embedding] in doc [document with id '55f35f18-5c5a-4bfa-b07c-6f0cb64a3fc0'] has a different number of dimensions [768] than defined in the mapping [1024]"}}}}
2025-11-05 20:58:11,571 - WARNING - Failed item: {'index': {'_index': 'periodic-table-hybrid-search', '_id': '28dff63b-79c7-45d0-bc20-d00358ba98a5', 'status': 400, 'error': {'type': 'document_parsing_exception', 'reason': "[1:19184] failed to parse: The [dense_vector] field [embedding] in doc [document with id '28dff63b-79c7-45d0-bc20-d00358ba98a5'] has a different number of dimensions [768] than defined in the mapping [1024]", 'caused_by': {'type': 'illegal_argument_exception', 'reason': "The [dense_vector] field [embedding] in doc [document with id '28dff63b-79c7-45d0-bc20-d00358ba98a5'] has a different number of dimensions [768] than defined in the mapping [1024]"}}}}
2025-11-05 20:58:11,571 - WARNING - Failed item: {'index': {'_index': 'periodic-table-hybrid-search', '_id': '528aa012-371b-44df-b6ff-b2e6e26d8312', 'status': 400, 'error': {'type': 'document_parsing_exception', 'reason': "[1:17254] failed to parse: The [dense_vector] field [embedding] in doc [document with id '528aa012-371b-44df-b6ff-b2e6e26d8312'] has a different number of dimensions [768] than defined in the mapping [1024]", 'caused_by': {'type': 'illegal_argument_exception', 'reason': "The [dense_vector] field [embedding] in doc [document with id '528aa012-371b-44df-b6ff-b2e6e26d8312'] has a different number of dimensions [768] than defined in the mapping [1024]"}}}}
2025-11-05 20:58:11,571 - WARNING - Failed item: {'index': {'_index': 'periodic-table-hybrid-search', '_id': '87f477df-91ec-441e-bba0-5044cced380c', 'status': 400, 'error': {'type': 'document_parsing_exception', 'reason': "[1:17196] failed to parse: The [dense_vector] field [embedding] in doc [document with id '87f477df-91ec-441e-bba0-5044cced380c'] has a different number of dimensions [768] than defined in the mapping [1024]", 'caused_by': {'type': 'illegal_argument_exception', 'reason': "The [dense_vector] field [embedding] in doc [document with id '87f477df-91ec-441e-bba0-5044cced380c'] has a different number of dimensions [768] than defined in the mapping [1024]"}}}}
2025-11-05 20:58:11,571 - WARNING - Failed item: {'index': {'_index': 'periodic-table-hybrid-search', '_id': '52a9bbbe-1c11-4d48-a534-9284dd0e71c0', 'status': 400, 'error': {'type': 'document_parsing_exception', 'reason': "[1:17206] failed to parse: The [dense_vector] field [embedding] in doc [document with id '52a9bbbe-1c11-4d48-a534-9284dd0e71c0'] has a different number of dimensions [768] than defined in the mapping [1024]", 'caused_by': {'type': 'illegal_argument_exception', 'reason': "The [dense_vector] field [embedding] in doc [document with id '52a9bbbe-1c11-4d48-a534-9284dd0e71c0'] has a different number of dimensions [768] than defined in the mapping [1024]"}}}}
2025-11-05 20:58:11,571 - WARNING - Failed item: {'index': {'_index': 'periodic-table-hybrid-search', '_id': '2b3a9a51-b0ad-4d7d-8a7c-bb5b3fc372e2', 'status': 400, 'error': {'type': 'document_parsing_exception', 'reason': "[1:16958] failed to parse: The [dense_vector] field [embedding] in doc [document with id '2b3a9a51-b0ad-4d7d-8a7c-bb5b3fc372e2'] has a different number of dimensions [768] than defined in the mapping [1024]", 'caused_by': {'type': 'illegal_argument_exception', 'reason': "The [dense_vector] field [embedding] in doc [document with id '2b3a9a51-b0ad-4d7d-8a7c-bb5b3fc372e2'] has a different number of dimensions [768] than defined in the mapping [1024]"}}}}
2025-11-05 20:58:11,571 - WARNING - Failed item: {'index': {'_index': 'periodic-table-hybrid-search', '_id': '12adf6dc-1d76-4e39-a033-cb460c460142', 'status': 400, 'error': {'type': 'document_parsing_exception', 'reason': "[1:16729] failed to parse: The [dense_vector] field [embedding] in doc [document with id '12adf6dc-1d76-4e39-a033-cb460c460142'] has a different number of dimensions [768] than defined in the mapping [1024]", 'caused_by': {'type': 'illegal_argument_exception', 'reason': "The [dense_vector] field [embedding] in doc [document with id '12adf6dc-1d76-4e39-a033-cb460c460142'] has a different number of dimensions [768] than defined in the mapping [1024]"}}}}
2025-11-05 20:58:11,571 - WARNING - Failed item: {'index': {'_index': 'periodic-table-hybrid-search', '_id': '84f607b5-8391-4c04-a86f-6d9afad400d9', 'status': 400, 'error': {'type': 'document_parsing_exception', 'reason': "[1:19321] failed to parse: The [dense_vector] field [embedding] in doc [document with id '84f607b5-8391-4c04-a86f-6d9afad400d9'] has a different number of dimensions [768] than defined in the mapping [1024]", 'caused_by': {'type': 'illegal_argument_exception', 'reason': "The [dense_vector] field [embedding] in doc [document with id '84f607b5-8391-4c04-a86f-6d9afad400d9'] has a different number of dimensions [768] than defined in the mapping [1024]"}}}}
2025-11-05 20:58:11,571 - WARNING - Failed item: {'index': {'_index': 'periodic-table-hybrid-search', '_id': '86930993-a218-4543-aa85-629d537a59ca', 'status': 400, 'error': {'type': 'document_parsing_exception', 'reason': "[1:17226] failed to parse: The [dense_vector] field [embedding] in doc [document with id '86930993-a218-4543-aa85-629d537a59ca'] has a different number of dimensions [768] than defined in the mapping [1024]", 'caused_by': {'type': 'illegal_argument_exception', 'reason': "The [dense_vector] field [embedding] in doc [document with id '86930993-a218-4543-aa85-629d537a59ca'] has a different number of dimensions [768] than defined in the mapping [1024]"}}}}
2025-11-05 20:58:11,571 - WARNING - Failed item: {'index': {'_index': 'periodic-table-hybrid-search', '_id': '12a0c6dc-b390-4b1c-a5c4-1e366ca3df86', 'status': 400, 'error': {'type': 'document_parsing_exception', 'reason': "[1:17242] failed to parse: The [dense_vector] field [embedding] in doc [document with id '12a0c6dc-b390-4b1c-a5c4-1e366ca3df86'] has a different number of dimensions [768] than defined in the mapping [1024]", 'caused_by': {'type': 'illegal_argument_exception', 'reason': "The [dense_vector] field [embedding] in doc [document with id '12a0c6dc-b390-4b1c-a5c4-1e366ca3df86'] has a different number of dimensions [768] than defined in the mapping [1024]"}}}}
2025-11-05 20:58:11,571 - WARNING - Failed item: {'index': {'_index': 'periodic-table-hybrid-search', '_id': '546ae6a7-f816-4f6f-aff4-99813a82ef29', 'status': 400, 'error': {'type': 'document_parsing_exception', 'reason': "[1:17142] failed to parse: The [dense_vector] field [embedding] in doc [document with id '546ae6a7-f816-4f6f-aff4-99813a82ef29'] has a different number of dimensions [768] than defined in the mapping [1024]", 'caused_by': {'type': 'illegal_argument_exception', 'reason': "The [dense_vector] field [embedding] in doc [document with id '546ae6a7-f816-4f6f-aff4-99813a82ef29'] has a different number of dimensions [768] than defined in the mapping [1024]"}}}}
2025-11-05 20:58:11,571 - WARNING - Failed item: {'index': {'_index': 'periodic-table-hybrid-search', '_id': 'a388a274-ca32-4024-8f2c-9ca502eefd44', 'status': 400, 'error': {'type': 'document_parsing_exception', 'reason': "[1:17141] failed to parse: The [dense_vector] field [embedding] in doc [document with id 'a388a274-ca32-4024-8f2c-9ca502eefd44'] has a different number of dimensions [768] than defined in the mapping [1024]", 'caused_by': {'type': 'illegal_argument_exception', 'reason': "The [dense_vector] field [embedding] in doc [document with id 'a388a274-ca32-4024-8f2c-9ca502eefd44'] has a different number of dimensions [768] than defined in the mapping [1024]"}}}}
2025-11-05 20:58:11,571 - WARNING - Failed item: {'index': {'_index': 'periodic-table-hybrid-search', '_id': '7c3df93b-2d7d-4a61-b422-5653bc931ff6', 'status': 400, 'error': {'type': 'document_parsing_exception', 'reason': "[1:16748] failed to parse: The [dense_vector] field [embedding] in doc [document with id '7c3df93b-2d7d-4a61-b422-5653bc931ff6'] has a different number of dimensions [768] than defined in the mapping [1024]", 'caused_by': {'type': 'illegal_argument_exception', 'reason': "The [dense_vector] field [embedding] in doc [document with id '7c3df93b-2d7d-4a61-b422-5653bc931ff6'] has a different number of dimensions [768] than defined in the mapping [1024]"}}}}
2025-11-05 20:58:11,571 - WARNING - Failed item: {'index': {'_index': 'periodic-table-hybrid-search', '_id': 'b1f6467d-b982-4992-b574-6ee3c23471a8', 'status': 400, 'error': {'type': 'document_parsing_exception', 'reason': "[1:17560] failed to parse: The [dense_vector] field [embedding] in doc [document with id 'b1f6467d-b982-4992-b574-6ee3c23471a8'] has a different number of dimensions [768] than defined in the mapping [1024]", 'caused_by': {'type': 'illegal_argument_exception', 'reason': "The [dense_vector] field [embedding] in doc [document with id 'b1f6467d-b982-4992-b574-6ee3c23471a8'] has a different number of dimensions [768] than defined in the mapping [1024]"}}}}
2025-11-05 20:58:11,571 - WARNING - Failed item: {'index': {'_index': 'periodic-table-hybrid-search', '_id': '0d6f3208-7fab-4705-9570-a2f14a5ccac8', 'status': 400, 'error': {'type': 'document_parsing_exception', 'reason': "[1:17210] failed to parse: The [dense_vector] field [embedding] in doc [document with id '0d6f3208-7fab-4705-9570-a2f14a5ccac8'] has a different number of dimensions [768] than defined in the mapping [1024]", 'caused_by': {'type': 'illegal_argument_exception', 'reason': "The [dense_vector] field [embedding] in doc [document with id '0d6f3208-7fab-4705-9570-a2f14a5ccac8'] has a different number of dimensions [768] than defined in the mapping [1024]"}}}}
2025-11-05 20:58:11,571 - WARNING - Failed item: {'index': {'_index': 'periodic-table-hybrid-search', '_id': 'c298b0d6-a210-4080-b810-0250bbb09ff3', 'status': 400, 'error': {'type': 'document_parsing_exception', 'reason': "[1:16823] failed to parse: The [dense_vector] field [embedding] in doc [document with id 'c298b0d6-a210-4080-b810-0250bbb09ff3'] has a different number of dimensions [768] than defined in the mapping [1024]", 'caused_by': {'type': 'illegal_argument_exception', 'reason': "The [dense_vector] field [embedding] in doc [document with id 'c298b0d6-a210-4080-b810-0250bbb09ff3'] has a different number of dimensions [768] than defined in the mapping [1024]"}}}}
2025-11-05 20:58:11,571 - WARNING - Failed item: {'index': {'_index': 'periodic-table-hybrid-search', '_id': '0a29b40f-f6e9-4617-bc28-fc0249e890ee', 'status': 400, 'error': {'type': 'document_parsing_exception', 'reason': "[1:28706] failed to parse: The [dense_vector] field [embedding] in doc [document with id '0a29b40f-f6e9-4617-bc28-fc0249e890ee'] has a different number of dimensions [768] than defined in the mapping [1024]", 'caused_by': {'type': 'illegal_argument_exception', 'reason': "The [dense_vector] field [embedding] in doc [document with id '0a29b40f-f6e9-4617-bc28-fc0249e890ee'] has a different number of dimensions [768] than defined in the mapping [1024]"}}}}
2025-11-05 20:58:11,571 - WARNING - Failed item: {'index': {'_index': 'periodic-table-hybrid-search', '_id': '1e97afda-3467-4f78-90ba-efa56ea1960d', 'status': 400, 'error': {'type': 'document_parsing_exception', 'reason': "[1:19212] failed to parse: The [dense_vector] field [embedding] in doc [document with id '1e97afda-3467-4f78-90ba-efa56ea1960d'] has a different number of dimensions [768] than defined in the mapping [1024]", 'caused_by': {'type': 'illegal_argument_exception', 'reason': "The [dense_vector] field [embedding] in doc [document with id '1e97afda-3467-4f78-90ba-efa56ea1960d'] has a different number of dimensions [768] than defined in the mapping [1024]"}}}}
2025-11-05 20:58:11,571 - WARNING - Failed item: {'index': {'_index': 'periodic-table-hybrid-search', '_id': '44eb85a3-e71d-42e9-b6bf-d052a5f1ec36', 'status': 400, 'error': {'type': 'document_parsing_exception', 'reason': "[1:17210] failed to parse: The [dense_vector] field [embedding] in doc [document with id '44eb85a3-e71d-42e9-b6bf-d052a5f1ec36'] has a different number of dimensions [768] than defined in the mapping [1024]", 'caused_by': {'type': 'illegal_argument_exception', 'reason': "The [dense_vector] field [embedding] in doc [document with id '44eb85a3-e71d-42e9-b6bf-d052a5f1ec36'] has a different number of dimensions [768] than defined in the mapping [1024]"}}}}
2025-11-05 20:58:11,571 - WARNING - Failed item: {'index': {'_index': 'periodic-table-hybrid-search', '_id': '3777709d-1969-4544-b677-b020eff5eddf', 'status': 400, 'error': {'type': 'document_parsing_exception', 'reason': "[1:16946] failed to parse: The [dense_vector] field [embedding] in doc [document with id '3777709d-1969-4544-b677-b020eff5eddf'] has a different number of dimensions [768] than defined in the mapping [1024]", 'caused_by': {'type': 'illegal_argument_exception', 'reason': "The [dense_vector] field [embedding] in doc [document with id '3777709d-1969-4544-b677-b020eff5eddf'] has a different number of dimensions [768] than defined in the mapping [1024]"}}}}
2025-11-05 20:58:11,571 - WARNING - Failed item: {'index': {'_index': 'periodic-table-hybrid-search', '_id': '5ed5f51e-4609-4373-9acd-c476b0a8dab8', 'status': 400, 'error': {'type': 'document_parsing_exception', 'reason': "[1:17165] failed to parse: The [dense_vector] field [embedding] in doc [document with id '5ed5f51e-4609-4373-9acd-c476b0a8dab8'] has a different number of dimensions [768] than defined in the mapping [1024]", 'caused_by': {'type': 'illegal_argument_exception', 'reason': "The [dense_vector] field [embedding] in doc [document with id '5ed5f51e-4609-4373-9acd-c476b0a8dab8'] has a different number of dimensions [768] than defined in the mapping [1024]"}}}}
2025-11-05 20:58:11,572 - WARNING - Failed item: {'index': {'_index': 'periodic-table-hybrid-search', '_id': '72b3ac3c-b9e5-4ace-97e3-fd76e7586c44', 'status': 400, 'error': {'type': 'document_parsing_exception', 'reason': "[1:17194] failed to parse: The [dense_vector] field [embedding] in doc [document with id '72b3ac3c-b9e5-4ace-97e3-fd76e7586c44'] has a different number of dimensions [768] than defined in the mapping [1024]", 'caused_by': {'type': 'illegal_argument_exception', 'reason': "The [dense_vector] field [embedding] in doc [document with id '72b3ac3c-b9e5-4ace-97e3-fd76e7586c44'] has a different number of dimensions [768] than defined in the mapping [1024]"}}}}
2025-11-05 20:58:11,572 - WARNING - Failed item: {'index': {'_index': 'periodic-table-hybrid-search', '_id': '902fc742-8d67-4fbf-b3d1-96ba581690db', 'status': 400, 'error': {'type': 'document_parsing_exception', 'reason': "[1:16769] failed to parse: The [dense_vector] field [embedding] in doc [document with id '902fc742-8d67-4fbf-b3d1-96ba581690db'] has a different number of dimensions [768] than defined in the mapping [1024]", 'caused_by': {'type': 'illegal_argument_exception', 'reason': "The [dense_vector] field [embedding] in doc [document with id '902fc742-8d67-4fbf-b3d1-96ba581690db'] has a different number of dimensions [768] than defined in the mapping [1024]"}}}}
2025-11-05 20:58:11,572 - WARNING - Failed item: {'index': {'_index': 'periodic-table-hybrid-search', '_id': '79cb59ca-8563-4a45-9b3d-05d52dccfc0b', 'status': 400, 'error': {'type': 'document_parsing_exception', 'reason': "[1:19448] failed to parse: The [dense_vector] field [embedding] in doc [document with id '79cb59ca-8563-4a45-9b3d-05d52dccfc0b'] has a different number of dimensions [768] than defined in the mapping [1024]", 'caused_by': {'type': 'illegal_argument_exception', 'reason': "The [dense_vector] field [embedding] in doc [document with id '79cb59ca-8563-4a45-9b3d-05d52dccfc0b'] has a different number of dimensions [768] than defined in the mapping [1024]"}}}}
2025-11-05 20:58:11,572 - WARNING - Failed item: {'index': {'_index': 'periodic-table-hybrid-search', '_id': '46c37107-eb53-4574-8bbe-7abcfe9d4970', 'status': 400, 'error': {'type': 'document_parsing_exception', 'reason': "[1:17234] failed to parse: The [dense_vector] field [embedding] in doc [document with id '46c37107-eb53-4574-8bbe-7abcfe9d4970'] has a different number of dimensions [768] than defined in the mapping [1024]", 'caused_by': {'type': 'illegal_argument_exception', 'reason': "The [dense_vector] field [embedding] in doc [document with id '46c37107-eb53-4574-8bbe-7abcfe9d4970'] has a different number of dimensions [768] than defined in the mapping [1024]"}}}}
2025-11-05 20:58:11,572 - WARNING - Failed item: {'index': {'_index': 'periodic-table-hybrid-search', '_id': '95277abd-a6d7-41fe-936a-c4cdd8503899', 'status': 400, 'error': {'type': 'document_parsing_exception', 'reason': "[1:17119] failed to parse: The [dense_vector] field [embedding] in doc [document with id '95277abd-a6d7-41fe-936a-c4cdd8503899'] has a different number of dimensions [768] than defined in the mapping [1024]", 'caused_by': {'type': 'illegal_argument_exception', 'reason': "The [dense_vector] field [embedding] in doc [document with id '95277abd-a6d7-41fe-936a-c4cdd8503899'] has a different number of dimensions [768] than defined in the mapping [1024]"}}}}
2025-11-05 20:58:11,572 - WARNING - Failed item: {'index': {'_index': 'periodic-table-hybrid-search', '_id': 'b8e541b9-31d1-4948-8676-ced04002c3dc', 'status': 400, 'error': {'type': 'document_parsing_exception', 'reason': "[1:17163] failed to parse: The [dense_vector] field [embedding] in doc [document with id 'b8e541b9-31d1-4948-8676-ced04002c3dc'] has a different number of dimensions [768] than defined in the mapping [1024]", 'caused_by': {'type': 'illegal_argument_exception', 'reason': "The [dense_vector] field [embedding] in doc [document with id 'b8e541b9-31d1-4948-8676-ced04002c3dc'] has a different number of dimensions [768] than defined in the mapping [1024]"}}}}
2025-11-05 20:58:11,572 - WARNING - Failed item: {'index': {'_index': 'periodic-table-hybrid-search', '_id': '49856a17-11c6-4913-a943-9bce9688a72e', 'status': 400, 'error': {'type': 'document_parsing_exception', 'reason': "[1:17252] failed to parse: The [dense_vector] field [embedding] in doc [document with id '49856a17-11c6-4913-a943-9bce9688a72e'] has a different number of dimensions [768] than defined in the mapping [1024]", 'caused_by': {'type': 'illegal_argument_exception', 'reason': "The [dense_vector] field [embedding] in doc [document with id '49856a17-11c6-4913-a943-9bce9688a72e'] has a different number of dimensions [768] than defined in the mapping [1024]"}}}}
2025-11-05 20:58:11,572 - WARNING - Failed item: {'index': {'_index': 'periodic-table-hybrid-search', '_id': '8c6cca45-97d7-44ed-95e0-0b19ec81d4c0', 'status': 400, 'error': {'type': 'document_parsing_exception', 'reason': "[1:16770] failed to parse: The [dense_vector] field [embedding] in doc [document with id '8c6cca45-97d7-44ed-95e0-0b19ec81d4c0'] has a different number of dimensions [768] than defined in the mapping [1024]", 'caused_by': {'type': 'illegal_argument_exception', 'reason': "The [dense_vector] field [embedding] in doc [document with id '8c6cca45-97d7-44ed-95e0-0b19ec81d4c0'] has a different number of dimensions [768] than defined in the mapping [1024]"}}}}
2025-11-05 20:58:11,572 - WARNING - Failed item: {'index': {'_index': 'periodic-table-hybrid-search', '_id': '772be5b1-39cf-4bda-9437-2a7d2c65c3fa', 'status': 400, 'error': {'type': 'document_parsing_exception', 'reason': "[1:19696] failed to parse: The [dense_vector] field [embedding] in doc [document with id '772be5b1-39cf-4bda-9437-2a7d2c65c3fa'] has a different number of dimensions [768] than defined in the mapping [1024]", 'caused_by': {'type': 'illegal_argument_exception', 'reason': "The [dense_vector] field [embedding] in doc [document with id '772be5b1-39cf-4bda-9437-2a7d2c65c3fa'] has a different number of dimensions [768] than defined in the mapping [1024]"}}}}
2025-11-05 20:58:11,572 - WARNING - Failed item: {'index': {'_index': 'periodic-table-hybrid-search', '_id': 'ef6f67b2-23af-490f-b1ad-a21c9893c5af', 'status': 400, 'error': {'type': 'document_parsing_exception', 'reason': "[1:17293] failed to parse: The [dense_vector] field [embedding] in doc [document with id 'ef6f67b2-23af-490f-b1ad-a21c9893c5af'] has a different number of dimensions [768] than defined in the mapping [1024]", 'caused_by': {'type': 'illegal_argument_exception', 'reason': "The [dense_vector] field [embedding] in doc [document with id 'ef6f67b2-23af-490f-b1ad-a21c9893c5af'] has a different number of dimensions [768] than defined in the mapping [1024]"}}}}
2025-11-05 20:58:11,572 - WARNING - Failed item: {'index': {'_index': 'periodic-table-hybrid-search', '_id': '5b507b98-4cdc-4ffb-857a-abdf405cdaea', 'status': 400, 'error': {'type': 'document_parsing_exception', 'reason': "[1:17277] failed to parse: The [dense_vector] field [embedding] in doc [document with id '5b507b98-4cdc-4ffb-857a-abdf405cdaea'] has a different number of dimensions [768] than defined in the mapping [1024]", 'caused_by': {'type': 'illegal_argument_exception', 'reason': "The [dense_vector] field [embedding] in doc [document with id '5b507b98-4cdc-4ffb-857a-abdf405cdaea'] has a different number of dimensions [768] than defined in the mapping [1024]"}}}}
2025-11-05 20:58:11,572 - WARNING - Failed item: {'index': {'_index': 'periodic-table-hybrid-search', '_id': 'fe8cf622-7624-413e-9018-cc416efdb88e', 'status': 400, 'error': {'type': 'document_parsing_exception', 'reason': "[1:17222] failed to parse: The [dense_vector] field [embedding] in doc [document with id 'fe8cf622-7624-413e-9018-cc416efdb88e'] has a different number of dimensions [768] than defined in the mapping [1024]", 'caused_by': {'type': 'illegal_argument_exception', 'reason': "The [dense_vector] field [embedding] in doc [document with id 'fe8cf622-7624-413e-9018-cc416efdb88e'] has a different number of dimensions [768] than defined in the mapping [1024]"}}}}
2025-11-05 20:58:11,572 - WARNING - Failed item: {'index': {'_index': 'periodic-table-hybrid-search', '_id': '0140c5dd-900a-4084-9dcc-584aa415ffbf', 'status': 400, 'error': {'type': 'document_parsing_exception', 'reason': "[1:17285] failed to parse: The [dense_vector] field [embedding] in doc [document with id '0140c5dd-900a-4084-9dcc-584aa415ffbf'] has a different number of dimensions [768] than defined in the mapping [1024]", 'caused_by': {'type': 'illegal_argument_exception', 'reason': "The [dense_vector] field [embedding] in doc [document with id '0140c5dd-900a-4084-9dcc-584aa415ffbf'] has a different number of dimensions [768] than defined in the mapping [1024]"}}}}
2025-11-05 20:58:11,572 - WARNING - Failed item: {'index': {'_index': 'periodic-table-hybrid-search', '_id': '1db9b47b-973a-453b-8029-2c381719b6f2', 'status': 400, 'error': {'type': 'document_parsing_exception', 'reason': "[1:16844] failed to parse: The [dense_vector] field [embedding] in doc [document with id '1db9b47b-973a-453b-8029-2c381719b6f2'] has a different number of dimensions [768] than defined in the mapping [1024]", 'caused_by': {'type': 'illegal_argument_exception', 'reason': "The [dense_vector] field [embedding] in doc [document with id '1db9b47b-973a-453b-8029-2c381719b6f2'] has a different number of dimensions [768] than defined in the mapping [1024]"}}}}
2025-11-05 20:58:11,572 - WARNING - Failed item: {'index': {'_index': 'periodic-table-hybrid-search', '_id': '0d679c99-8769-4b77-bb21-7a66ac0ee7b4', 'status': 400, 'error': {'type': 'document_parsing_exception', 'reason': "[1:19889] failed to parse: The [dense_vector] field [embedding] in doc [document with id '0d679c99-8769-4b77-bb21-7a66ac0ee7b4'] has a different number of dimensions [768] than defined in the mapping [1024]", 'caused_by': {'type': 'illegal_argument_exception', 'reason': "The [dense_vector] field [embedding] in doc [document with id '0d679c99-8769-4b77-bb21-7a66ac0ee7b4'] has a different number of dimensions [768] than defined in the mapping [1024]"}}}}
2025-11-05 20:58:14,838 - WARNING - Failed item: {'index': {'_index': 'periodic-table-hybrid-search', '_id': '34a72ab9-f079-4b13-9f2f-d1c212c958be', 'status': 400, 'error': {'type': 'document_parsing_exception', 'reason': "[1:17341] failed to parse: The [dense_vector] field [embedding] in doc [document with id '34a72ab9-f079-4b13-9f2f-d1c212c958be'] has a different number of dimensions [768] than defined in the mapping [1024]", 'caused_by': {'type': 'illegal_argument_exception', 'reason': "The [dense_vector] field [embedding] in doc [document with id '34a72ab9-f079-4b13-9f2f-d1c212c958be'] has a different number of dimensions [768] than defined in the mapping [1024]"}}}}
2025-11-05 20:58:14,838 - WARNING - Failed item: {'index': {'_index': 'periodic-table-hybrid-search', '_id': '9abc85bc-240f-4192-9c84-b41850c3ec9d', 'status': 400, 'error': {'type': 'document_parsing_exception', 'reason': "[1:17373] failed to parse: The [dense_vector] field [embedding] in doc [document with id '9abc85bc-240f-4192-9c84-b41850c3ec9d'] has a different number of dimensions [768] than defined in the mapping [1024]", 'caused_by': {'type': 'illegal_argument_exception', 'reason': "The [dense_vector] field [embedding] in doc [document with id '9abc85bc-240f-4192-9c84-b41850c3ec9d'] has a different number of dimensions [768] than defined in the mapping [1024]"}}}}
2025-11-05 20:58:14,838 - WARNING - Failed item: {'index': {'_index': 'periodic-table-hybrid-search', '_id': 'e809eccd-f533-4d98-864c-3138a1e2067c', 'status': 400, 'error': {'type': 'document_parsing_exception', 'reason': "[1:17337] failed to parse: The [dense_vector] field [embedding] in doc [document with id 'e809eccd-f533-4d98-864c-3138a1e2067c'] has a different number of dimensions [768] than defined in the mapping [1024]", 'caused_by': {'type': 'illegal_argument_exception', 'reason': "The [dense_vector] field [embedding] in doc [document with id 'e809eccd-f533-4d98-864c-3138a1e2067c'] has a different number of dimensions [768] than defined in the mapping [1024]"}}}}
2025-11-05 20:58:14,838 - WARNING - Failed item: {'index': {'_index': 'periodic-table-hybrid-search', '_id': 'f0aaa17c-4dc4-4821-bd4f-c11ae25ece85', 'status': 400, 'error': {'type': 'document_parsing_exception', 'reason': "[1:17316] failed to parse: The [dense_vector] field [embedding] in doc [document with id 'f0aaa17c-4dc4-4821-bd4f-c11ae25ece85'] has a different number of dimensions [768] than defined in the mapping [1024]", 'caused_by': {'type': 'illegal_argument_exception', 'reason': "The [dense_vector] field [embedding] in doc [document with id 'f0aaa17c-4dc4-4821-bd4f-c11ae25ece85'] has a different number of dimensions [768] than defined in the mapping [1024]"}}}}
2025-11-05 20:58:14,838 - WARNING - Failed item: {'index': {'_index': 'periodic-table-hybrid-search', '_id': '8fe564cd-2375-4e54-819b-94d9bb946f36', 'status': 400, 'error': {'type': 'document_parsing_exception', 'reason': "[1:16765] failed to parse: The [dense_vector] field [embedding] in doc [document with id '8fe564cd-2375-4e54-819b-94d9bb946f36'] has a different number of dimensions [768] than defined in the mapping [1024]", 'caused_by': {'type': 'illegal_argument_exception', 'reason': "The [dense_vector] field [embedding] in doc [document with id '8fe564cd-2375-4e54-819b-94d9bb946f36'] has a different number of dimensions [768] than defined in the mapping [1024]"}}}}
2025-11-05 20:58:14,838 - WARNING - Failed item: {'index': {'_index': 'periodic-table-hybrid-search', '_id': '6c1e672e-a648-4d47-be02-714d9ae06884', 'status': 400, 'error': {'type': 'document_parsing_exception', 'reason': "[1:17740] failed to parse: The [dense_vector] field [embedding] in doc [document with id '6c1e672e-a648-4d47-be02-714d9ae06884'] has a different number of dimensions [768] than defined in the mapping [1024]", 'caused_by': {'type': 'illegal_argument_exception', 'reason': "The [dense_vector] field [embedding] in doc [document with id '6c1e672e-a648-4d47-be02-714d9ae06884'] has a different number of dimensions [768] than defined in the mapping [1024]"}}}}
2025-11-05 20:58:14,838 - WARNING - Failed item: {'index': {'_index': 'periodic-table-hybrid-search', '_id': '7283841e-6096-4978-bfcd-8330e1966b4f', 'status': 400, 'error': {'type': 'document_parsing_exception', 'reason': "[1:17243] failed to parse: The [dense_vector] field [embedding] in doc [document with id '7283841e-6096-4978-bfcd-8330e1966b4f'] has a different number of dimensions [768] than defined in the mapping [1024]", 'caused_by': {'type': 'illegal_argument_exception', 'reason': "The [dense_vector] field [embedding] in doc [document with id '7283841e-6096-4978-bfcd-8330e1966b4f'] has a different number of dimensions [768] than defined in the mapping [1024]"}}}}
2025-11-05 20:58:14,838 - WARNING - Failed item: {'index': {'_index': 'periodic-table-hybrid-search', '_id': 'a9f48f26-0ce5-45ad-bdd7-86143f08b7c5', 'status': 400, 'error': {'type': 'document_parsing_exception', 'reason': "[1:16982] failed to parse: The [dense_vector] field [embedding] in doc [document with id 'a9f48f26-0ce5-45ad-bdd7-86143f08b7c5'] has a different number of dimensions [768] than defined in the mapping [1024]", 'caused_by': {'type': 'illegal_argument_exception', 'reason': "The [dense_vector] field [embedding] in doc [document with id 'a9f48f26-0ce5-45ad-bdd7-86143f08b7c5'] has a different number of dimensions [768] than defined in the mapping [1024]"}}}}
2025-11-05 20:58:14,838 - WARNING - Failed item: {'index': {'_index': 'periodic-table-hybrid-search', '_id': '5ab13a8b-7167-49f3-9742-22729427ba67', 'status': 400, 'error': {'type': 'document_parsing_exception', 'reason': "[1:24096] failed to parse: The [dense_vector] field [embedding] in doc [document with id '5ab13a8b-7167-49f3-9742-22729427ba67'] has a different number of dimensions [768] than defined in the mapping [1024]", 'caused_by': {'type': 'illegal_argument_exception', 'reason': "The [dense_vector] field [embedding] in doc [document with id '5ab13a8b-7167-49f3-9742-22729427ba67'] has a different number of dimensions [768] than defined in the mapping [1024]"}}}}
2025-11-05 20:58:14,838 - WARNING - Failed item: {'index': {'_index': 'periodic-table-hybrid-search', '_id': 'e2afce7a-2212-48af-80d8-c6d5e11dc90b', 'status': 400, 'error': {'type': 'document_parsing_exception', 'reason': "[1:19607] failed to parse: The [dense_vector] field [embedding] in doc [document with id 'e2afce7a-2212-48af-80d8-c6d5e11dc90b'] has a different number of dimensions [768] than defined in the mapping [1024]", 'caused_by': {'type': 'illegal_argument_exception', 'reason': "The [dense_vector] field [embedding] in doc [document with id 'e2afce7a-2212-48af-80d8-c6d5e11dc90b'] has a different number of dimensions [768] than defined in the mapping [1024]"}}}}
2025-11-05 20:58:14,838 - WARNING - Failed item: {'index': {'_index': 'periodic-table-hybrid-search', '_id': 'ef11c2c4-b7f7-4bd3-8d29-2d8c9b994570', 'status': 400, 'error': {'type': 'document_parsing_exception', 'reason': "[1:17243] failed to parse: The [dense_vector] field [embedding] in doc [document with id 'ef11c2c4-b7f7-4bd3-8d29-2d8c9b994570'] has a different number of dimensions [768] than defined in the mapping [1024]", 'caused_by': {'type': 'illegal_argument_exception', 'reason': "The [dense_vector] field [embedding] in doc [document with id 'ef11c2c4-b7f7-4bd3-8d29-2d8c9b994570'] has a different number of dimensions [768] than defined in the mapping [1024]"}}}}
2025-11-05 20:58:14,838 - WARNING - Failed item: {'index': {'_index': 'periodic-table-hybrid-search', '_id': '4887da29-797a-4962-b96d-da669d915a2a', 'status': 400, 'error': {'type': 'document_parsing_exception', 'reason': "[1:17266] failed to parse: The [dense_vector] field [embedding] in doc [document with id '4887da29-797a-4962-b96d-da669d915a2a'] has a different number of dimensions [768] than defined in the mapping [1024]", 'caused_by': {'type': 'illegal_argument_exception', 'reason': "The [dense_vector] field [embedding] in doc [document with id '4887da29-797a-4962-b96d-da669d915a2a'] has a different number of dimensions [768] than defined in the mapping [1024]"}}}}
2025-11-05 20:58:14,838 - WARNING - Failed item: {'index': {'_index': 'periodic-table-hybrid-search', '_id': '2bdf2e98-508d-4a93-b2fa-f1e3637ec7d5', 'status': 400, 'error': {'type': 'document_parsing_exception', 'reason': "[1:17275] failed to parse: The [dense_vector] field [embedding] in doc [document with id '2bdf2e98-508d-4a93-b2fa-f1e3637ec7d5'] has a different number of dimensions [768] than defined in the mapping [1024]", 'caused_by': {'type': 'illegal_argument_exception', 'reason': "The [dense_vector] field [embedding] in doc [document with id '2bdf2e98-508d-4a93-b2fa-f1e3637ec7d5'] has a different number of dimensions [768] than defined in the mapping [1024]"}}}}
2025-11-05 20:58:14,838 - WARNING - Failed item: {'index': {'_index': 'periodic-table-hybrid-search', '_id': '1ebbf44d-1bf5-4298-8fad-6d826eb02a22', 'status': 400, 'error': {'type': 'document_parsing_exception', 'reason': "[1:17207] failed to parse: The [dense_vector] field [embedding] in doc [document with id '1ebbf44d-1bf5-4298-8fad-6d826eb02a22'] has a different number of dimensions [768] than defined in the mapping [1024]", 'caused_by': {'type': 'illegal_argument_exception', 'reason': "The [dense_vector] field [embedding] in doc [document with id '1ebbf44d-1bf5-4298-8fad-6d826eb02a22'] has a different number of dimensions [768] than defined in the mapping [1024]"}}}}
2025-11-05 20:58:14,838 - WARNING - Failed item: {'index': {'_index': 'periodic-table-hybrid-search', '_id': 'f8ce9ee5-9b87-4efa-818e-9a8c19cee7e7', 'status': 400, 'error': {'type': 'document_parsing_exception', 'reason': "[1:16777] failed to parse: The [dense_vector] field [embedding] in doc [document with id 'f8ce9ee5-9b87-4efa-818e-9a8c19cee7e7'] has a different number of dimensions [768] than defined in the mapping [1024]", 'caused_by': {'type': 'illegal_argument_exception', 'reason': "The [dense_vector] field [embedding] in doc [document with id 'f8ce9ee5-9b87-4efa-818e-9a8c19cee7e7'] has a different number of dimensions [768] than defined in the mapping [1024]"}}}}
2025-11-05 20:58:14,838 - WARNING - Failed item: {'index': {'_index': 'periodic-table-hybrid-search', '_id': '5a4f8606-b213-447a-b36b-695e639b42f4', 'status': 400, 'error': {'type': 'document_parsing_exception', 'reason': "[1:19670] failed to parse: The [dense_vector] field [embedding] in doc [document with id '5a4f8606-b213-447a-b36b-695e639b42f4'] has a different number of dimensions [768] than defined in the mapping [1024]", 'caused_by': {'type': 'illegal_argument_exception', 'reason': "The [dense_vector] field [embedding] in doc [document with id '5a4f8606-b213-447a-b36b-695e639b42f4'] has a different number of dimensions [768] than defined in the mapping [1024]"}}}}
2025-11-05 20:58:14,838 - WARNING - Failed item: {'index': {'_index': 'periodic-table-hybrid-search', '_id': 'be5c60db-53d6-4be4-b466-84238832daec', 'status': 400, 'error': {'type': 'document_parsing_exception', 'reason': "[1:17295] failed to parse: The [dense_vector] field [embedding] in doc [document with id 'be5c60db-53d6-4be4-b466-84238832daec'] has a different number of dimensions [768] than defined in the mapping [1024]", 'caused_by': {'type': 'illegal_argument_exception', 'reason': "The [dense_vector] field [embedding] in doc [document with id 'be5c60db-53d6-4be4-b466-84238832daec'] has a different number of dimensions [768] than defined in the mapping [1024]"}}}}
2025-11-05 20:58:14,838 - WARNING - Failed item: {'index': {'_index': 'periodic-table-hybrid-search', '_id': 'c736a6b6-5db5-4749-97e6-28cf1e174efd', 'status': 400, 'error': {'type': 'document_parsing_exception', 'reason': "[1:17264] failed to parse: The [dense_vector] field [embedding] in doc [document with id 'c736a6b6-5db5-4749-97e6-28cf1e174efd'] has a different number of dimensions [768] than defined in the mapping [1024]", 'caused_by': {'type': 'illegal_argument_exception', 'reason': "The [dense_vector] field [embedding] in doc [document with id 'c736a6b6-5db5-4749-97e6-28cf1e174efd'] has a different number of dimensions [768] than defined in the mapping [1024]"}}}}
2025-11-05 20:58:14,838 - WARNING - Failed item: {'index': {'_index': 'periodic-table-hybrid-search', '_id': '37b7411c-82c3-413d-b46f-4ad7065fb787', 'status': 400, 'error': {'type': 'document_parsing_exception', 'reason': "[1:17237] failed to parse: The [dense_vector] field [embedding] in doc [document with id '37b7411c-82c3-413d-b46f-4ad7065fb787'] has a different number of dimensions [768] than defined in the mapping [1024]", 'caused_by': {'type': 'illegal_argument_exception', 'reason': "The [dense_vector] field [embedding] in doc [document with id '37b7411c-82c3-413d-b46f-4ad7065fb787'] has a different number of dimensions [768] than defined in the mapping [1024]"}}}}
2025-11-05 20:58:14,838 - WARNING - Failed item: {'index': {'_index': 'periodic-table-hybrid-search', '_id': '0e73b08e-c9a5-4768-b87f-faccc767418d', 'status': 400, 'error': {'type': 'document_parsing_exception', 'reason': "[1:17348] failed to parse: The [dense_vector] field [embedding] in doc [document with id '0e73b08e-c9a5-4768-b87f-faccc767418d'] has a different number of dimensions [768] than defined in the mapping [1024]", 'caused_by': {'type': 'illegal_argument_exception', 'reason': "The [dense_vector] field [embedding] in doc [document with id '0e73b08e-c9a5-4768-b87f-faccc767418d'] has a different number of dimensions [768] than defined in the mapping [1024]"}}}}
2025-11-05 20:58:14,838 - WARNING - Failed item: {'index': {'_index': 'periodic-table-hybrid-search', '_id': '01f09aa6-69b9-412d-87b7-0ee67bcc8d45', 'status': 400, 'error': {'type': 'document_parsing_exception', 'reason': "[1:16809] failed to parse: The [dense_vector] field [embedding] in doc [document with id '01f09aa6-69b9-412d-87b7-0ee67bcc8d45'] has a different number of dimensions [768] than defined in the mapping [1024]", 'caused_by': {'type': 'illegal_argument_exception', 'reason': "The [dense_vector] field [embedding] in doc [document with id '01f09aa6-69b9-412d-87b7-0ee67bcc8d45'] has a different number of dimensions [768] than defined in the mapping [1024]"}}}}
2025-11-05 20:58:14,838 - WARNING - Failed item: {'index': {'_index': 'periodic-table-hybrid-search', '_id': '1236f038-18a3-4d3d-a070-ec334ee55a43', 'status': 400, 'error': {'type': 'document_parsing_exception', 'reason': "[1:18470] failed to parse: The [dense_vector] field [embedding] in doc [document with id '1236f038-18a3-4d3d-a070-ec334ee55a43'] has a different number of dimensions [768] than defined in the mapping [1024]", 'caused_by': {'type': 'illegal_argument_exception', 'reason': "The [dense_vector] field [embedding] in doc [document with id '1236f038-18a3-4d3d-a070-ec334ee55a43'] has a different number of dimensions [768] than defined in the mapping [1024]"}}}}
2025-11-05 20:58:14,838 - WARNING - Failed item: {'index': {'_index': 'periodic-table-hybrid-search', '_id': '5fcf0d54-d59d-4c18-9527-b5b2cb3eb9b1', 'status': 400, 'error': {'type': 'document_parsing_exception', 'reason': "[1:17251] failed to parse: The [dense_vector] field [embedding] in doc [document with id '5fcf0d54-d59d-4c18-9527-b5b2cb3eb9b1'] has a different number of dimensions [768] than defined in the mapping [1024]", 'caused_by': {'type': 'illegal_argument_exception', 'reason': "The [dense_vector] field [embedding] in doc [document with id '5fcf0d54-d59d-4c18-9527-b5b2cb3eb9b1'] has a different number of dimensions [768] than defined in the mapping [1024]"}}}}
2025-11-05 20:58:14,838 - WARNING - Failed item: {'index': {'_index': 'periodic-table-hybrid-search', '_id': 'e1436883-a2a9-48ff-aa57-04f57784c5ab', 'status': 400, 'error': {'type': 'document_parsing_exception', 'reason': "[1:17273] failed to parse: The [dense_vector] field [embedding] in doc [document with id 'e1436883-a2a9-48ff-aa57-04f57784c5ab'] has a different number of dimensions [768] than defined in the mapping [1024]", 'caused_by': {'type': 'illegal_argument_exception', 'reason': "The [dense_vector] field [embedding] in doc [document with id 'e1436883-a2a9-48ff-aa57-04f57784c5ab'] has a different number of dimensions [768] than defined in the mapping [1024]"}}}}
2025-11-05 20:58:14,838 - WARNING - Failed item: {'index': {'_index': 'periodic-table-hybrid-search', '_id': 'be5dd6f8-db22-4ba4-b675-197a0e686bba', 'status': 400, 'error': {'type': 'document_parsing_exception', 'reason': "[1:17067] failed to parse: The [dense_vector] field [embedding] in doc [document with id 'be5dd6f8-db22-4ba4-b675-197a0e686bba'] has a different number of dimensions [768] than defined in the mapping [1024]", 'caused_by': {'type': 'illegal_argument_exception', 'reason': "The [dense_vector] field [embedding] in doc [document with id 'be5dd6f8-db22-4ba4-b675-197a0e686bba'] has a different number of dimensions [768] than defined in the mapping [1024]"}}}}
2025-11-05 20:58:14,838 - WARNING - Failed item: {'index': {'_index': 'periodic-table-hybrid-search', '_id': '60f31c60-db49-4e15-a78b-a470a97808ef', 'status': 400, 'error': {'type': 'document_parsing_exception', 'reason': "[1:17666] failed to parse: The [dense_vector] field [embedding] in doc [document with id '60f31c60-db49-4e15-a78b-a470a97808ef'] has a different number of dimensions [768] than defined in the mapping [1024]", 'caused_by': {'type': 'illegal_argument_exception', 'reason': "The [dense_vector] field [embedding] in doc [document with id '60f31c60-db49-4e15-a78b-a470a97808ef'] has a different number of dimensions [768] than defined in the mapping [1024]"}}}}
2025-11-05 20:58:14,838 - WARNING - Failed item: {'index': {'_index': 'periodic-table-hybrid-search', '_id': '1c5342ee-53fe-4e3f-ad51-b550380b36dd', 'status': 400, 'error': {'type': 'document_parsing_exception', 'reason': "[1:17701] failed to parse: The [dense_vector] field [embedding] in doc [document with id '1c5342ee-53fe-4e3f-ad51-b550380b36dd'] has a different number of dimensions [768] than defined in the mapping [1024]", 'caused_by': {'type': 'illegal_argument_exception', 'reason': "The [dense_vector] field [embedding] in doc [document with id '1c5342ee-53fe-4e3f-ad51-b550380b36dd'] has a different number of dimensions [768] than defined in the mapping [1024]"}}}}
2025-11-05 20:58:14,838 - WARNING - Failed item: {'index': {'_index': 'periodic-table-hybrid-search', '_id': '56ab3d43-b6f7-4f34-af06-493bde3d22f6', 'status': 400, 'error': {'type': 'document_parsing_exception', 'reason': "[1:17257] failed to parse: The [dense_vector] field [embedding] in doc [document with id '56ab3d43-b6f7-4f34-af06-493bde3d22f6'] has a different number of dimensions [768] than defined in the mapping [1024]", 'caused_by': {'type': 'illegal_argument_exception', 'reason': "The [dense_vector] field [embedding] in doc [document with id '56ab3d43-b6f7-4f34-af06-493bde3d22f6'] has a different number of dimensions [768] than defined in the mapping [1024]"}}}}
2025-11-05 20:58:14,838 - WARNING - Failed item: {'index': {'_index': 'periodic-table-hybrid-search', '_id': 'c6ba0623-8d86-48fc-88c1-51e1ee14f7a3', 'status': 400, 'error': {'type': 'document_parsing_exception', 'reason': "[1:16956] failed to parse: The [dense_vector] field [embedding] in doc [document with id 'c6ba0623-8d86-48fc-88c1-51e1ee14f7a3'] has a different number of dimensions [768] than defined in the mapping [1024]", 'caused_by': {'type': 'illegal_argument_exception', 'reason': "The [dense_vector] field [embedding] in doc [document with id 'c6ba0623-8d86-48fc-88c1-51e1ee14f7a3'] has a different number of dimensions [768] than defined in the mapping [1024]"}}}}
2025-11-05 20:58:14,839 - WARNING - Failed item: {'index': {'_index': 'periodic-table-hybrid-search', '_id': '9f7d6601-3d5d-4ffa-ab7c-c0405f250a0a', 'status': 400, 'error': {'type': 'document_parsing_exception', 'reason': "[1:29451] failed to parse: The [dense_vector] field [embedding] in doc [document with id '9f7d6601-3d5d-4ffa-ab7c-c0405f250a0a'] has a different number of dimensions [768] than defined in the mapping [1024]", 'caused_by': {'type': 'illegal_argument_exception', 'reason': "The [dense_vector] field [embedding] in doc [document with id '9f7d6601-3d5d-4ffa-ab7c-c0405f250a0a'] has a different number of dimensions [768] than defined in the mapping [1024]"}}}}
2025-11-05 20:58:14,839 - WARNING - Failed item: {'index': {'_index': 'periodic-table-hybrid-search', '_id': '4996d113-1550-45c7-b2ce-290c8584c513', 'status': 400, 'error': {'type': 'document_parsing_exception', 'reason': "[1:19762] failed to parse: The [dense_vector] field [embedding] in doc [document with id '4996d113-1550-45c7-b2ce-290c8584c513'] has a different number of dimensions [768] than defined in the mapping [1024]", 'caused_by': {'type': 'illegal_argument_exception', 'reason': "The [dense_vector] field [embedding] in doc [document with id '4996d113-1550-45c7-b2ce-290c8584c513'] has a different number of dimensions [768] than defined in the mapping [1024]"}}}}
2025-11-05 20:58:14,839 - WARNING - Failed item: {'index': {'_index': 'periodic-table-hybrid-search', '_id': '3b1d41a3-6394-4259-ab3f-65183b145c11', 'status': 400, 'error': {'type': 'document_parsing_exception', 'reason': "[1:17251] failed to parse: The [dense_vector] field [embedding] in doc [document with id '3b1d41a3-6394-4259-ab3f-65183b145c11'] has a different number of dimensions [768] than defined in the mapping [1024]", 'caused_by': {'type': 'illegal_argument_exception', 'reason': "The [dense_vector] field [embedding] in doc [document with id '3b1d41a3-6394-4259-ab3f-65183b145c11'] has a different number of dimensions [768] than defined in the mapping [1024]"}}}}
2025-11-05 20:58:14,839 - WARNING - Failed item: {'index': {'_index': 'periodic-table-hybrid-search', '_id': 'e0e81b5c-fd8b-4dc3-aeee-12ef1156807b', 'status': 400, 'error': {'type': 'document_parsing_exception', 'reason': "[1:17282] failed to parse: The [dense_vector] field [embedding] in doc [document with id 'e0e81b5c-fd8b-4dc3-aeee-12ef1156807b'] has a different number of dimensions [768] than defined in the mapping [1024]", 'caused_by': {'type': 'illegal_argument_exception', 'reason': "The [dense_vector] field [embedding] in doc [document with id 'e0e81b5c-fd8b-4dc3-aeee-12ef1156807b'] has a different number of dimensions [768] than defined in the mapping [1024]"}}}}
2025-11-05 20:58:14,839 - WARNING - Failed item: {'index': {'_index': 'periodic-table-hybrid-search', '_id': '8e488eb4-78ea-4ad8-ba9a-d073a420f75b', 'status': 400, 'error': {'type': 'document_parsing_exception', 'reason': "[1:17232] failed to parse: The [dense_vector] field [embedding] in doc [document with id '8e488eb4-78ea-4ad8-ba9a-d073a420f75b'] has a different number of dimensions [768] than defined in the mapping [1024]", 'caused_by': {'type': 'illegal_argument_exception', 'reason': "The [dense_vector] field [embedding] in doc [document with id '8e488eb4-78ea-4ad8-ba9a-d073a420f75b'] has a different number of dimensions [768] than defined in the mapping [1024]"}}}}
2025-11-05 20:58:14,839 - WARNING - Failed item: {'index': {'_index': 'periodic-table-hybrid-search', '_id': 'bf774ec4-6b0e-44d8-9b8a-d6fbc045da2a', 'status': 400, 'error': {'type': 'document_parsing_exception', 'reason': "[1:17330] failed to parse: The [dense_vector] field [embedding] in doc [document with id 'bf774ec4-6b0e-44d8-9b8a-d6fbc045da2a'] has a different number of dimensions [768] than defined in the mapping [1024]", 'caused_by': {'type': 'illegal_argument_exception', 'reason': "The [dense_vector] field [embedding] in doc [document with id 'bf774ec4-6b0e-44d8-9b8a-d6fbc045da2a'] has a different number of dimensions [768] than defined in the mapping [1024]"}}}}
2025-11-05 20:58:14,839 - WARNING - Failed item: {'index': {'_index': 'periodic-table-hybrid-search', '_id': 'ecd4c0fa-05e9-4eef-a480-a71af680105a', 'status': 400, 'error': {'type': 'document_parsing_exception', 'reason': "[1:16803] failed to parse: The [dense_vector] field [embedding] in doc [document with id 'ecd4c0fa-05e9-4eef-a480-a71af680105a'] has a different number of dimensions [768] than defined in the mapping [1024]", 'caused_by': {'type': 'illegal_argument_exception', 'reason': "The [dense_vector] field [embedding] in doc [document with id 'ecd4c0fa-05e9-4eef-a480-a71af680105a'] has a different number of dimensions [768] than defined in the mapping [1024]"}}}}
2025-11-05 20:58:14,839 - WARNING - Failed item: {'index': {'_index': 'periodic-table-hybrid-search', '_id': 'a4e7f97f-a522-4485-89e5-0c289535f495', 'status': 400, 'error': {'type': 'document_parsing_exception', 'reason': "[1:19657] failed to parse: The [dense_vector] field [embedding] in doc [document with id 'a4e7f97f-a522-4485-89e5-0c289535f495'] has a different number of dimensions [768] than defined in the mapping [1024]", 'caused_by': {'type': 'illegal_argument_exception', 'reason': "The [dense_vector] field [embedding] in doc [document with id 'a4e7f97f-a522-4485-89e5-0c289535f495'] has a different number of dimensions [768] than defined in the mapping [1024]"}}}}
2025-11-05 20:58:14,839 - WARNING - Failed item: {'index': {'_index': 'periodic-table-hybrid-search', '_id': '9943d309-02f2-445e-ae5b-9ae72b18bd24', 'status': 400, 'error': {'type': 'document_parsing_exception', 'reason': "[1:17308] failed to parse: The [dense_vector] field [embedding] in doc [document with id '9943d309-02f2-445e-ae5b-9ae72b18bd24'] has a different number of dimensions [768] than defined in the mapping [1024]", 'caused_by': {'type': 'illegal_argument_exception', 'reason': "The [dense_vector] field [embedding] in doc [document with id '9943d309-02f2-445e-ae5b-9ae72b18bd24'] has a different number of dimensions [768] than defined in the mapping [1024]"}}}}
2025-11-05 20:58:14,839 - WARNING - Failed item: {'index': {'_index': 'periodic-table-hybrid-search', '_id': '7f9614b0-b7e7-4894-967f-4f7f15c7f821', 'status': 400, 'error': {'type': 'document_parsing_exception', 'reason': "[1:17329] failed to parse: The [dense_vector] field [embedding] in doc [document with id '7f9614b0-b7e7-4894-967f-4f7f15c7f821'] has a different number of dimensions [768] than defined in the mapping [1024]", 'caused_by': {'type': 'illegal_argument_exception', 'reason': "The [dense_vector] field [embedding] in doc [document with id '7f9614b0-b7e7-4894-967f-4f7f15c7f821'] has a different number of dimensions [768] than defined in the mapping [1024]"}}}}
2025-11-05 20:58:14,839 - WARNING - Failed item: {'index': {'_index': 'periodic-table-hybrid-search', '_id': '326ba239-51b3-4647-81fb-00cb7f6febef', 'status': 400, 'error': {'type': 'document_parsing_exception', 'reason': "[1:17246] failed to parse: The [dense_vector] field [embedding] in doc [document with id '326ba239-51b3-4647-81fb-00cb7f6febef'] has a different number of dimensions [768] than defined in the mapping [1024]", 'caused_by': {'type': 'illegal_argument_exception', 'reason': "The [dense_vector] field [embedding] in doc [document with id '326ba239-51b3-4647-81fb-00cb7f6febef'] has a different number of dimensions [768] than defined in the mapping [1024]"}}}}
2025-11-05 20:58:14,839 - WARNING - Failed item: {'index': {'_index': 'periodic-table-hybrid-search', '_id': 'ffe03cf3-aad1-43e0-9d6b-32d4c51602f7', 'status': 400, 'error': {'type': 'document_parsing_exception', 'reason': "[1:17251] failed to parse: The [dense_vector] field [embedding] in doc [document with id 'ffe03cf3-aad1-43e0-9d6b-32d4c51602f7'] has a different number of dimensions [768] than defined in the mapping [1024]", 'caused_by': {'type': 'illegal_argument_exception', 'reason': "The [dense_vector] field [embedding] in doc [document with id 'ffe03cf3-aad1-43e0-9d6b-32d4c51602f7'] has a different number of dimensions [768] than defined in the mapping [1024]"}}}}
2025-11-05 20:58:14,839 - WARNING - Failed item: {'index': {'_index': 'periodic-table-hybrid-search', '_id': 'fdc741ed-f585-4907-a8a9-216935e09cfe', 'status': 400, 'error': {'type': 'document_parsing_exception', 'reason': "[1:16716] failed to parse: The [dense_vector] field [embedding] in doc [document with id 'fdc741ed-f585-4907-a8a9-216935e09cfe'] has a different number of dimensions [768] than defined in the mapping [1024]", 'caused_by': {'type': 'illegal_argument_exception', 'reason': "The [dense_vector] field [embedding] in doc [document with id 'fdc741ed-f585-4907-a8a9-216935e09cfe'] has a different number of dimensions [768] than defined in the mapping [1024]"}}}}
2025-11-05 20:58:14,839 - WARNING - Failed item: {'index': {'_index': 'periodic-table-hybrid-search', '_id': 'df3b6fce-cf8e-48cd-9b43-6d031fd6874a', 'status': 400, 'error': {'type': 'document_parsing_exception', 'reason': "[1:19699] failed to parse: The [dense_vector] field [embedding] in doc [document with id 'df3b6fce-cf8e-48cd-9b43-6d031fd6874a'] has a different number of dimensions [768] than defined in the mapping [1024]", 'caused_by': {'type': 'illegal_argument_exception', 'reason': "The [dense_vector] field [embedding] in doc [document with id 'df3b6fce-cf8e-48cd-9b43-6d031fd6874a'] has a different number of dimensions [768] than defined in the mapping [1024]"}}}}
2025-11-05 20:58:14,839 - WARNING - Failed item: {'index': {'_index': 'periodic-table-hybrid-search', '_id': '1b3ae141-0856-4ce2-ba87-f71388bd0d24', 'status': 400, 'error': {'type': 'document_parsing_exception', 'reason': "[1:17267] failed to parse: The [dense_vector] field [embedding] in doc [document with id '1b3ae141-0856-4ce2-ba87-f71388bd0d24'] has a different number of dimensions [768] than defined in the mapping [1024]", 'caused_by': {'type': 'illegal_argument_exception', 'reason': "The [dense_vector] field [embedding] in doc [document with id '1b3ae141-0856-4ce2-ba87-f71388bd0d24'] has a different number of dimensions [768] than defined in the mapping [1024]"}}}}
2025-11-05 20:58:14,839 - WARNING - Failed item: {'index': {'_index': 'periodic-table-hybrid-search', '_id': 'bed7f408-a3b3-4626-a077-0d1a7d999197', 'status': 400, 'error': {'type': 'document_parsing_exception', 'reason': "[1:17310] failed to parse: The [dense_vector] field [embedding] in doc [document with id 'bed7f408-a3b3-4626-a077-0d1a7d999197'] has a different number of dimensions [768] than defined in the mapping [1024]", 'caused_by': {'type': 'illegal_argument_exception', 'reason': "The [dense_vector] field [embedding] in doc [document with id 'bed7f408-a3b3-4626-a077-0d1a7d999197'] has a different number of dimensions [768] than defined in the mapping [1024]"}}}}
2025-11-05 20:58:14,839 - WARNING - Failed item: {'index': {'_index': 'periodic-table-hybrid-search', '_id': '8882605d-a7f7-454e-adf5-1a7b46d03a3b', 'status': 400, 'error': {'type': 'document_parsing_exception', 'reason': "[1:17320] failed to parse: The [dense_vector] field [embedding] in doc [document with id '8882605d-a7f7-454e-adf5-1a7b46d03a3b'] has a different number of dimensions [768] than defined in the mapping [1024]", 'caused_by': {'type': 'illegal_argument_exception', 'reason': "The [dense_vector] field [embedding] in doc [document with id '8882605d-a7f7-454e-adf5-1a7b46d03a3b'] has a different number of dimensions [768] than defined in the mapping [1024]"}}}}
2025-11-05 20:58:14,839 - WARNING - Failed item: {'index': {'_index': 'periodic-table-hybrid-search', '_id': '9b16ca60-f62f-4b97-8fb6-bd0fe5257655', 'status': 400, 'error': {'type': 'document_parsing_exception', 'reason': "[1:17308] failed to parse: The [dense_vector] field [embedding] in doc [document with id '9b16ca60-f62f-4b97-8fb6-bd0fe5257655'] has a different number of dimensions [768] than defined in the mapping [1024]", 'caused_by': {'type': 'illegal_argument_exception', 'reason': "The [dense_vector] field [embedding] in doc [document with id '9b16ca60-f62f-4b97-8fb6-bd0fe5257655'] has a different number of dimensions [768] than defined in the mapping [1024]"}}}}
2025-11-05 20:58:14,839 - WARNING - Failed item: {'index': {'_index': 'periodic-table-hybrid-search', '_id': '203dacdf-7c5d-48a7-b965-deaaaaf696fb', 'status': 400, 'error': {'type': 'document_parsing_exception', 'reason': "[1:16832] failed to parse: The [dense_vector] field [embedding] in doc [document with id '203dacdf-7c5d-48a7-b965-deaaaaf696fb'] has a different number of dimensions [768] than defined in the mapping [1024]", 'caused_by': {'type': 'illegal_argument_exception', 'reason': "The [dense_vector] field [embedding] in doc [document with id '203dacdf-7c5d-48a7-b965-deaaaaf696fb'] has a different number of dimensions [768] than defined in the mapping [1024]"}}}}
2025-11-05 20:58:14,839 - WARNING - Failed item: {'index': {'_index': 'periodic-table-hybrid-search', '_id': '944b463e-23c0-4817-a80a-219939081707', 'status': 400, 'error': {'type': 'document_parsing_exception', 'reason': "[1:19775] failed to parse: The [dense_vector] field [embedding] in doc [document with id '944b463e-23c0-4817-a80a-219939081707'] has a different number of dimensions [768] than defined in the mapping [1024]", 'caused_by': {'type': 'illegal_argument_exception', 'reason': "The [dense_vector] field [embedding] in doc [document with id '944b463e-23c0-4817-a80a-219939081707'] has a different number of dimensions [768] than defined in the mapping [1024]"}}}}
2025-11-05 20:58:14,839 - WARNING - Failed item: {'index': {'_index': 'periodic-table-hybrid-search', '_id': '1fe4f2b4-021e-47f7-ad78-ad22cc946e4f', 'status': 400, 'error': {'type': 'document_parsing_exception', 'reason': "[1:17317] failed to parse: The [dense_vector] field [embedding] in doc [document with id '1fe4f2b4-021e-47f7-ad78-ad22cc946e4f'] has a different number of dimensions [768] than defined in the mapping [1024]", 'caused_by': {'type': 'illegal_argument_exception', 'reason': "The [dense_vector] field [embedding] in doc [document with id '1fe4f2b4-021e-47f7-ad78-ad22cc946e4f'] has a different number of dimensions [768] than defined in the mapping [1024]"}}}}
2025-11-05 20:58:14,839 - WARNING - Failed item: {'index': {'_index': 'periodic-table-hybrid-search', '_id': '2e137793-2a99-487c-a72f-e67dc61bb94d', 'status': 400, 'error': {'type': 'document_parsing_exception', 'reason': "[1:17255] failed to parse: The [dense_vector] field [embedding] in doc [document with id '2e137793-2a99-487c-a72f-e67dc61bb94d'] has a different number of dimensions [768] than defined in the mapping [1024]", 'caused_by': {'type': 'illegal_argument_exception', 'reason': "The [dense_vector] field [embedding] in doc [document with id '2e137793-2a99-487c-a72f-e67dc61bb94d'] has a different number of dimensions [768] than defined in the mapping [1024]"}}}}
2025-11-05 20:58:14,839 - WARNING - Failed item: {'index': {'_index': 'periodic-table-hybrid-search', '_id': 'a7328c2f-5406-46d0-9d84-192cfce2804f', 'status': 400, 'error': {'type': 'document_parsing_exception', 'reason': "[1:17250] failed to parse: The [dense_vector] field [embedding] in doc [document with id 'a7328c2f-5406-46d0-9d84-192cfce2804f'] has a different number of dimensions [768] than defined in the mapping [1024]", 'caused_by': {'type': 'illegal_argument_exception', 'reason': "The [dense_vector] field [embedding] in doc [document with id 'a7328c2f-5406-46d0-9d84-192cfce2804f'] has a different number of dimensions [768] than defined in the mapping [1024]"}}}}
2025-11-05 20:58:14,839 - WARNING - Failed item: {'index': {'_index': 'periodic-table-hybrid-search', '_id': 'be03354b-a4de-4e5a-b196-c0617762780e', 'status': 400, 'error': {'type': 'document_parsing_exception', 'reason': "[1:17309] failed to parse: The [dense_vector] field [embedding] in doc [document with id 'be03354b-a4de-4e5a-b196-c0617762780e'] has a different number of dimensions [768] than defined in the mapping [1024]", 'caused_by': {'type': 'illegal_argument_exception', 'reason': "The [dense_vector] field [embedding] in doc [document with id 'be03354b-a4de-4e5a-b196-c0617762780e'] has a different number of dimensions [768] than defined in the mapping [1024]"}}}}
2025-11-05 20:58:14,839 - WARNING - Failed item: {'index': {'_index': 'periodic-table-hybrid-search', '_id': '7d93cfab-8d2d-4bc6-966a-4d89a2eabc2c', 'status': 400, 'error': {'type': 'document_parsing_exception', 'reason': "[1:16776] failed to parse: The [dense_vector] field [embedding] in doc [document with id '7d93cfab-8d2d-4bc6-966a-4d89a2eabc2c'] has a different number of dimensions [768] than defined in the mapping [1024]", 'caused_by': {'type': 'illegal_argument_exception', 'reason': "The [dense_vector] field [embedding] in doc [document with id '7d93cfab-8d2d-4bc6-966a-4d89a2eabc2c'] has a different number of dimensions [768] than defined in the mapping [1024]"}}}}
2025-11-05 20:58:14,839 - WARNING - Failed item: {'index': {'_index': 'periodic-table-hybrid-search', '_id': '6ecbd34d-d95b-4073-b775-c1391f5e3fab', 'status': 400, 'error': {'type': 'document_parsing_exception', 'reason': "[1:17706] failed to parse: The [dense_vector] field [embedding] in doc [document with id '6ecbd34d-d95b-4073-b775-c1391f5e3fab'] has a different number of dimensions [768] than defined in the mapping [1024]", 'caused_by': {'type': 'illegal_argument_exception', 'reason': "The [dense_vector] field [embedding] in doc [document with id '6ecbd34d-d95b-4073-b775-c1391f5e3fab'] has a different number of dimensions [768] than defined in the mapping [1024]"}}}}
2025-11-05 20:58:14,839 - WARNING - Failed item: {'index': {'_index': 'periodic-table-hybrid-search', '_id': '2b39f7a9-d3f0-4a15-99df-b6380e84df7e', 'status': 400, 'error': {'type': 'document_parsing_exception', 'reason': "[1:17268] failed to parse: The [dense_vector] field [embedding] in doc [document with id '2b39f7a9-d3f0-4a15-99df-b6380e84df7e'] has a different number of dimensions [768] than defined in the mapping [1024]", 'caused_by': {'type': 'illegal_argument_exception', 'reason': "The [dense_vector] field [embedding] in doc [document with id '2b39f7a9-d3f0-4a15-99df-b6380e84df7e'] has a different number of dimensions [768] than defined in the mapping [1024]"}}}}
2025-11-05 20:58:14,839 - WARNING - Failed item: {'index': {'_index': 'periodic-table-hybrid-search', '_id': 'f4a2ac22-2267-4713-a4a6-1cf4266e5477', 'status': 400, 'error': {'type': 'document_parsing_exception', 'reason': "[1:16992] failed to parse: The [dense_vector] field [embedding] in doc [document with id 'f4a2ac22-2267-4713-a4a6-1cf4266e5477'] has a different number of dimensions [768] than defined in the mapping [1024]", 'caused_by': {'type': 'illegal_argument_exception', 'reason': "The [dense_vector] field [embedding] in doc [document with id 'f4a2ac22-2267-4713-a4a6-1cf4266e5477'] has a different number of dimensions [768] than defined in the mapping [1024]"}}}}
2025-11-05 20:58:14,839 - WARNING - Failed item: {'index': {'_index': 'periodic-table-hybrid-search', '_id': 'abe665fb-4475-4346-81ac-8e0f32cf6c9d', 'status': 400, 'error': {'type': 'document_parsing_exception', 'reason': "[1:29164] failed to parse: The [dense_vector] field [embedding] in doc [document with id 'abe665fb-4475-4346-81ac-8e0f32cf6c9d'] has a different number of dimensions [768] than defined in the mapping [1024]", 'caused_by': {'type': 'illegal_argument_exception', 'reason': "The [dense_vector] field [embedding] in doc [document with id 'abe665fb-4475-4346-81ac-8e0f32cf6c9d'] has a different number of dimensions [768] than defined in the mapping [1024]"}}}}
2025-11-05 20:58:14,839 - WARNING - Failed item: {'index': {'_index': 'periodic-table-hybrid-search', '_id': 'f0c5f8d9-f7ee-4c4f-af5b-5693caac7cff', 'status': 400, 'error': {'type': 'document_parsing_exception', 'reason': "[1:19664] failed to parse: The [dense_vector] field [embedding] in doc [document with id 'f0c5f8d9-f7ee-4c4f-af5b-5693caac7cff'] has a different number of dimensions [768] than defined in the mapping [1024]", 'caused_by': {'type': 'illegal_argument_exception', 'reason': "The [dense_vector] field [embedding] in doc [document with id 'f0c5f8d9-f7ee-4c4f-af5b-5693caac7cff'] has a different number of dimensions [768] than defined in the mapping [1024]"}}}}
2025-11-05 20:58:14,839 - WARNING - Failed item: {'index': {'_index': 'periodic-table-hybrid-search', '_id': '3d2c1cf8-4c8f-41d5-8b0a-2577fc76724e', 'status': 400, 'error': {'type': 'document_parsing_exception', 'reason': "[1:17268] failed to parse: The [dense_vector] field [embedding] in doc [document with id '3d2c1cf8-4c8f-41d5-8b0a-2577fc76724e'] has a different number of dimensions [768] than defined in the mapping [1024]", 'caused_by': {'type': 'illegal_argument_exception', 'reason': "The [dense_vector] field [embedding] in doc [document with id '3d2c1cf8-4c8f-41d5-8b0a-2577fc76724e'] has a different number of dimensions [768] than defined in the mapping [1024]"}}}}
2025-11-05 20:58:14,839 - WARNING - Failed item: {'index': {'_index': 'periodic-table-hybrid-search', '_id': '17718792-bb45-4be8-80e3-45f686ef96f7', 'status': 400, 'error': {'type': 'document_parsing_exception', 'reason': "[1:17248] failed to parse: The [dense_vector] field [embedding] in doc [document with id '17718792-bb45-4be8-80e3-45f686ef96f7'] has a different number of dimensions [768] than defined in the mapping [1024]", 'caused_by': {'type': 'illegal_argument_exception', 'reason': "The [dense_vector] field [embedding] in doc [document with id '17718792-bb45-4be8-80e3-45f686ef96f7'] has a different number of dimensions [768] than defined in the mapping [1024]"}}}}
2025-11-05 20:58:14,839 - WARNING - Failed item: {'index': {'_index': 'periodic-table-hybrid-search', '_id': '40f2325c-732f-4d19-9a99-0fdba3ec5546', 'status': 400, 'error': {'type': 'document_parsing_exception', 'reason': "[1:17283] failed to parse: The [dense_vector] field [embedding] in doc [document with id '40f2325c-732f-4d19-9a99-0fdba3ec5546'] has a different number of dimensions [768] than defined in the mapping [1024]", 'caused_by': {'type': 'illegal_argument_exception', 'reason': "The [dense_vector] field [embedding] in doc [document with id '40f2325c-732f-4d19-9a99-0fdba3ec5546'] has a different number of dimensions [768] than defined in the mapping [1024]"}}}}
2025-11-05 20:58:14,839 - WARNING - Failed item: {'index': {'_index': 'periodic-table-hybrid-search', '_id': 'ae5339ea-999f-4d8a-abae-eab3e98daebd', 'status': 400, 'error': {'type': 'document_parsing_exception', 'reason': "[1:17325] failed to parse: The [dense_vector] field [embedding] in doc [document with id 'ae5339ea-999f-4d8a-abae-eab3e98daebd'] has a different number of dimensions [768] than defined in the mapping [1024]", 'caused_by': {'type': 'illegal_argument_exception', 'reason': "The [dense_vector] field [embedding] in doc [document with id 'ae5339ea-999f-4d8a-abae-eab3e98daebd'] has a different number of dimensions [768] than defined in the mapping [1024]"}}}}
2025-11-05 20:58:14,839 - WARNING - Failed item: {'index': {'_index': 'periodic-table-hybrid-search', '_id': 'a103325f-8394-4fea-a595-c0d65a86a7dc', 'status': 400, 'error': {'type': 'document_parsing_exception', 'reason': "[1:16767] failed to parse: The [dense_vector] field [embedding] in doc [document with id 'a103325f-8394-4fea-a595-c0d65a86a7dc'] has a different number of dimensions [768] than defined in the mapping [1024]", 'caused_by': {'type': 'illegal_argument_exception', 'reason': "The [dense_vector] field [embedding] in doc [document with id 'a103325f-8394-4fea-a595-c0d65a86a7dc'] has a different number of dimensions [768] than defined in the mapping [1024]"}}}}
2025-11-05 20:58:14,839 - WARNING - Failed item: {'index': {'_index': 'periodic-table-hybrid-search', '_id': '6233f2a6-99b9-4160-b3c9-85f5f85a1998', 'status': 400, 'error': {'type': 'document_parsing_exception', 'reason': "[1:19683] failed to parse: The [dense_vector] field [embedding] in doc [document with id '6233f2a6-99b9-4160-b3c9-85f5f85a1998'] has a different number of dimensions [768] than defined in the mapping [1024]", 'caused_by': {'type': 'illegal_argument_exception', 'reason': "The [dense_vector] field [embedding] in doc [document with id '6233f2a6-99b9-4160-b3c9-85f5f85a1998'] has a different number of dimensions [768] than defined in the mapping [1024]"}}}}
2025-11-05 20:58:14,839 - WARNING - Failed item: {'index': {'_index': 'periodic-table-hybrid-search', '_id': '171e735d-974b-4d59-85c3-759f13b9458b', 'status': 400, 'error': {'type': 'document_parsing_exception', 'reason': "[1:17283] failed to parse: The [dense_vector] field [embedding] in doc [document with id '171e735d-974b-4d59-85c3-759f13b9458b'] has a different number of dimensions [768] than defined in the mapping [1024]", 'caused_by': {'type': 'illegal_argument_exception', 'reason': "The [dense_vector] field [embedding] in doc [document with id '171e735d-974b-4d59-85c3-759f13b9458b'] has a different number of dimensions [768] than defined in the mapping [1024]"}}}}
2025-11-05 20:58:14,839 - WARNING - Failed item: {'index': {'_index': 'periodic-table-hybrid-search', '_id': '54cd8db4-9dff-442c-a6f2-361059eb5366', 'status': 400, 'error': {'type': 'document_parsing_exception', 'reason': "[1:17244] failed to parse: The [dense_vector] field [embedding] in doc [document with id '54cd8db4-9dff-442c-a6f2-361059eb5366'] has a different number of dimensions [768] than defined in the mapping [1024]", 'caused_by': {'type': 'illegal_argument_exception', 'reason': "The [dense_vector] field [embedding] in doc [document with id '54cd8db4-9dff-442c-a6f2-361059eb5366'] has a different number of dimensions [768] than defined in the mapping [1024]"}}}}
2025-11-05 20:58:14,839 - WARNING - Failed item: {'index': {'_index': 'periodic-table-hybrid-search', '_id': 'a619e5bc-9145-4ecc-9cb9-613ac2e5ee6b', 'status': 400, 'error': {'type': 'document_parsing_exception', 'reason': "[1:17311] failed to parse: The [dense_vector] field [embedding] in doc [document with id 'a619e5bc-9145-4ecc-9cb9-613ac2e5ee6b'] has a different number of dimensions [768] than defined in the mapping [1024]", 'caused_by': {'type': 'illegal_argument_exception', 'reason': "The [dense_vector] field [embedding] in doc [document with id 'a619e5bc-9145-4ecc-9cb9-613ac2e5ee6b'] has a different number of dimensions [768] than defined in the mapping [1024]"}}}}
2025-11-05 20:58:14,839 - WARNING - Failed item: {'index': {'_index': 'periodic-table-hybrid-search', '_id': '178adbbb-064d-4370-85cd-c12088c7a945', 'status': 400, 'error': {'type': 'document_parsing_exception', 'reason': "[1:17255] failed to parse: The [dense_vector] field [embedding] in doc [document with id '178adbbb-064d-4370-85cd-c12088c7a945'] has a different number of dimensions [768] than defined in the mapping [1024]", 'caused_by': {'type': 'illegal_argument_exception', 'reason': "The [dense_vector] field [embedding] in doc [document with id '178adbbb-064d-4370-85cd-c12088c7a945'] has a different number of dimensions [768] than defined in the mapping [1024]"}}}}
2025-11-05 20:58:14,839 - WARNING - Failed item: {'index': {'_index': 'periodic-table-hybrid-search', '_id': 'd665bea5-d894-415b-b63a-2ca0bdd0625f', 'status': 400, 'error': {'type': 'document_parsing_exception', 'reason': "[1:16769] failed to parse: The [dense_vector] field [embedding] in doc [document with id 'd665bea5-d894-415b-b63a-2ca0bdd0625f'] has a different number of dimensions [768] than defined in the mapping [1024]", 'caused_by': {'type': 'illegal_argument_exception', 'reason': "The [dense_vector] field [embedding] in doc [document with id 'd665bea5-d894-415b-b63a-2ca0bdd0625f'] has a different number of dimensions [768] than defined in the mapping [1024]"}}}}
2025-11-05 20:58:14,839 - WARNING - Failed item: {'index': {'_index': 'periodic-table-hybrid-search', '_id': '8600be85-95c6-40b3-905d-d316b245998e', 'status': 400, 'error': {'type': 'document_parsing_exception', 'reason': "[1:19833] failed to parse: The [dense_vector] field [embedding] in doc [document with id '8600be85-95c6-40b3-905d-d316b245998e'] has a different number of dimensions [768] than defined in the mapping [1024]", 'caused_by': {'type': 'illegal_argument_exception', 'reason': "The [dense_vector] field [embedding] in doc [document with id '8600be85-95c6-40b3-905d-d316b245998e'] has a different number of dimensions [768] than defined in the mapping [1024]"}}}}
2025-11-05 20:58:14,839 - WARNING - Failed item: {'index': {'_index': 'periodic-table-hybrid-search', '_id': '56698585-88c7-46b8-83e6-2570f241f878', 'status': 400, 'error': {'type': 'document_parsing_exception', 'reason': "[1:17200] failed to parse: The [dense_vector] field [embedding] in doc [document with id '56698585-88c7-46b8-83e6-2570f241f878'] has a different number of dimensions [768] than defined in the mapping [1024]", 'caused_by': {'type': 'illegal_argument_exception', 'reason': "The [dense_vector] field [embedding] in doc [document with id '56698585-88c7-46b8-83e6-2570f241f878'] has a different number of dimensions [768] than defined in the mapping [1024]"}}}}
2025-11-05 20:58:14,839 - WARNING - Failed item: {'index': {'_index': 'periodic-table-hybrid-search', '_id': '431eefc7-99ac-4da0-a907-c0eb8e3a4823', 'status': 400, 'error': {'type': 'document_parsing_exception', 'reason': "[1:17296] failed to parse: The [dense_vector] field [embedding] in doc [document with id '431eefc7-99ac-4da0-a907-c0eb8e3a4823'] has a different number of dimensions [768] than defined in the mapping [1024]", 'caused_by': {'type': 'illegal_argument_exception', 'reason': "The [dense_vector] field [embedding] in doc [document with id '431eefc7-99ac-4da0-a907-c0eb8e3a4823'] has a different number of dimensions [768] than defined in the mapping [1024]"}}}}
2025-11-05 20:58:14,839 - WARNING - Failed item: {'index': {'_index': 'periodic-table-hybrid-search', '_id': 'f80c0ca5-4c57-43dd-8b20-a42320d83d69', 'status': 400, 'error': {'type': 'document_parsing_exception', 'reason': "[1:17357] failed to parse: The [dense_vector] field [embedding] in doc [document with id 'f80c0ca5-4c57-43dd-8b20-a42320d83d69'] has a different number of dimensions [768] than defined in the mapping [1024]", 'caused_by': {'type': 'illegal_argument_exception', 'reason': "The [dense_vector] field [embedding] in doc [document with id 'f80c0ca5-4c57-43dd-8b20-a42320d83d69'] has a different number of dimensions [768] than defined in the mapping [1024]"}}}}
2025-11-05 20:58:14,839 - WARNING - Failed item: {'index': {'_index': 'periodic-table-hybrid-search', '_id': 'b24b7d2d-1b3d-402f-a0ca-014267e39955', 'status': 400, 'error': {'type': 'document_parsing_exception', 'reason': "[1:17288] failed to parse: The [dense_vector] field [embedding] in doc [document with id 'b24b7d2d-1b3d-402f-a0ca-014267e39955'] has a different number of dimensions [768] than defined in the mapping [1024]", 'caused_by': {'type': 'illegal_argument_exception', 'reason': "The [dense_vector] field [embedding] in doc [document with id 'b24b7d2d-1b3d-402f-a0ca-014267e39955'] has a different number of dimensions [768] than defined in the mapping [1024]"}}}}
2025-11-05 20:58:14,839 - WARNING - Failed item: {'index': {'_index': 'periodic-table-hybrid-search', '_id': 'dd6ed22a-90a9-43a8-9313-82914b7a6094', 'status': 400, 'error': {'type': 'document_parsing_exception', 'reason': "[1:16835] failed to parse: The [dense_vector] field [embedding] in doc [document with id 'dd6ed22a-90a9-43a8-9313-82914b7a6094'] has a different number of dimensions [768] than defined in the mapping [1024]", 'caused_by': {'type': 'illegal_argument_exception', 'reason': "The [dense_vector] field [embedding] in doc [document with id 'dd6ed22a-90a9-43a8-9313-82914b7a6094'] has a different number of dimensions [768] than defined in the mapping [1024]"}}}}
2025-11-05 20:58:14,839 - WARNING - Failed item: {'index': {'_index': 'periodic-table-hybrid-search', '_id': '8e654cf3-1743-4655-a5f9-75ee466b38a4', 'status': 400, 'error': {'type': 'document_parsing_exception', 'reason': "[1:19644] failed to parse: The [dense_vector] field [embedding] in doc [document with id '8e654cf3-1743-4655-a5f9-75ee466b38a4'] has a different number of dimensions [768] than defined in the mapping [1024]", 'caused_by': {'type': 'illegal_argument_exception', 'reason': "The [dense_vector] field [embedding] in doc [document with id '8e654cf3-1743-4655-a5f9-75ee466b38a4'] has a different number of dimensions [768] than defined in the mapping [1024]"}}}}
2025-11-05 20:58:14,839 - WARNING - Failed item: {'index': {'_index': 'periodic-table-hybrid-search', '_id': 'cd9e2e01-4e57-48b0-bd0d-e5a55f4f2368', 'status': 400, 'error': {'type': 'document_parsing_exception', 'reason': "[1:17332] failed to parse: The [dense_vector] field [embedding] in doc [document with id 'cd9e2e01-4e57-48b0-bd0d-e5a55f4f2368'] has a different number of dimensions [768] than defined in the mapping [1024]", 'caused_by': {'type': 'illegal_argument_exception', 'reason': "The [dense_vector] field [embedding] in doc [document with id 'cd9e2e01-4e57-48b0-bd0d-e5a55f4f2368'] has a different number of dimensions [768] than defined in the mapping [1024]"}}}}
2025-11-05 20:58:14,839 - WARNING - Failed item: {'index': {'_index': 'periodic-table-hybrid-search', '_id': 'cb6496c7-4b34-4f45-80dc-26670a2fec28', 'status': 400, 'error': {'type': 'document_parsing_exception', 'reason': "[1:17314] failed to parse: The [dense_vector] field [embedding] in doc [document with id 'cb6496c7-4b34-4f45-80dc-26670a2fec28'] has a different number of dimensions [768] than defined in the mapping [1024]", 'caused_by': {'type': 'illegal_argument_exception', 'reason': "The [dense_vector] field [embedding] in doc [document with id 'cb6496c7-4b34-4f45-80dc-26670a2fec28'] has a different number of dimensions [768] than defined in the mapping [1024]"}}}}
2025-11-05 20:58:14,839 - WARNING - Failed item: {'index': {'_index': 'periodic-table-hybrid-search', '_id': '58603bb6-8516-4a78-8aa9-3f398e4272f0', 'status': 400, 'error': {'type': 'document_parsing_exception', 'reason': "[1:17251] failed to parse: The [dense_vector] field [embedding] in doc [document with id '58603bb6-8516-4a78-8aa9-3f398e4272f0'] has a different number of dimensions [768] than defined in the mapping [1024]", 'caused_by': {'type': 'illegal_argument_exception', 'reason': "The [dense_vector] field [embedding] in doc [document with id '58603bb6-8516-4a78-8aa9-3f398e4272f0'] has a different number of dimensions [768] than defined in the mapping [1024]"}}}}
2025-11-05 20:58:14,839 - WARNING - Failed item: {'index': {'_index': 'periodic-table-hybrid-search', '_id': '1a2b0ba7-7dac-41cd-adef-8641966a1790', 'status': 400, 'error': {'type': 'document_parsing_exception', 'reason': "[1:17181] failed to parse: The [dense_vector] field [embedding] in doc [document with id '1a2b0ba7-7dac-41cd-adef-8641966a1790'] has a different number of dimensions [768] than defined in the mapping [1024]", 'caused_by': {'type': 'illegal_argument_exception', 'reason': "The [dense_vector] field [embedding] in doc [document with id '1a2b0ba7-7dac-41cd-adef-8641966a1790'] has a different number of dimensions [768] than defined in the mapping [1024]"}}}}
2025-11-05 20:58:14,839 - WARNING - Failed item: {'index': {'_index': 'periodic-table-hybrid-search', '_id': '8ece5323-6276-4dc1-a321-2467e257cb6c', 'status': 400, 'error': {'type': 'document_parsing_exception', 'reason': "[1:16755] failed to parse: The [dense_vector] field [embedding] in doc [document with id '8ece5323-6276-4dc1-a321-2467e257cb6c'] has a different number of dimensions [768] than defined in the mapping [1024]", 'caused_by': {'type': 'illegal_argument_exception', 'reason': "The [dense_vector] field [embedding] in doc [document with id '8ece5323-6276-4dc1-a321-2467e257cb6c'] has a different number of dimensions [768] than defined in the mapping [1024]"}}}}
2025-11-05 20:58:14,839 - WARNING - Failed item: {'index': {'_index': 'periodic-table-hybrid-search', '_id': '11d75d17-8dcf-4f7e-a55b-f6b11d140af8', 'status': 400, 'error': {'type': 'document_parsing_exception', 'reason': "[1:17574] failed to parse: The [dense_vector] field [embedding] in doc [document with id '11d75d17-8dcf-4f7e-a55b-f6b11d140af8'] has a different number of dimensions [768] than defined in the mapping [1024]", 'caused_by': {'type': 'illegal_argument_exception', 'reason': "The [dense_vector] field [embedding] in doc [document with id '11d75d17-8dcf-4f7e-a55b-f6b11d140af8'] has a different number of dimensions [768] than defined in the mapping [1024]"}}}}
2025-11-05 20:58:14,839 - WARNING - Failed item: {'index': {'_index': 'periodic-table-hybrid-search', '_id': '95972307-3b86-4260-98f4-78041fffa28d', 'status': 400, 'error': {'type': 'document_parsing_exception', 'reason': "[1:17124] failed to parse: The [dense_vector] field [embedding] in doc [document with id '95972307-3b86-4260-98f4-78041fffa28d'] has a different number of dimensions [768] than defined in the mapping [1024]", 'caused_by': {'type': 'illegal_argument_exception', 'reason': "The [dense_vector] field [embedding] in doc [document with id '95972307-3b86-4260-98f4-78041fffa28d'] has a different number of dimensions [768] than defined in the mapping [1024]"}}}}
2025-11-05 20:58:14,839 - WARNING - Failed item: {'index': {'_index': 'periodic-table-hybrid-search', '_id': '128e9643-b486-434c-8b10-fd3d8c029822', 'status': 400, 'error': {'type': 'document_parsing_exception', 'reason': "[1:16922] failed to parse: The [dense_vector] field [embedding] in doc [document with id '128e9643-b486-434c-8b10-fd3d8c029822'] has a different number of dimensions [768] than defined in the mapping [1024]", 'caused_by': {'type': 'illegal_argument_exception', 'reason': "The [dense_vector] field [embedding] in doc [document with id '128e9643-b486-434c-8b10-fd3d8c029822'] has a different number of dimensions [768] than defined in the mapping [1024]"}}}}
2025-11-05 20:58:14,839 - WARNING - Failed item: {'index': {'_index': 'periodic-table-hybrid-search', '_id': '01313cb2-9c66-4354-af77-e586ffbd49a3', 'status': 400, 'error': {'type': 'document_parsing_exception', 'reason': "[1:28043] failed to parse: The [dense_vector] field [embedding] in doc [document with id '01313cb2-9c66-4354-af77-e586ffbd49a3'] has a different number of dimensions [768] than defined in the mapping [1024]", 'caused_by': {'type': 'illegal_argument_exception', 'reason': "The [dense_vector] field [embedding] in doc [document with id '01313cb2-9c66-4354-af77-e586ffbd49a3'] has a different number of dimensions [768] than defined in the mapping [1024]"}}}}
2025-11-05 20:58:14,839 - WARNING - Failed item: {'index': {'_index': 'periodic-table-hybrid-search', '_id': '32333ccf-f238-4ae3-b5ff-2d4500f9b4f9', 'status': 400, 'error': {'type': 'document_parsing_exception', 'reason': "[1:19239] failed to parse: The [dense_vector] field [embedding] in doc [document with id '32333ccf-f238-4ae3-b5ff-2d4500f9b4f9'] has a different number of dimensions [768] than defined in the mapping [1024]", 'caused_by': {'type': 'illegal_argument_exception', 'reason': "The [dense_vector] field [embedding] in doc [document with id '32333ccf-f238-4ae3-b5ff-2d4500f9b4f9'] has a different number of dimensions [768] than defined in the mapping [1024]"}}}}
2025-11-05 20:58:14,839 - WARNING - Failed item: {'index': {'_index': 'periodic-table-hybrid-search', '_id': '30624e47-5de7-45ce-ac98-aa3971f62da9', 'status': 400, 'error': {'type': 'document_parsing_exception', 'reason': "[1:17124] failed to parse: The [dense_vector] field [embedding] in doc [document with id '30624e47-5de7-45ce-ac98-aa3971f62da9'] has a different number of dimensions [768] than defined in the mapping [1024]", 'caused_by': {'type': 'illegal_argument_exception', 'reason': "The [dense_vector] field [embedding] in doc [document with id '30624e47-5de7-45ce-ac98-aa3971f62da9'] has a different number of dimensions [768] than defined in the mapping [1024]"}}}}
2025-11-05 20:58:14,839 - WARNING - Failed item: {'index': {'_index': 'periodic-table-hybrid-search', '_id': '9f186723-eef6-402a-88b0-6409456ebdd0', 'status': 400, 'error': {'type': 'document_parsing_exception', 'reason': "[1:17168] failed to parse: The [dense_vector] field [embedding] in doc [document with id '9f186723-eef6-402a-88b0-6409456ebdd0'] has a different number of dimensions [768] than defined in the mapping [1024]", 'caused_by': {'type': 'illegal_argument_exception', 'reason': "The [dense_vector] field [embedding] in doc [document with id '9f186723-eef6-402a-88b0-6409456ebdd0'] has a different number of dimensions [768] than defined in the mapping [1024]"}}}}
2025-11-05 20:58:14,839 - WARNING - Failed item: {'index': {'_index': 'periodic-table-hybrid-search', '_id': '15a2ec2b-fd0b-4f0b-ab28-f8050d4d3bb0', 'status': 400, 'error': {'type': 'document_parsing_exception', 'reason': "[1:17187] failed to parse: The [dense_vector] field [embedding] in doc [document with id '15a2ec2b-fd0b-4f0b-ab28-f8050d4d3bb0'] has a different number of dimensions [768] than defined in the mapping [1024]", 'caused_by': {'type': 'illegal_argument_exception', 'reason': "The [dense_vector] field [embedding] in doc [document with id '15a2ec2b-fd0b-4f0b-ab28-f8050d4d3bb0'] has a different number of dimensions [768] than defined in the mapping [1024]"}}}}
2025-11-05 20:58:14,839 - WARNING - Failed item: {'index': {'_index': 'periodic-table-hybrid-search', '_id': '4ff379ae-d4f3-42a1-9605-a69d98e36f07', 'status': 400, 'error': {'type': 'document_parsing_exception', 'reason': "[1:17192] failed to parse: The [dense_vector] field [embedding] in doc [document with id '4ff379ae-d4f3-42a1-9605-a69d98e36f07'] has a different number of dimensions [768] than defined in the mapping [1024]", 'caused_by': {'type': 'illegal_argument_exception', 'reason': "The [dense_vector] field [embedding] in doc [document with id '4ff379ae-d4f3-42a1-9605-a69d98e36f07'] has a different number of dimensions [768] than defined in the mapping [1024]"}}}}
2025-11-05 20:58:14,839 - WARNING - Failed item: {'index': {'_index': 'periodic-table-hybrid-search', '_id': '9586546c-faee-403b-b271-fec9170cc803', 'status': 400, 'error': {'type': 'document_parsing_exception', 'reason': "[1:16697] failed to parse: The [dense_vector] field [embedding] in doc [document with id '9586546c-faee-403b-b271-fec9170cc803'] has a different number of dimensions [768] than defined in the mapping [1024]", 'caused_by': {'type': 'illegal_argument_exception', 'reason': "The [dense_vector] field [embedding] in doc [document with id '9586546c-faee-403b-b271-fec9170cc803'] has a different number of dimensions [768] than defined in the mapping [1024]"}}}}
2025-11-05 20:58:14,839 - WARNING - Failed item: {'index': {'_index': 'periodic-table-hybrid-search', '_id': '5852f5d4-595e-4254-baf3-0a66cfaef64e', 'status': 400, 'error': {'type': 'document_parsing_exception', 'reason': "[1:19217] failed to parse: The [dense_vector] field [embedding] in doc [document with id '5852f5d4-595e-4254-baf3-0a66cfaef64e'] has a different number of dimensions [768] than defined in the mapping [1024]", 'caused_by': {'type': 'illegal_argument_exception', 'reason': "The [dense_vector] field [embedding] in doc [document with id '5852f5d4-595e-4254-baf3-0a66cfaef64e'] has a different number of dimensions [768] than defined in the mapping [1024]"}}}}
2025-11-05 20:58:14,839 - WARNING - Failed item: {'index': {'_index': 'periodic-table-hybrid-search', '_id': 'acf1da3a-4aad-4a2d-881f-5e32130c75c0', 'status': 400, 'error': {'type': 'document_parsing_exception', 'reason': "[1:17119] failed to parse: The [dense_vector] field [embedding] in doc [document with id 'acf1da3a-4aad-4a2d-881f-5e32130c75c0'] has a different number of dimensions [768] than defined in the mapping [1024]", 'caused_by': {'type': 'illegal_argument_exception', 'reason': "The [dense_vector] field [embedding] in doc [document with id 'acf1da3a-4aad-4a2d-881f-5e32130c75c0'] has a different number of dimensions [768] than defined in the mapping [1024]"}}}}
2025-11-05 20:58:14,839 - WARNING - Failed item: {'index': {'_index': 'periodic-table-hybrid-search', '_id': '2ca9b6bd-e48e-471b-a553-e7f258e85b25', 'status': 400, 'error': {'type': 'document_parsing_exception', 'reason': "[1:17121] failed to parse: The [dense_vector] field [embedding] in doc [document with id '2ca9b6bd-e48e-471b-a553-e7f258e85b25'] has a different number of dimensions [768] than defined in the mapping [1024]", 'caused_by': {'type': 'illegal_argument_exception', 'reason': "The [dense_vector] field [embedding] in doc [document with id '2ca9b6bd-e48e-471b-a553-e7f258e85b25'] has a different number of dimensions [768] than defined in the mapping [1024]"}}}}
2025-11-05 20:58:14,839 - WARNING - Failed item: {'index': {'_index': 'periodic-table-hybrid-search', '_id': 'ba6e6525-320f-45ce-9623-ac17f0ee6b37', 'status': 400, 'error': {'type': 'document_parsing_exception', 'reason': "[1:17174] failed to parse: The [dense_vector] field [embedding] in doc [document with id 'ba6e6525-320f-45ce-9623-ac17f0ee6b37'] has a different number of dimensions [768] than defined in the mapping [1024]", 'caused_by': {'type': 'illegal_argument_exception', 'reason': "The [dense_vector] field [embedding] in doc [document with id 'ba6e6525-320f-45ce-9623-ac17f0ee6b37'] has a different number of dimensions [768] than defined in the mapping [1024]"}}}}
2025-11-05 20:58:14,839 - WARNING - Failed item: {'index': {'_index': 'periodic-table-hybrid-search', '_id': '31ac823b-4512-43d3-bdec-c7c252f654ea', 'status': 400, 'error': {'type': 'document_parsing_exception', 'reason': "[1:17235] failed to parse: The [dense_vector] field [embedding] in doc [document with id '31ac823b-4512-43d3-bdec-c7c252f654ea'] has a different number of dimensions [768] than defined in the mapping [1024]", 'caused_by': {'type': 'illegal_argument_exception', 'reason': "The [dense_vector] field [embedding] in doc [document with id '31ac823b-4512-43d3-bdec-c7c252f654ea'] has a different number of dimensions [768] than defined in the mapping [1024]"}}}}
2025-11-05 20:58:14,839 - WARNING - Failed item: {'index': {'_index': 'periodic-table-hybrid-search', '_id': 'aa4ac77e-9ad9-4867-a420-718d49bd8bde', 'status': 400, 'error': {'type': 'document_parsing_exception', 'reason': "[1:16687] failed to parse: The [dense_vector] field [embedding] in doc [document with id 'aa4ac77e-9ad9-4867-a420-718d49bd8bde'] has a different number of dimensions [768] than defined in the mapping [1024]", 'caused_by': {'type': 'illegal_argument_exception', 'reason': "The [dense_vector] field [embedding] in doc [document with id 'aa4ac77e-9ad9-4867-a420-718d49bd8bde'] has a different number of dimensions [768] than defined in the mapping [1024]"}}}}
2025-11-05 20:58:14,839 - WARNING - Failed item: {'index': {'_index': 'periodic-table-hybrid-search', '_id': 'b550e158-306d-42bb-b764-9ac9daa3bb0f', 'status': 400, 'error': {'type': 'document_parsing_exception', 'reason': "[1:19528] failed to parse: The [dense_vector] field [embedding] in doc [document with id 'b550e158-306d-42bb-b764-9ac9daa3bb0f'] has a different number of dimensions [768] than defined in the mapping [1024]", 'caused_by': {'type': 'illegal_argument_exception', 'reason': "The [dense_vector] field [embedding] in doc [document with id 'b550e158-306d-42bb-b764-9ac9daa3bb0f'] has a different number of dimensions [768] than defined in the mapping [1024]"}}}}
2025-11-05 20:58:14,839 - WARNING - Failed item: {'index': {'_index': 'periodic-table-hybrid-search', '_id': '90c4ec5b-26a1-494b-8544-2977074828d1', 'status': 400, 'error': {'type': 'document_parsing_exception', 'reason': "[1:17196] failed to parse: The [dense_vector] field [embedding] in doc [document with id '90c4ec5b-26a1-494b-8544-2977074828d1'] has a different number of dimensions [768] than defined in the mapping [1024]", 'caused_by': {'type': 'illegal_argument_exception', 'reason': "The [dense_vector] field [embedding] in doc [document with id '90c4ec5b-26a1-494b-8544-2977074828d1'] has a different number of dimensions [768] than defined in the mapping [1024]"}}}}
2025-11-05 20:58:18,059 - WARNING - Failed item: {'index': {'_index': 'periodic-table-hybrid-search', '_id': '02251695-08de-427d-b024-1fc37fe44b32', 'status': 400, 'error': {'type': 'document_parsing_exception', 'reason': "[1:17296] failed to parse: The [dense_vector] field [embedding] in doc [document with id '02251695-08de-427d-b024-1fc37fe44b32'] has a different number of dimensions [768] than defined in the mapping [1024]", 'caused_by': {'type': 'illegal_argument_exception', 'reason': "The [dense_vector] field [embedding] in doc [document with id '02251695-08de-427d-b024-1fc37fe44b32'] has a different number of dimensions [768] than defined in the mapping [1024]"}}}}
2025-11-05 20:58:18,059 - WARNING - Failed item: {'index': {'_index': 'periodic-table-hybrid-search', '_id': 'df37f3f8-4d39-4fbf-9d77-c972ad6cc48d', 'status': 400, 'error': {'type': 'document_parsing_exception', 'reason': "[1:17235] failed to parse: The [dense_vector] field [embedding] in doc [document with id 'df37f3f8-4d39-4fbf-9d77-c972ad6cc48d'] has a different number of dimensions [768] than defined in the mapping [1024]", 'caused_by': {'type': 'illegal_argument_exception', 'reason': "The [dense_vector] field [embedding] in doc [document with id 'df37f3f8-4d39-4fbf-9d77-c972ad6cc48d'] has a different number of dimensions [768] than defined in the mapping [1024]"}}}}
2025-11-05 20:58:18,059 - WARNING - Failed item: {'index': {'_index': 'periodic-table-hybrid-search', '_id': '43ebd83a-394c-413a-a7f0-78bb9dab9021', 'status': 400, 'error': {'type': 'document_parsing_exception', 'reason': "[1:17203] failed to parse: The [dense_vector] field [embedding] in doc [document with id '43ebd83a-394c-413a-a7f0-78bb9dab9021'] has a different number of dimensions [768] than defined in the mapping [1024]", 'caused_by': {'type': 'illegal_argument_exception', 'reason': "The [dense_vector] field [embedding] in doc [document with id '43ebd83a-394c-413a-a7f0-78bb9dab9021'] has a different number of dimensions [768] than defined in the mapping [1024]"}}}}
2025-11-05 20:58:18,059 - WARNING - Failed item: {'index': {'_index': 'periodic-table-hybrid-search', '_id': '844ecc73-09f4-4258-9bd9-8a182eb8f2ad', 'status': 400, 'error': {'type': 'document_parsing_exception', 'reason': "[1:16790] failed to parse: The [dense_vector] field [embedding] in doc [document with id '844ecc73-09f4-4258-9bd9-8a182eb8f2ad'] has a different number of dimensions [768] than defined in the mapping [1024]", 'caused_by': {'type': 'illegal_argument_exception', 'reason': "The [dense_vector] field [embedding] in doc [document with id '844ecc73-09f4-4258-9bd9-8a182eb8f2ad'] has a different number of dimensions [768] than defined in the mapping [1024]"}}}}
2025-11-05 20:58:18,059 - WARNING - Failed item: {'index': {'_index': 'periodic-table-hybrid-search', '_id': 'cfb02581-c7a2-4053-901f-e0715b50e8ad', 'status': 400, 'error': {'type': 'document_parsing_exception', 'reason': "[1:19473] failed to parse: The [dense_vector] field [embedding] in doc [document with id 'cfb02581-c7a2-4053-901f-e0715b50e8ad'] has a different number of dimensions [768] than defined in the mapping [1024]", 'caused_by': {'type': 'illegal_argument_exception', 'reason': "The [dense_vector] field [embedding] in doc [document with id 'cfb02581-c7a2-4053-901f-e0715b50e8ad'] has a different number of dimensions [768] than defined in the mapping [1024]"}}}}
2025-11-05 20:58:18,059 - WARNING - Failed item: {'index': {'_index': 'periodic-table-hybrid-search', '_id': '1916655c-93d4-446d-8023-807f792f3005', 'status': 400, 'error': {'type': 'document_parsing_exception', 'reason': "[1:17210] failed to parse: The [dense_vector] field [embedding] in doc [document with id '1916655c-93d4-446d-8023-807f792f3005'] has a different number of dimensions [768] than defined in the mapping [1024]", 'caused_by': {'type': 'illegal_argument_exception', 'reason': "The [dense_vector] field [embedding] in doc [document with id '1916655c-93d4-446d-8023-807f792f3005'] has a different number of dimensions [768] than defined in the mapping [1024]"}}}}
2025-11-05 20:58:18,059 - WARNING - Failed item: {'index': {'_index': 'periodic-table-hybrid-search', '_id': '518acf13-96f4-43db-b7c6-8a8c2edb9a3e', 'status': 400, 'error': {'type': 'document_parsing_exception', 'reason': "[1:17154] failed to parse: The [dense_vector] field [embedding] in doc [document with id '518acf13-96f4-43db-b7c6-8a8c2edb9a3e'] has a different number of dimensions [768] than defined in the mapping [1024]", 'caused_by': {'type': 'illegal_argument_exception', 'reason': "The [dense_vector] field [embedding] in doc [document with id '518acf13-96f4-43db-b7c6-8a8c2edb9a3e'] has a different number of dimensions [768] than defined in the mapping [1024]"}}}}
2025-11-05 20:58:18,059 - WARNING - Failed item: {'index': {'_index': 'periodic-table-hybrid-search', '_id': '3dd45ab1-fb87-4e66-8608-523ab6ee346f', 'status': 400, 'error': {'type': 'document_parsing_exception', 'reason': "[1:17220] failed to parse: The [dense_vector] field [embedding] in doc [document with id '3dd45ab1-fb87-4e66-8608-523ab6ee346f'] has a different number of dimensions [768] than defined in the mapping [1024]", 'caused_by': {'type': 'illegal_argument_exception', 'reason': "The [dense_vector] field [embedding] in doc [document with id '3dd45ab1-fb87-4e66-8608-523ab6ee346f'] has a different number of dimensions [768] than defined in the mapping [1024]"}}}}
2025-11-05 20:58:18,059 - WARNING - Failed item: {'index': {'_index': 'periodic-table-hybrid-search', '_id': '8a000352-2218-4451-9690-40627f863e0a', 'status': 400, 'error': {'type': 'document_parsing_exception', 'reason': "[1:17314] failed to parse: The [dense_vector] field [embedding] in doc [document with id '8a000352-2218-4451-9690-40627f863e0a'] has a different number of dimensions [768] than defined in the mapping [1024]", 'caused_by': {'type': 'illegal_argument_exception', 'reason': "The [dense_vector] field [embedding] in doc [document with id '8a000352-2218-4451-9690-40627f863e0a'] has a different number of dimensions [768] than defined in the mapping [1024]"}}}}
2025-11-05 20:58:18,059 - WARNING - Failed item: {'index': {'_index': 'periodic-table-hybrid-search', '_id': '11cb6aca-4cf4-49d3-95f0-d605f414f5f0', 'status': 400, 'error': {'type': 'document_parsing_exception', 'reason': "[1:16842] failed to parse: The [dense_vector] field [embedding] in doc [document with id '11cb6aca-4cf4-49d3-95f0-d605f414f5f0'] has a different number of dimensions [768] than defined in the mapping [1024]", 'caused_by': {'type': 'illegal_argument_exception', 'reason': "The [dense_vector] field [embedding] in doc [document with id '11cb6aca-4cf4-49d3-95f0-d605f414f5f0'] has a different number of dimensions [768] than defined in the mapping [1024]"}}}}
2025-11-05 20:58:18,059 - WARNING - Failed item: {'index': {'_index': 'periodic-table-hybrid-search', '_id': '5e38b35a-224f-4324-ac02-b684732a3a09', 'status': 400, 'error': {'type': 'document_parsing_exception', 'reason': "[1:17709] failed to parse: The [dense_vector] field [embedding] in doc [document with id '5e38b35a-224f-4324-ac02-b684732a3a09'] has a different number of dimensions [768] than defined in the mapping [1024]", 'caused_by': {'type': 'illegal_argument_exception', 'reason': "The [dense_vector] field [embedding] in doc [document with id '5e38b35a-224f-4324-ac02-b684732a3a09'] has a different number of dimensions [768] than defined in the mapping [1024]"}}}}
2025-11-05 20:58:18,059 - WARNING - Failed item: {'index': {'_index': 'periodic-table-hybrid-search', '_id': '5978469b-5f4d-4c2a-8766-5b09ac5f553d', 'status': 400, 'error': {'type': 'document_parsing_exception', 'reason': "[1:17292] failed to parse: The [dense_vector] field [embedding] in doc [document with id '5978469b-5f4d-4c2a-8766-5b09ac5f553d'] has a different number of dimensions [768] than defined in the mapping [1024]", 'caused_by': {'type': 'illegal_argument_exception', 'reason': "The [dense_vector] field [embedding] in doc [document with id '5978469b-5f4d-4c2a-8766-5b09ac5f553d'] has a different number of dimensions [768] than defined in the mapping [1024]"}}}}
2025-11-05 20:58:18,059 - WARNING - Failed item: {'index': {'_index': 'periodic-table-hybrid-search', '_id': 'e6a90bca-3c01-4c72-9e60-ed686c2f7fea', 'status': 400, 'error': {'type': 'document_parsing_exception', 'reason': "[1:16975] failed to parse: The [dense_vector] field [embedding] in doc [document with id 'e6a90bca-3c01-4c72-9e60-ed686c2f7fea'] has a different number of dimensions [768] than defined in the mapping [1024]", 'caused_by': {'type': 'illegal_argument_exception', 'reason': "The [dense_vector] field [embedding] in doc [document with id 'e6a90bca-3c01-4c72-9e60-ed686c2f7fea'] has a different number of dimensions [768] than defined in the mapping [1024]"}}}}
2025-11-05 20:58:18,059 - WARNING - Failed item: {'index': {'_index': 'periodic-table-hybrid-search', '_id': '182b7974-b2b6-4fc7-ae10-a863a7b7b0e2', 'status': 400, 'error': {'type': 'document_parsing_exception', 'reason': "[1:27847] failed to parse: The [dense_vector] field [embedding] in doc [document with id '182b7974-b2b6-4fc7-ae10-a863a7b7b0e2'] has a different number of dimensions [768] than defined in the mapping [1024]", 'caused_by': {'type': 'illegal_argument_exception', 'reason': "The [dense_vector] field [embedding] in doc [document with id '182b7974-b2b6-4fc7-ae10-a863a7b7b0e2'] has a different number of dimensions [768] than defined in the mapping [1024]"}}}}
2025-11-05 20:58:18,059 - WARNING - Failed item: {'index': {'_index': 'periodic-table-hybrid-search', '_id': '21cd8600-7e62-4493-928a-30b6d2214c4e', 'status': 400, 'error': {'type': 'document_parsing_exception', 'reason': "[1:19517] failed to parse: The [dense_vector] field [embedding] in doc [document with id '21cd8600-7e62-4493-928a-30b6d2214c4e'] has a different number of dimensions [768] than defined in the mapping [1024]", 'caused_by': {'type': 'illegal_argument_exception', 'reason': "The [dense_vector] field [embedding] in doc [document with id '21cd8600-7e62-4493-928a-30b6d2214c4e'] has a different number of dimensions [768] than defined in the mapping [1024]"}}}}
2025-11-05 20:58:18,059 - WARNING - Failed item: {'index': {'_index': 'periodic-table-hybrid-search', '_id': '8d49f442-324f-44ec-bb51-02a3981c6f0a', 'status': 400, 'error': {'type': 'document_parsing_exception', 'reason': "[1:17292] failed to parse: The [dense_vector] field [embedding] in doc [document with id '8d49f442-324f-44ec-bb51-02a3981c6f0a'] has a different number of dimensions [768] than defined in the mapping [1024]", 'caused_by': {'type': 'illegal_argument_exception', 'reason': "The [dense_vector] field [embedding] in doc [document with id '8d49f442-324f-44ec-bb51-02a3981c6f0a'] has a different number of dimensions [768] than defined in the mapping [1024]"}}}}
2025-11-05 20:58:18,059 - WARNING - Failed item: {'index': {'_index': 'periodic-table-hybrid-search', '_id': 'a036a42d-22a4-42a4-9cb1-2c5bda1d96ac', 'status': 400, 'error': {'type': 'document_parsing_exception', 'reason': "[1:17173] failed to parse: The [dense_vector] field [embedding] in doc [document with id 'a036a42d-22a4-42a4-9cb1-2c5bda1d96ac'] has a different number of dimensions [768] than defined in the mapping [1024]", 'caused_by': {'type': 'illegal_argument_exception', 'reason': "The [dense_vector] field [embedding] in doc [document with id 'a036a42d-22a4-42a4-9cb1-2c5bda1d96ac'] has a different number of dimensions [768] than defined in the mapping [1024]"}}}}
2025-11-05 20:58:18,059 - WARNING - Failed item: {'index': {'_index': 'periodic-table-hybrid-search', '_id': '718e6737-cc5b-466a-8675-4f8c108207e5', 'status': 400, 'error': {'type': 'document_parsing_exception', 'reason': "[1:17289] failed to parse: The [dense_vector] field [embedding] in doc [document with id '718e6737-cc5b-466a-8675-4f8c108207e5'] has a different number of dimensions [768] than defined in the mapping [1024]", 'caused_by': {'type': 'illegal_argument_exception', 'reason': "The [dense_vector] field [embedding] in doc [document with id '718e6737-cc5b-466a-8675-4f8c108207e5'] has a different number of dimensions [768] than defined in the mapping [1024]"}}}}
2025-11-05 20:58:18,059 - WARNING - Failed item: {'index': {'_index': 'periodic-table-hybrid-search', '_id': 'f0124cf2-b0f3-4e7e-b8b1-2565bddd7b7f', 'status': 400, 'error': {'type': 'document_parsing_exception', 'reason': "[1:17193] failed to parse: The [dense_vector] field [embedding] in doc [document with id 'f0124cf2-b0f3-4e7e-b8b1-2565bddd7b7f'] has a different number of dimensions [768] than defined in the mapping [1024]", 'caused_by': {'type': 'illegal_argument_exception', 'reason': "The [dense_vector] field [embedding] in doc [document with id 'f0124cf2-b0f3-4e7e-b8b1-2565bddd7b7f'] has a different number of dimensions [768] than defined in the mapping [1024]"}}}}
2025-11-05 20:58:18,059 - WARNING - Failed item: {'index': {'_index': 'periodic-table-hybrid-search', '_id': 'bd11efa9-7b9a-4c78-bcf7-9fbadbb6ab9d', 'status': 400, 'error': {'type': 'document_parsing_exception', 'reason': "[1:16804] failed to parse: The [dense_vector] field [embedding] in doc [document with id 'bd11efa9-7b9a-4c78-bcf7-9fbadbb6ab9d'] has a different number of dimensions [768] than defined in the mapping [1024]", 'caused_by': {'type': 'illegal_argument_exception', 'reason': "The [dense_vector] field [embedding] in doc [document with id 'bd11efa9-7b9a-4c78-bcf7-9fbadbb6ab9d'] has a different number of dimensions [768] than defined in the mapping [1024]"}}}}
2025-11-05 20:58:18,059 - WARNING - Failed item: {'index': {'_index': 'periodic-table-hybrid-search', '_id': 'ae1981ec-4fdc-4268-ab3e-8a712fdd5e2a', 'status': 400, 'error': {'type': 'document_parsing_exception', 'reason': "[1:19316] failed to parse: The [dense_vector] field [embedding] in doc [document with id 'ae1981ec-4fdc-4268-ab3e-8a712fdd5e2a'] has a different number of dimensions [768] than defined in the mapping [1024]", 'caused_by': {'type': 'illegal_argument_exception', 'reason': "The [dense_vector] field [embedding] in doc [document with id 'ae1981ec-4fdc-4268-ab3e-8a712fdd5e2a'] has a different number of dimensions [768] than defined in the mapping [1024]"}}}}
2025-11-05 20:58:18,059 - WARNING - Failed item: {'index': {'_index': 'periodic-table-hybrid-search', '_id': '5d79e118-2f17-4a82-a1d3-391567f5ef42', 'status': 400, 'error': {'type': 'document_parsing_exception', 'reason': "[1:17284] failed to parse: The [dense_vector] field [embedding] in doc [document with id '5d79e118-2f17-4a82-a1d3-391567f5ef42'] has a different number of dimensions [768] than defined in the mapping [1024]", 'caused_by': {'type': 'illegal_argument_exception', 'reason': "The [dense_vector] field [embedding] in doc [document with id '5d79e118-2f17-4a82-a1d3-391567f5ef42'] has a different number of dimensions [768] than defined in the mapping [1024]"}}}}
2025-11-05 20:58:18,059 - WARNING - Failed item: {'index': {'_index': 'periodic-table-hybrid-search', '_id': '4a50d978-5e5f-4f6b-954b-fd0050eb60de', 'status': 400, 'error': {'type': 'document_parsing_exception', 'reason': "[1:17143] failed to parse: The [dense_vector] field [embedding] in doc [document with id '4a50d978-5e5f-4f6b-954b-fd0050eb60de'] has a different number of dimensions [768] than defined in the mapping [1024]", 'caused_by': {'type': 'illegal_argument_exception', 'reason': "The [dense_vector] field [embedding] in doc [document with id '4a50d978-5e5f-4f6b-954b-fd0050eb60de'] has a different number of dimensions [768] than defined in the mapping [1024]"}}}}
2025-11-05 20:58:18,059 - WARNING - Failed item: {'index': {'_index': 'periodic-table-hybrid-search', '_id': 'd65e125d-cbc2-4d8a-b24e-23ae0138f861', 'status': 400, 'error': {'type': 'document_parsing_exception', 'reason': "[1:17163] failed to parse: The [dense_vector] field [embedding] in doc [document with id 'd65e125d-cbc2-4d8a-b24e-23ae0138f861'] has a different number of dimensions [768] than defined in the mapping [1024]", 'caused_by': {'type': 'illegal_argument_exception', 'reason': "The [dense_vector] field [embedding] in doc [document with id 'd65e125d-cbc2-4d8a-b24e-23ae0138f861'] has a different number of dimensions [768] than defined in the mapping [1024]"}}}}
2025-11-05 20:58:18,059 - WARNING - Failed item: {'index': {'_index': 'periodic-table-hybrid-search', '_id': '33f07cb0-b3c2-406a-a9e1-82b4efa59c33', 'status': 400, 'error': {'type': 'document_parsing_exception', 'reason': "[1:17163] failed to parse: The [dense_vector] field [embedding] in doc [document with id '33f07cb0-b3c2-406a-a9e1-82b4efa59c33'] has a different number of dimensions [768] than defined in the mapping [1024]", 'caused_by': {'type': 'illegal_argument_exception', 'reason': "The [dense_vector] field [embedding] in doc [document with id '33f07cb0-b3c2-406a-a9e1-82b4efa59c33'] has a different number of dimensions [768] than defined in the mapping [1024]"}}}}
2025-11-05 20:58:18,059 - WARNING - Failed item: {'index': {'_index': 'periodic-table-hybrid-search', '_id': 'ce9435ec-a14f-4d5b-9916-b12369fd55f8', 'status': 400, 'error': {'type': 'document_parsing_exception', 'reason': "[1:16719] failed to parse: The [dense_vector] field [embedding] in doc [document with id 'ce9435ec-a14f-4d5b-9916-b12369fd55f8'] has a different number of dimensions [768] than defined in the mapping [1024]", 'caused_by': {'type': 'illegal_argument_exception', 'reason': "The [dense_vector] field [embedding] in doc [document with id 'ce9435ec-a14f-4d5b-9916-b12369fd55f8'] has a different number of dimensions [768] than defined in the mapping [1024]"}}}}
2025-11-05 20:58:18,059 - WARNING - Failed item: {'index': {'_index': 'periodic-table-hybrid-search', '_id': 'cd57870d-a4c3-41c6-9b14-bc6803286468', 'status': 400, 'error': {'type': 'document_parsing_exception', 'reason': "[1:19090] failed to parse: The [dense_vector] field [embedding] in doc [document with id 'cd57870d-a4c3-41c6-9b14-bc6803286468'] has a different number of dimensions [768] than defined in the mapping [1024]", 'caused_by': {'type': 'illegal_argument_exception', 'reason': "The [dense_vector] field [embedding] in doc [document with id 'cd57870d-a4c3-41c6-9b14-bc6803286468'] has a different number of dimensions [768] than defined in the mapping [1024]"}}}}
2025-11-05 20:58:18,059 - WARNING - Failed item: {'index': {'_index': 'periodic-table-hybrid-search', '_id': 'd9c6148b-8017-4f73-b30e-fa3b1fe09b18', 'status': 400, 'error': {'type': 'document_parsing_exception', 'reason': "[1:17074] failed to parse: The [dense_vector] field [embedding] in doc [document with id 'd9c6148b-8017-4f73-b30e-fa3b1fe09b18'] has a different number of dimensions [768] than defined in the mapping [1024]", 'caused_by': {'type': 'illegal_argument_exception', 'reason': "The [dense_vector] field [embedding] in doc [document with id 'd9c6148b-8017-4f73-b30e-fa3b1fe09b18'] has a different number of dimensions [768] than defined in the mapping [1024]"}}}}
2025-11-05 20:58:18,059 - WARNING - Failed item: {'index': {'_index': 'periodic-table-hybrid-search', '_id': '8b3ba64f-96b9-41f5-8e7d-7257450a7dc6', 'status': 400, 'error': {'type': 'document_parsing_exception', 'reason': "[1:17019] failed to parse: The [dense_vector] field [embedding] in doc [document with id '8b3ba64f-96b9-41f5-8e7d-7257450a7dc6'] has a different number of dimensions [768] than defined in the mapping [1024]", 'caused_by': {'type': 'illegal_argument_exception', 'reason': "The [dense_vector] field [embedding] in doc [document with id '8b3ba64f-96b9-41f5-8e7d-7257450a7dc6'] has a different number of dimensions [768] than defined in the mapping [1024]"}}}}
2025-11-05 20:58:18,059 - WARNING - Failed item: {'index': {'_index': 'periodic-table-hybrid-search', '_id': 'f0d96fae-a3f5-4416-895c-0df9867f7aea', 'status': 400, 'error': {'type': 'document_parsing_exception', 'reason': "[1:17234] failed to parse: The [dense_vector] field [embedding] in doc [document with id 'f0d96fae-a3f5-4416-895c-0df9867f7aea'] has a different number of dimensions [768] than defined in the mapping [1024]", 'caused_by': {'type': 'illegal_argument_exception', 'reason': "The [dense_vector] field [embedding] in doc [document with id 'f0d96fae-a3f5-4416-895c-0df9867f7aea'] has a different number of dimensions [768] than defined in the mapping [1024]"}}}}
2025-11-05 20:58:18,059 - WARNING - Failed item: {'index': {'_index': 'periodic-table-hybrid-search', '_id': 'b692a8fc-9cc9-4b00-861c-a64e1ae36e08', 'status': 400, 'error': {'type': 'document_parsing_exception', 'reason': "[1:17164] failed to parse: The [dense_vector] field [embedding] in doc [document with id 'b692a8fc-9cc9-4b00-861c-a64e1ae36e08'] has a different number of dimensions [768] than defined in the mapping [1024]", 'caused_by': {'type': 'illegal_argument_exception', 'reason': "The [dense_vector] field [embedding] in doc [document with id 'b692a8fc-9cc9-4b00-861c-a64e1ae36e08'] has a different number of dimensions [768] than defined in the mapping [1024]"}}}}
2025-11-05 20:58:18,059 - WARNING - Failed item: {'index': {'_index': 'periodic-table-hybrid-search', '_id': '1b496df3-c853-474d-8f2e-4d2fc1edb6ef', 'status': 400, 'error': {'type': 'document_parsing_exception', 'reason': "[1:16756] failed to parse: The [dense_vector] field [embedding] in doc [document with id '1b496df3-c853-474d-8f2e-4d2fc1edb6ef'] has a different number of dimensions [768] than defined in the mapping [1024]", 'caused_by': {'type': 'illegal_argument_exception', 'reason': "The [dense_vector] field [embedding] in doc [document with id '1b496df3-c853-474d-8f2e-4d2fc1edb6ef'] has a different number of dimensions [768] than defined in the mapping [1024]"}}}}
2025-11-05 20:58:18,059 - WARNING - Failed item: {'index': {'_index': 'periodic-table-hybrid-search', '_id': 'f2a24046-25ed-42e9-9352-645f7ee21f81', 'status': 400, 'error': {'type': 'document_parsing_exception', 'reason': "[1:19395] failed to parse: The [dense_vector] field [embedding] in doc [document with id 'f2a24046-25ed-42e9-9352-645f7ee21f81'] has a different number of dimensions [768] than defined in the mapping [1024]", 'caused_by': {'type': 'illegal_argument_exception', 'reason': "The [dense_vector] field [embedding] in doc [document with id 'f2a24046-25ed-42e9-9352-645f7ee21f81'] has a different number of dimensions [768] than defined in the mapping [1024]"}}}}
2025-11-05 20:58:18,059 - WARNING - Failed item: {'index': {'_index': 'periodic-table-hybrid-search', '_id': '23ba1daf-03d3-4401-8a7c-92ac11cadb7d', 'status': 400, 'error': {'type': 'document_parsing_exception', 'reason': "[1:17149] failed to parse: The [dense_vector] field [embedding] in doc [document with id '23ba1daf-03d3-4401-8a7c-92ac11cadb7d'] has a different number of dimensions [768] than defined in the mapping [1024]", 'caused_by': {'type': 'illegal_argument_exception', 'reason': "The [dense_vector] field [embedding] in doc [document with id '23ba1daf-03d3-4401-8a7c-92ac11cadb7d'] has a different number of dimensions [768] than defined in the mapping [1024]"}}}}
2025-11-05 20:58:18,059 - WARNING - Failed item: {'index': {'_index': 'periodic-table-hybrid-search', '_id': '7b3117a7-0dfe-43dc-9b37-e4ad056ee81f', 'status': 400, 'error': {'type': 'document_parsing_exception', 'reason': "[1:17215] failed to parse: The [dense_vector] field [embedding] in doc [document with id '7b3117a7-0dfe-43dc-9b37-e4ad056ee81f'] has a different number of dimensions [768] than defined in the mapping [1024]", 'caused_by': {'type': 'illegal_argument_exception', 'reason': "The [dense_vector] field [embedding] in doc [document with id '7b3117a7-0dfe-43dc-9b37-e4ad056ee81f'] has a different number of dimensions [768] than defined in the mapping [1024]"}}}}
2025-11-05 20:58:18,059 - WARNING - Failed item: {'index': {'_index': 'periodic-table-hybrid-search', '_id': '37286b3e-1b68-43b1-b4d5-193aa5e33392', 'status': 400, 'error': {'type': 'document_parsing_exception', 'reason': "[1:17209] failed to parse: The [dense_vector] field [embedding] in doc [document with id '37286b3e-1b68-43b1-b4d5-193aa5e33392'] has a different number of dimensions [768] than defined in the mapping [1024]", 'caused_by': {'type': 'illegal_argument_exception', 'reason': "The [dense_vector] field [embedding] in doc [document with id '37286b3e-1b68-43b1-b4d5-193aa5e33392'] has a different number of dimensions [768] than defined in the mapping [1024]"}}}}
2025-11-05 20:58:18,059 - WARNING - Failed item: {'index': {'_index': 'periodic-table-hybrid-search', '_id': 'eb6a9116-c526-4a95-9938-50dd5b9d0d03', 'status': 400, 'error': {'type': 'document_parsing_exception', 'reason': "[1:17189] failed to parse: The [dense_vector] field [embedding] in doc [document with id 'eb6a9116-c526-4a95-9938-50dd5b9d0d03'] has a different number of dimensions [768] than defined in the mapping [1024]", 'caused_by': {'type': 'illegal_argument_exception', 'reason': "The [dense_vector] field [embedding] in doc [document with id 'eb6a9116-c526-4a95-9938-50dd5b9d0d03'] has a different number of dimensions [768] than defined in the mapping [1024]"}}}}
2025-11-05 20:58:18,059 - WARNING - Failed item: {'index': {'_index': 'periodic-table-hybrid-search', '_id': 'eb750932-c3f9-4b76-bee6-2a53e1b608be', 'status': 400, 'error': {'type': 'document_parsing_exception', 'reason': "[1:16713] failed to parse: The [dense_vector] field [embedding] in doc [document with id 'eb750932-c3f9-4b76-bee6-2a53e1b608be'] has a different number of dimensions [768] than defined in the mapping [1024]", 'caused_by': {'type': 'illegal_argument_exception', 'reason': "The [dense_vector] field [embedding] in doc [document with id 'eb750932-c3f9-4b76-bee6-2a53e1b608be'] has a different number of dimensions [768] than defined in the mapping [1024]"}}}}
2025-11-05 20:58:18,059 - WARNING - Failed item: {'index': {'_index': 'periodic-table-hybrid-search', '_id': '5adf0c59-ad96-4c16-80b5-a60b4cd27c6d', 'status': 400, 'error': {'type': 'document_parsing_exception', 'reason': "[1:17625] failed to parse: The [dense_vector] field [embedding] in doc [document with id '5adf0c59-ad96-4c16-80b5-a60b4cd27c6d'] has a different number of dimensions [768] than defined in the mapping [1024]", 'caused_by': {'type': 'illegal_argument_exception', 'reason': "The [dense_vector] field [embedding] in doc [document with id '5adf0c59-ad96-4c16-80b5-a60b4cd27c6d'] has a different number of dimensions [768] than defined in the mapping [1024]"}}}}
2025-11-05 20:58:18,059 - WARNING - Failed item: {'index': {'_index': 'periodic-table-hybrid-search', '_id': '8ddb2ba6-ee85-4392-b4ea-841122867e30', 'status': 400, 'error': {'type': 'document_parsing_exception', 'reason': "[1:17163] failed to parse: The [dense_vector] field [embedding] in doc [document with id '8ddb2ba6-ee85-4392-b4ea-841122867e30'] has a different number of dimensions [768] than defined in the mapping [1024]", 'caused_by': {'type': 'illegal_argument_exception', 'reason': "The [dense_vector] field [embedding] in doc [document with id '8ddb2ba6-ee85-4392-b4ea-841122867e30'] has a different number of dimensions [768] than defined in the mapping [1024]"}}}}
2025-11-05 20:58:18,060 - WARNING - Failed item: {'index': {'_index': 'periodic-table-hybrid-search', '_id': '28e3941a-7a18-4493-b519-959dcdc0e120', 'status': 400, 'error': {'type': 'document_parsing_exception', 'reason': "[1:17016] failed to parse: The [dense_vector] field [embedding] in doc [document with id '28e3941a-7a18-4493-b519-959dcdc0e120'] has a different number of dimensions [768] than defined in the mapping [1024]", 'caused_by': {'type': 'illegal_argument_exception', 'reason': "The [dense_vector] field [embedding] in doc [document with id '28e3941a-7a18-4493-b519-959dcdc0e120'] has a different number of dimensions [768] than defined in the mapping [1024]"}}}}
2025-11-05 20:58:18,060 - WARNING - Failed item: {'index': {'_index': 'periodic-table-hybrid-search', '_id': 'd92503ec-cf53-4f68-82cd-144e59fccddb', 'status': 400, 'error': {'type': 'document_parsing_exception', 'reason': "[1:26369] failed to parse: The [dense_vector] field [embedding] in doc [document with id 'd92503ec-cf53-4f68-82cd-144e59fccddb'] has a different number of dimensions [768] than defined in the mapping [1024]", 'caused_by': {'type': 'illegal_argument_exception', 'reason': "The [dense_vector] field [embedding] in doc [document with id 'd92503ec-cf53-4f68-82cd-144e59fccddb'] has a different number of dimensions [768] than defined in the mapping [1024]"}}}}
2025-11-05 20:58:18,060 - WARNING - Failed item: {'index': {'_index': 'periodic-table-hybrid-search', '_id': '69b2ad0a-670b-455a-a818-608a2c6b68a4', 'status': 400, 'error': {'type': 'document_parsing_exception', 'reason': "[1:19488] failed to parse: The [dense_vector] field [embedding] in doc [document with id '69b2ad0a-670b-455a-a818-608a2c6b68a4'] has a different number of dimensions [768] than defined in the mapping [1024]", 'caused_by': {'type': 'illegal_argument_exception', 'reason': "The [dense_vector] field [embedding] in doc [document with id '69b2ad0a-670b-455a-a818-608a2c6b68a4'] has a different number of dimensions [768] than defined in the mapping [1024]"}}}}
2025-11-05 20:58:18,060 - WARNING - Failed item: {'index': {'_index': 'periodic-table-hybrid-search', '_id': 'd3bb501a-8ca1-4a24-9ad1-0e05a7f19ca3', 'status': 400, 'error': {'type': 'document_parsing_exception', 'reason': "[1:17163] failed to parse: The [dense_vector] field [embedding] in doc [document with id 'd3bb501a-8ca1-4a24-9ad1-0e05a7f19ca3'] has a different number of dimensions [768] than defined in the mapping [1024]", 'caused_by': {'type': 'illegal_argument_exception', 'reason': "The [dense_vector] field [embedding] in doc [document with id 'd3bb501a-8ca1-4a24-9ad1-0e05a7f19ca3'] has a different number of dimensions [768] than defined in the mapping [1024]"}}}}
2025-11-05 20:58:18,060 - WARNING - Failed item: {'index': {'_index': 'periodic-table-hybrid-search', '_id': '26435cac-e792-40ba-a0a4-acb2364df5f0', 'status': 400, 'error': {'type': 'document_parsing_exception', 'reason': "[1:17267] failed to parse: The [dense_vector] field [embedding] in doc [document with id '26435cac-e792-40ba-a0a4-acb2364df5f0'] has a different number of dimensions [768] than defined in the mapping [1024]", 'caused_by': {'type': 'illegal_argument_exception', 'reason': "The [dense_vector] field [embedding] in doc [document with id '26435cac-e792-40ba-a0a4-acb2364df5f0'] has a different number of dimensions [768] than defined in the mapping [1024]"}}}}
2025-11-05 20:58:18,060 - WARNING - Failed item: {'index': {'_index': 'periodic-table-hybrid-search', '_id': '9bf220f4-b02e-459a-a3cd-4b0c58ffddfe', 'status': 400, 'error': {'type': 'document_parsing_exception', 'reason': "[1:17281] failed to parse: The [dense_vector] field [embedding] in doc [document with id '9bf220f4-b02e-459a-a3cd-4b0c58ffddfe'] has a different number of dimensions [768] than defined in the mapping [1024]", 'caused_by': {'type': 'illegal_argument_exception', 'reason': "The [dense_vector] field [embedding] in doc [document with id '9bf220f4-b02e-459a-a3cd-4b0c58ffddfe'] has a different number of dimensions [768] than defined in the mapping [1024]"}}}}
2025-11-05 20:58:18,060 - WARNING - Failed item: {'index': {'_index': 'periodic-table-hybrid-search', '_id': '8ef5409c-c4c9-4424-885a-faf8b32d568d', 'status': 400, 'error': {'type': 'document_parsing_exception', 'reason': "[1:17199] failed to parse: The [dense_vector] field [embedding] in doc [document with id '8ef5409c-c4c9-4424-885a-faf8b32d568d'] has a different number of dimensions [768] than defined in the mapping [1024]", 'caused_by': {'type': 'illegal_argument_exception', 'reason': "The [dense_vector] field [embedding] in doc [document with id '8ef5409c-c4c9-4424-885a-faf8b32d568d'] has a different number of dimensions [768] than defined in the mapping [1024]"}}}}
2025-11-05 20:58:18,060 - WARNING - Failed item: {'index': {'_index': 'periodic-table-hybrid-search', '_id': '332797e8-e334-4e58-8c29-ffb995d8af02', 'status': 400, 'error': {'type': 'document_parsing_exception', 'reason': "[1:16732] failed to parse: The [dense_vector] field [embedding] in doc [document with id '332797e8-e334-4e58-8c29-ffb995d8af02'] has a different number of dimensions [768] than defined in the mapping [1024]", 'caused_by': {'type': 'illegal_argument_exception', 'reason': "The [dense_vector] field [embedding] in doc [document with id '332797e8-e334-4e58-8c29-ffb995d8af02'] has a different number of dimensions [768] than defined in the mapping [1024]"}}}}
2025-11-05 20:58:18,060 - WARNING - Failed item: {'index': {'_index': 'periodic-table-hybrid-search', '_id': 'efca9d89-cbd7-44d2-bdb7-18db98037fe2', 'status': 400, 'error': {'type': 'document_parsing_exception', 'reason': "[1:19274] failed to parse: The [dense_vector] field [embedding] in doc [document with id 'efca9d89-cbd7-44d2-bdb7-18db98037fe2'] has a different number of dimensions [768] than defined in the mapping [1024]", 'caused_by': {'type': 'illegal_argument_exception', 'reason': "The [dense_vector] field [embedding] in doc [document with id 'efca9d89-cbd7-44d2-bdb7-18db98037fe2'] has a different number of dimensions [768] than defined in the mapping [1024]"}}}}
2025-11-05 20:58:18,060 - WARNING - Failed item: {'index': {'_index': 'periodic-table-hybrid-search', '_id': '24964e9c-62e7-4ed2-b035-1974ca724ae5', 'status': 400, 'error': {'type': 'document_parsing_exception', 'reason': "[1:17167] failed to parse: The [dense_vector] field [embedding] in doc [document with id '24964e9c-62e7-4ed2-b035-1974ca724ae5'] has a different number of dimensions [768] than defined in the mapping [1024]", 'caused_by': {'type': 'illegal_argument_exception', 'reason': "The [dense_vector] field [embedding] in doc [document with id '24964e9c-62e7-4ed2-b035-1974ca724ae5'] has a different number of dimensions [768] than defined in the mapping [1024]"}}}}
2025-11-05 20:58:18,060 - WARNING - Failed item: {'index': {'_index': 'periodic-table-hybrid-search', '_id': '19ba01ea-acae-4fa4-89e5-6c77b06eb189', 'status': 400, 'error': {'type': 'document_parsing_exception', 'reason': "[1:17131] failed to parse: The [dense_vector] field [embedding] in doc [document with id '19ba01ea-acae-4fa4-89e5-6c77b06eb189'] has a different number of dimensions [768] than defined in the mapping [1024]", 'caused_by': {'type': 'illegal_argument_exception', 'reason': "The [dense_vector] field [embedding] in doc [document with id '19ba01ea-acae-4fa4-89e5-6c77b06eb189'] has a different number of dimensions [768] than defined in the mapping [1024]"}}}}
2025-11-05 20:58:18,060 - WARNING - Failed item: {'index': {'_index': 'periodic-table-hybrid-search', '_id': '45a7ba31-d434-4b95-be17-20e8886ea81c', 'status': 400, 'error': {'type': 'document_parsing_exception', 'reason': "[1:17266] failed to parse: The [dense_vector] field [embedding] in doc [document with id '45a7ba31-d434-4b95-be17-20e8886ea81c'] has a different number of dimensions [768] than defined in the mapping [1024]", 'caused_by': {'type': 'illegal_argument_exception', 'reason': "The [dense_vector] field [embedding] in doc [document with id '45a7ba31-d434-4b95-be17-20e8886ea81c'] has a different number of dimensions [768] than defined in the mapping [1024]"}}}}
2025-11-05 20:58:18,060 - WARNING - Failed item: {'index': {'_index': 'periodic-table-hybrid-search', '_id': 'b9f1cbea-682d-4727-b35b-34ab48c5108e', 'status': 400, 'error': {'type': 'document_parsing_exception', 'reason': "[1:17162] failed to parse: The [dense_vector] field [embedding] in doc [document with id 'b9f1cbea-682d-4727-b35b-34ab48c5108e'] has a different number of dimensions [768] than defined in the mapping [1024]", 'caused_by': {'type': 'illegal_argument_exception', 'reason': "The [dense_vector] field [embedding] in doc [document with id 'b9f1cbea-682d-4727-b35b-34ab48c5108e'] has a different number of dimensions [768] than defined in the mapping [1024]"}}}}
2025-11-05 20:58:18,060 - WARNING - Failed item: {'index': {'_index': 'periodic-table-hybrid-search', '_id': 'a8475654-2aae-4c50-ad8b-d8bbaebaa387', 'status': 400, 'error': {'type': 'document_parsing_exception', 'reason': "[1:16786] failed to parse: The [dense_vector] field [embedding] in doc [document with id 'a8475654-2aae-4c50-ad8b-d8bbaebaa387'] has a different number of dimensions [768] than defined in the mapping [1024]", 'caused_by': {'type': 'illegal_argument_exception', 'reason': "The [dense_vector] field [embedding] in doc [document with id 'a8475654-2aae-4c50-ad8b-d8bbaebaa387'] has a different number of dimensions [768] than defined in the mapping [1024]"}}}}
2025-11-05 20:58:18,060 - WARNING - Failed item: {'index': {'_index': 'periodic-table-hybrid-search', '_id': '63b157f2-6cab-47ef-ac02-34f07a5109d0', 'status': 400, 'error': {'type': 'document_parsing_exception', 'reason': "[1:19195] failed to parse: The [dense_vector] field [embedding] in doc [document with id '63b157f2-6cab-47ef-ac02-34f07a5109d0'] has a different number of dimensions [768] than defined in the mapping [1024]", 'caused_by': {'type': 'illegal_argument_exception', 'reason': "The [dense_vector] field [embedding] in doc [document with id '63b157f2-6cab-47ef-ac02-34f07a5109d0'] has a different number of dimensions [768] than defined in the mapping [1024]"}}}}
2025-11-05 20:58:18,060 - WARNING - Failed item: {'index': {'_index': 'periodic-table-hybrid-search', '_id': '49650ae6-dc67-417a-bc0a-9a920b0b0f5e', 'status': 400, 'error': {'type': 'document_parsing_exception', 'reason': "[1:17195] failed to parse: The [dense_vector] field [embedding] in doc [document with id '49650ae6-dc67-417a-bc0a-9a920b0b0f5e'] has a different number of dimensions [768] than defined in the mapping [1024]", 'caused_by': {'type': 'illegal_argument_exception', 'reason': "The [dense_vector] field [embedding] in doc [document with id '49650ae6-dc67-417a-bc0a-9a920b0b0f5e'] has a different number of dimensions [768] than defined in the mapping [1024]"}}}}
2025-11-05 20:58:18,060 - WARNING - Failed item: {'index': {'_index': 'periodic-table-hybrid-search', '_id': 'ec06edf9-a34c-4796-a36f-59093574d3d2', 'status': 400, 'error': {'type': 'document_parsing_exception', 'reason': "[1:17100] failed to parse: The [dense_vector] field [embedding] in doc [document with id 'ec06edf9-a34c-4796-a36f-59093574d3d2'] has a different number of dimensions [768] than defined in the mapping [1024]", 'caused_by': {'type': 'illegal_argument_exception', 'reason': "The [dense_vector] field [embedding] in doc [document with id 'ec06edf9-a34c-4796-a36f-59093574d3d2'] has a different number of dimensions [768] than defined in the mapping [1024]"}}}}
2025-11-05 20:58:18,060 - WARNING - Failed item: {'index': {'_index': 'periodic-table-hybrid-search', '_id': 'fbadd968-fe43-47b9-8224-d0d8cfb4163c', 'status': 400, 'error': {'type': 'document_parsing_exception', 'reason': "[1:17206] failed to parse: The [dense_vector] field [embedding] in doc [document with id 'fbadd968-fe43-47b9-8224-d0d8cfb4163c'] has a different number of dimensions [768] than defined in the mapping [1024]", 'caused_by': {'type': 'illegal_argument_exception', 'reason': "The [dense_vector] field [embedding] in doc [document with id 'fbadd968-fe43-47b9-8224-d0d8cfb4163c'] has a different number of dimensions [768] than defined in the mapping [1024]"}}}}
2025-11-05 20:58:18,060 - WARNING - Failed item: {'index': {'_index': 'periodic-table-hybrid-search', '_id': '0d8c084d-16a9-49c0-bab7-43d96a34dc87', 'status': 400, 'error': {'type': 'document_parsing_exception', 'reason': "[1:17235] failed to parse: The [dense_vector] field [embedding] in doc [document with id '0d8c084d-16a9-49c0-bab7-43d96a34dc87'] has a different number of dimensions [768] than defined in the mapping [1024]", 'caused_by': {'type': 'illegal_argument_exception', 'reason': "The [dense_vector] field [embedding] in doc [document with id '0d8c084d-16a9-49c0-bab7-43d96a34dc87'] has a different number of dimensions [768] than defined in the mapping [1024]"}}}}
2025-11-05 20:58:18,060 - WARNING - Failed item: {'index': {'_index': 'periodic-table-hybrid-search', '_id': 'f4ac022a-6ec6-48bb-8609-4d3146e7142a', 'status': 400, 'error': {'type': 'document_parsing_exception', 'reason': "[1:16734] failed to parse: The [dense_vector] field [embedding] in doc [document with id 'f4ac022a-6ec6-48bb-8609-4d3146e7142a'] has a different number of dimensions [768] than defined in the mapping [1024]", 'caused_by': {'type': 'illegal_argument_exception', 'reason': "The [dense_vector] field [embedding] in doc [document with id 'f4ac022a-6ec6-48bb-8609-4d3146e7142a'] has a different number of dimensions [768] than defined in the mapping [1024]"}}}}
2025-11-05 20:58:18,060 - WARNING - Failed item: {'index': {'_index': 'periodic-table-hybrid-search', '_id': '74cde473-21eb-4e04-9a56-24c1f6665873', 'status': 400, 'error': {'type': 'document_parsing_exception', 'reason': "[1:18702] failed to parse: The [dense_vector] field [embedding] in doc [document with id '74cde473-21eb-4e04-9a56-24c1f6665873'] has a different number of dimensions [768] than defined in the mapping [1024]", 'caused_by': {'type': 'illegal_argument_exception', 'reason': "The [dense_vector] field [embedding] in doc [document with id '74cde473-21eb-4e04-9a56-24c1f6665873'] has a different number of dimensions [768] than defined in the mapping [1024]"}}}}
2025-11-05 20:58:18,060 - WARNING - Failed item: {'index': {'_index': 'periodic-table-hybrid-search', '_id': '50aaefec-5e4a-4cbc-81bb-ea442ed84a08', 'status': 400, 'error': {'type': 'document_parsing_exception', 'reason': "[1:17165] failed to parse: The [dense_vector] field [embedding] in doc [document with id '50aaefec-5e4a-4cbc-81bb-ea442ed84a08'] has a different number of dimensions [768] than defined in the mapping [1024]", 'caused_by': {'type': 'illegal_argument_exception', 'reason': "The [dense_vector] field [embedding] in doc [document with id '50aaefec-5e4a-4cbc-81bb-ea442ed84a08'] has a different number of dimensions [768] than defined in the mapping [1024]"}}}}
2025-11-05 20:58:18,060 - WARNING - Failed item: {'index': {'_index': 'periodic-table-hybrid-search', '_id': '310cc4ca-badd-4fb5-8b62-fcff5aea2ce4', 'status': 400, 'error': {'type': 'document_parsing_exception', 'reason': "[1:17256] failed to parse: The [dense_vector] field [embedding] in doc [document with id '310cc4ca-badd-4fb5-8b62-fcff5aea2ce4'] has a different number of dimensions [768] than defined in the mapping [1024]", 'caused_by': {'type': 'illegal_argument_exception', 'reason': "The [dense_vector] field [embedding] in doc [document with id '310cc4ca-badd-4fb5-8b62-fcff5aea2ce4'] has a different number of dimensions [768] than defined in the mapping [1024]"}}}}
2025-11-05 20:58:18,060 - WARNING - Failed item: {'index': {'_index': 'periodic-table-hybrid-search', '_id': '8b4a5a42-939b-4842-99d9-5843767f9cdd', 'status': 400, 'error': {'type': 'document_parsing_exception', 'reason': "[1:17191] failed to parse: The [dense_vector] field [embedding] in doc [document with id '8b4a5a42-939b-4842-99d9-5843767f9cdd'] has a different number of dimensions [768] than defined in the mapping [1024]", 'caused_by': {'type': 'illegal_argument_exception', 'reason': "The [dense_vector] field [embedding] in doc [document with id '8b4a5a42-939b-4842-99d9-5843767f9cdd'] has a different number of dimensions [768] than defined in the mapping [1024]"}}}}
2025-11-05 20:58:18,060 - WARNING - Failed item: {'index': {'_index': 'periodic-table-hybrid-search', '_id': 'be531ef1-3b9b-4f67-93e5-b92813da304a', 'status': 400, 'error': {'type': 'document_parsing_exception', 'reason': "[1:16702] failed to parse: The [dense_vector] field [embedding] in doc [document with id 'be531ef1-3b9b-4f67-93e5-b92813da304a'] has a different number of dimensions [768] than defined in the mapping [1024]", 'caused_by': {'type': 'illegal_argument_exception', 'reason': "The [dense_vector] field [embedding] in doc [document with id 'be531ef1-3b9b-4f67-93e5-b92813da304a'] has a different number of dimensions [768] than defined in the mapping [1024]"}}}}
2025-11-05 20:58:18,060 - WARNING - Failed item: {'index': {'_index': 'periodic-table-hybrid-search', '_id': '35e0e45b-4273-4ad3-8ddb-bf988c7e9723', 'status': 400, 'error': {'type': 'document_parsing_exception', 'reason': "[1:17598] failed to parse: The [dense_vector] field [embedding] in doc [document with id '35e0e45b-4273-4ad3-8ddb-bf988c7e9723'] has a different number of dimensions [768] than defined in the mapping [1024]", 'caused_by': {'type': 'illegal_argument_exception', 'reason': "The [dense_vector] field [embedding] in doc [document with id '35e0e45b-4273-4ad3-8ddb-bf988c7e9723'] has a different number of dimensions [768] than defined in the mapping [1024]"}}}}
2025-11-05 20:58:18,060 - WARNING - Failed item: {'index': {'_index': 'periodic-table-hybrid-search', '_id': 'a5fe6029-04a1-4117-b560-09a30d794ce1', 'status': 400, 'error': {'type': 'document_parsing_exception', 'reason': "[1:17633] failed to parse: The [dense_vector] field [embedding] in doc [document with id 'a5fe6029-04a1-4117-b560-09a30d794ce1'] has a different number of dimensions [768] than defined in the mapping [1024]", 'caused_by': {'type': 'illegal_argument_exception', 'reason': "The [dense_vector] field [embedding] in doc [document with id 'a5fe6029-04a1-4117-b560-09a30d794ce1'] has a different number of dimensions [768] than defined in the mapping [1024]"}}}}
2025-11-05 20:58:18,060 - WARNING - Failed item: {'index': {'_index': 'periodic-table-hybrid-search', '_id': '9c78e566-2b2a-4d03-9aff-7d01328b8429', 'status': 400, 'error': {'type': 'document_parsing_exception', 'reason': "[1:17241] failed to parse: The [dense_vector] field [embedding] in doc [document with id '9c78e566-2b2a-4d03-9aff-7d01328b8429'] has a different number of dimensions [768] than defined in the mapping [1024]", 'caused_by': {'type': 'illegal_argument_exception', 'reason': "The [dense_vector] field [embedding] in doc [document with id '9c78e566-2b2a-4d03-9aff-7d01328b8429'] has a different number of dimensions [768] than defined in the mapping [1024]"}}}}
2025-11-05 20:58:18,060 - WARNING - Failed item: {'index': {'_index': 'periodic-table-hybrid-search', '_id': 'ffaa45ba-9c28-4682-be6d-079c422a2dd6', 'status': 400, 'error': {'type': 'document_parsing_exception', 'reason': "[1:16975] failed to parse: The [dense_vector] field [embedding] in doc [document with id 'ffaa45ba-9c28-4682-be6d-079c422a2dd6'] has a different number of dimensions [768] than defined in the mapping [1024]", 'caused_by': {'type': 'illegal_argument_exception', 'reason': "The [dense_vector] field [embedding] in doc [document with id 'ffaa45ba-9c28-4682-be6d-079c422a2dd6'] has a different number of dimensions [768] than defined in the mapping [1024]"}}}}
2025-11-05 20:58:18,060 - WARNING - Failed item: {'index': {'_index': 'periodic-table-hybrid-search', '_id': '32515752-7576-40cd-a73d-b0cfb76184ee', 'status': 400, 'error': {'type': 'document_parsing_exception', 'reason': "[1:16489] failed to parse: The [dense_vector] field [embedding] in doc [document with id '32515752-7576-40cd-a73d-b0cfb76184ee'] has a different number of dimensions [768] than defined in the mapping [1024]", 'caused_by': {'type': 'illegal_argument_exception', 'reason': "The [dense_vector] field [embedding] in doc [document with id '32515752-7576-40cd-a73d-b0cfb76184ee'] has a different number of dimensions [768] than defined in the mapping [1024]"}}}}
2025-11-05 20:58:18,060 - WARNING - Failed item: {'index': {'_index': 'periodic-table-hybrid-search', '_id': 'e736e2da-437a-42bc-b757-fcf0fba4b03a', 'status': 400, 'error': {'type': 'document_parsing_exception', 'reason': "[1:16523] failed to parse: The [dense_vector] field [embedding] in doc [document with id 'e736e2da-437a-42bc-b757-fcf0fba4b03a'] has a different number of dimensions [768] than defined in the mapping [1024]", 'caused_by': {'type': 'illegal_argument_exception', 'reason': "The [dense_vector] field [embedding] in doc [document with id 'e736e2da-437a-42bc-b757-fcf0fba4b03a'] has a different number of dimensions [768] than defined in the mapping [1024]"}}}}
2025-11-05 20:58:18,060 - WARNING - Failed item: {'index': {'_index': 'periodic-table-hybrid-search', '_id': '4178f698-4ec0-4ccd-a730-1bc4a53c7690', 'status': 400, 'error': {'type': 'document_parsing_exception', 'reason': "[1:16523] failed to parse: The [dense_vector] field [embedding] in doc [document with id '4178f698-4ec0-4ccd-a730-1bc4a53c7690'] has a different number of dimensions [768] than defined in the mapping [1024]", 'caused_by': {'type': 'illegal_argument_exception', 'reason': "The [dense_vector] field [embedding] in doc [document with id '4178f698-4ec0-4ccd-a730-1bc4a53c7690'] has a different number of dimensions [768] than defined in the mapping [1024]"}}}}
2025-11-05 20:58:18,060 - WARNING - Failed item: {'index': {'_index': 'periodic-table-hybrid-search', '_id': 'c7eface6-f093-4954-9ee2-8e3108cebd00', 'status': 400, 'error': {'type': 'document_parsing_exception', 'reason': "[1:26623] failed to parse: The [dense_vector] field [embedding] in doc [document with id 'c7eface6-f093-4954-9ee2-8e3108cebd00'] has a different number of dimensions [768] than defined in the mapping [1024]", 'caused_by': {'type': 'illegal_argument_exception', 'reason': "The [dense_vector] field [embedding] in doc [document with id 'c7eface6-f093-4954-9ee2-8e3108cebd00'] has a different number of dimensions [768] than defined in the mapping [1024]"}}}}
2025-11-05 20:58:18,060 - WARNING - Failed item: {'index': {'_index': 'periodic-table-hybrid-search', '_id': '0c9fe2f4-fc39-409c-85af-e7d7f9f46fac', 'status': 400, 'error': {'type': 'document_parsing_exception', 'reason': "[1:19194] failed to parse: The [dense_vector] field [embedding] in doc [document with id '0c9fe2f4-fc39-409c-85af-e7d7f9f46fac'] has a different number of dimensions [768] than defined in the mapping [1024]", 'caused_by': {'type': 'illegal_argument_exception', 'reason': "The [dense_vector] field [embedding] in doc [document with id '0c9fe2f4-fc39-409c-85af-e7d7f9f46fac'] has a different number of dimensions [768] than defined in the mapping [1024]"}}}}
2025-11-05 20:58:18,060 - WARNING - Failed item: {'index': {'_index': 'periodic-table-hybrid-search', '_id': '76ebb8d9-25dd-4093-a7e6-2cdff1be4a9b', 'status': 400, 'error': {'type': 'document_parsing_exception', 'reason': "[1:17131] failed to parse: The [dense_vector] field [embedding] in doc [document with id '76ebb8d9-25dd-4093-a7e6-2cdff1be4a9b'] has a different number of dimensions [768] than defined in the mapping [1024]", 'caused_by': {'type': 'illegal_argument_exception', 'reason': "The [dense_vector] field [embedding] in doc [document with id '76ebb8d9-25dd-4093-a7e6-2cdff1be4a9b'] has a different number of dimensions [768] than defined in the mapping [1024]"}}}}
2025-11-05 20:58:18,060 - WARNING - Failed item: {'index': {'_index': 'periodic-table-hybrid-search', '_id': 'd782279c-5f34-440a-9405-0133c862f909', 'status': 400, 'error': {'type': 'document_parsing_exception', 'reason': "[1:17164] failed to parse: The [dense_vector] field [embedding] in doc [document with id 'd782279c-5f34-440a-9405-0133c862f909'] has a different number of dimensions [768] than defined in the mapping [1024]", 'caused_by': {'type': 'illegal_argument_exception', 'reason': "The [dense_vector] field [embedding] in doc [document with id 'd782279c-5f34-440a-9405-0133c862f909'] has a different number of dimensions [768] than defined in the mapping [1024]"}}}}
2025-11-05 20:58:18,060 - WARNING - Failed item: {'index': {'_index': 'periodic-table-hybrid-search', '_id': '15c8ac79-33d8-49ef-8094-bea1890e4f5b', 'status': 400, 'error': {'type': 'document_parsing_exception', 'reason': "[1:17180] failed to parse: The [dense_vector] field [embedding] in doc [document with id '15c8ac79-33d8-49ef-8094-bea1890e4f5b'] has a different number of dimensions [768] than defined in the mapping [1024]", 'caused_by': {'type': 'illegal_argument_exception', 'reason': "The [dense_vector] field [embedding] in doc [document with id '15c8ac79-33d8-49ef-8094-bea1890e4f5b'] has a different number of dimensions [768] than defined in the mapping [1024]"}}}}
2025-11-05 20:58:18,060 - WARNING - Failed item: {'index': {'_index': 'periodic-table-hybrid-search', '_id': 'a5acd6c2-d9d0-4c95-88f8-6860f8cc4687', 'status': 400, 'error': {'type': 'document_parsing_exception', 'reason': "[1:17204] failed to parse: The [dense_vector] field [embedding] in doc [document with id 'a5acd6c2-d9d0-4c95-88f8-6860f8cc4687'] has a different number of dimensions [768] than defined in the mapping [1024]", 'caused_by': {'type': 'illegal_argument_exception', 'reason': "The [dense_vector] field [embedding] in doc [document with id 'a5acd6c2-d9d0-4c95-88f8-6860f8cc4687'] has a different number of dimensions [768] than defined in the mapping [1024]"}}}}
2025-11-05 20:58:18,060 - WARNING - Failed item: {'index': {'_index': 'periodic-table-hybrid-search', '_id': '905e2cbc-972c-4453-ad04-4b764f62a3ce', 'status': 400, 'error': {'type': 'document_parsing_exception', 'reason': "[1:16683] failed to parse: The [dense_vector] field [embedding] in doc [document with id '905e2cbc-972c-4453-ad04-4b764f62a3ce'] has a different number of dimensions [768] than defined in the mapping [1024]", 'caused_by': {'type': 'illegal_argument_exception', 'reason': "The [dense_vector] field [embedding] in doc [document with id '905e2cbc-972c-4453-ad04-4b764f62a3ce'] has a different number of dimensions [768] than defined in the mapping [1024]"}}}}
2025-11-05 20:58:18,060 - WARNING - Failed item: {'index': {'_index': 'periodic-table-hybrid-search', '_id': '1a96f0b2-074a-41bf-ad05-72d30b5535c7', 'status': 400, 'error': {'type': 'document_parsing_exception', 'reason': "[1:19240] failed to parse: The [dense_vector] field [embedding] in doc [document with id '1a96f0b2-074a-41bf-ad05-72d30b5535c7'] has a different number of dimensions [768] than defined in the mapping [1024]", 'caused_by': {'type': 'illegal_argument_exception', 'reason': "The [dense_vector] field [embedding] in doc [document with id '1a96f0b2-074a-41bf-ad05-72d30b5535c7'] has a different number of dimensions [768] than defined in the mapping [1024]"}}}}
2025-11-05 20:58:18,060 - WARNING - Failed item: {'index': {'_index': 'periodic-table-hybrid-search', '_id': '88c92c51-dbc9-4423-b713-c1a9a56d4940', 'status': 400, 'error': {'type': 'document_parsing_exception', 'reason': "[1:16980] failed to parse: The [dense_vector] field [embedding] in doc [document with id '88c92c51-dbc9-4423-b713-c1a9a56d4940'] has a different number of dimensions [768] than defined in the mapping [1024]", 'caused_by': {'type': 'illegal_argument_exception', 'reason': "The [dense_vector] field [embedding] in doc [document with id '88c92c51-dbc9-4423-b713-c1a9a56d4940'] has a different number of dimensions [768] than defined in the mapping [1024]"}}}}
2025-11-05 20:58:18,060 - WARNING - Failed item: {'index': {'_index': 'periodic-table-hybrid-search', '_id': 'f27c8435-157c-46e3-b241-25eee1b8cd1c', 'status': 400, 'error': {'type': 'document_parsing_exception', 'reason': "[1:17219] failed to parse: The [dense_vector] field [embedding] in doc [document with id 'f27c8435-157c-46e3-b241-25eee1b8cd1c'] has a different number of dimensions [768] than defined in the mapping [1024]", 'caused_by': {'type': 'illegal_argument_exception', 'reason': "The [dense_vector] field [embedding] in doc [document with id 'f27c8435-157c-46e3-b241-25eee1b8cd1c'] has a different number of dimensions [768] than defined in the mapping [1024]"}}}}
2025-11-05 20:58:18,060 - WARNING - Failed item: {'index': {'_index': 'periodic-table-hybrid-search', '_id': 'f91928ad-4cfd-4225-b9af-82e14abf4958', 'status': 400, 'error': {'type': 'document_parsing_exception', 'reason': "[1:17257] failed to parse: The [dense_vector] field [embedding] in doc [document with id 'f91928ad-4cfd-4225-b9af-82e14abf4958'] has a different number of dimensions [768] than defined in the mapping [1024]", 'caused_by': {'type': 'illegal_argument_exception', 'reason': "The [dense_vector] field [embedding] in doc [document with id 'f91928ad-4cfd-4225-b9af-82e14abf4958'] has a different number of dimensions [768] than defined in the mapping [1024]"}}}}
2025-11-05 20:58:18,060 - WARNING - Failed item: {'index': {'_index': 'periodic-table-hybrid-search', '_id': '3cde9516-31f4-4f4f-9fdc-a5fb5d0fdd34', 'status': 400, 'error': {'type': 'document_parsing_exception', 'reason': "[1:17202] failed to parse: The [dense_vector] field [embedding] in doc [document with id '3cde9516-31f4-4f4f-9fdc-a5fb5d0fdd34'] has a different number of dimensions [768] than defined in the mapping [1024]", 'caused_by': {'type': 'illegal_argument_exception', 'reason': "The [dense_vector] field [embedding] in doc [document with id '3cde9516-31f4-4f4f-9fdc-a5fb5d0fdd34'] has a different number of dimensions [768] than defined in the mapping [1024]"}}}}
2025-11-05 20:58:18,060 - WARNING - Failed item: {'index': {'_index': 'periodic-table-hybrid-search', '_id': '4898f7a6-a18c-4801-bc4c-6edbe6339007', 'status': 400, 'error': {'type': 'document_parsing_exception', 'reason': "[1:16701] failed to parse: The [dense_vector] field [embedding] in doc [document with id '4898f7a6-a18c-4801-bc4c-6edbe6339007'] has a different number of dimensions [768] than defined in the mapping [1024]", 'caused_by': {'type': 'illegal_argument_exception', 'reason': "The [dense_vector] field [embedding] in doc [document with id '4898f7a6-a18c-4801-bc4c-6edbe6339007'] has a different number of dimensions [768] than defined in the mapping [1024]"}}}}
2025-11-05 20:58:18,060 - WARNING - Failed item: {'index': {'_index': 'periodic-table-hybrid-search', '_id': '3cb45470-5c73-4f99-a7ff-6aa80f63ac78', 'status': 400, 'error': {'type': 'document_parsing_exception', 'reason': "[1:19026] failed to parse: The [dense_vector] field [embedding] in doc [document with id '3cb45470-5c73-4f99-a7ff-6aa80f63ac78'] has a different number of dimensions [768] than defined in the mapping [1024]", 'caused_by': {'type': 'illegal_argument_exception', 'reason': "The [dense_vector] field [embedding] in doc [document with id '3cb45470-5c73-4f99-a7ff-6aa80f63ac78'] has a different number of dimensions [768] than defined in the mapping [1024]"}}}}
2025-11-05 20:58:18,060 - WARNING - Failed item: {'index': {'_index': 'periodic-table-hybrid-search', '_id': '44ea3dc6-746b-4717-9155-f662cdd1d3cc', 'status': 400, 'error': {'type': 'document_parsing_exception', 'reason': "[1:17097] failed to parse: The [dense_vector] field [embedding] in doc [document with id '44ea3dc6-746b-4717-9155-f662cdd1d3cc'] has a different number of dimensions [768] than defined in the mapping [1024]", 'caused_by': {'type': 'illegal_argument_exception', 'reason': "The [dense_vector] field [embedding] in doc [document with id '44ea3dc6-746b-4717-9155-f662cdd1d3cc'] has a different number of dimensions [768] than defined in the mapping [1024]"}}}}
2025-11-05 20:58:18,060 - WARNING - Failed item: {'index': {'_index': 'periodic-table-hybrid-search', '_id': '8af8ab77-c512-4d4a-89cd-2394a22958db', 'status': 400, 'error': {'type': 'document_parsing_exception', 'reason': "[1:17104] failed to parse: The [dense_vector] field [embedding] in doc [document with id '8af8ab77-c512-4d4a-89cd-2394a22958db'] has a different number of dimensions [768] than defined in the mapping [1024]", 'caused_by': {'type': 'illegal_argument_exception', 'reason': "The [dense_vector] field [embedding] in doc [document with id '8af8ab77-c512-4d4a-89cd-2394a22958db'] has a different number of dimensions [768] than defined in the mapping [1024]"}}}}
2025-11-05 20:58:18,060 - WARNING - Failed item: {'index': {'_index': 'periodic-table-hybrid-search', '_id': 'c7b137d6-24bb-49e5-a757-09e7605ac767', 'status': 400, 'error': {'type': 'document_parsing_exception', 'reason': "[1:17060] failed to parse: The [dense_vector] field [embedding] in doc [document with id 'c7b137d6-24bb-49e5-a757-09e7605ac767'] has a different number of dimensions [768] than defined in the mapping [1024]", 'caused_by': {'type': 'illegal_argument_exception', 'reason': "The [dense_vector] field [embedding] in doc [document with id 'c7b137d6-24bb-49e5-a757-09e7605ac767'] has a different number of dimensions [768] than defined in the mapping [1024]"}}}}
2025-11-05 20:58:18,060 - WARNING - Failed item: {'index': {'_index': 'periodic-table-hybrid-search', '_id': '20068cab-30bf-4279-8b51-081a22ddba05', 'status': 400, 'error': {'type': 'document_parsing_exception', 'reason': "[1:17109] failed to parse: The [dense_vector] field [embedding] in doc [document with id '20068cab-30bf-4279-8b51-081a22ddba05'] has a different number of dimensions [768] than defined in the mapping [1024]", 'caused_by': {'type': 'illegal_argument_exception', 'reason': "The [dense_vector] field [embedding] in doc [document with id '20068cab-30bf-4279-8b51-081a22ddba05'] has a different number of dimensions [768] than defined in the mapping [1024]"}}}}
2025-11-05 20:58:18,060 - WARNING - Failed item: {'index': {'_index': 'periodic-table-hybrid-search', '_id': '7cc1656f-3be9-4bae-ba4e-24b3d5c98cba', 'status': 400, 'error': {'type': 'document_parsing_exception', 'reason': "[1:16745] failed to parse: The [dense_vector] field [embedding] in doc [document with id '7cc1656f-3be9-4bae-ba4e-24b3d5c98cba'] has a different number of dimensions [768] than defined in the mapping [1024]", 'caused_by': {'type': 'illegal_argument_exception', 'reason': "The [dense_vector] field [embedding] in doc [document with id '7cc1656f-3be9-4bae-ba4e-24b3d5c98cba'] has a different number of dimensions [768] than defined in the mapping [1024]"}}}}
2025-11-05 20:58:18,060 - WARNING - Failed item: {'index': {'_index': 'periodic-table-hybrid-search', '_id': 'e6f49688-80f0-4eb3-9024-b98e1ee8fe17', 'status': 400, 'error': {'type': 'document_parsing_exception', 'reason': "[1:18633] failed to parse: The [dense_vector] field [embedding] in doc [document with id 'e6f49688-80f0-4eb3-9024-b98e1ee8fe17'] has a different number of dimensions [768] than defined in the mapping [1024]", 'caused_by': {'type': 'illegal_argument_exception', 'reason': "The [dense_vector] field [embedding] in doc [document with id 'e6f49688-80f0-4eb3-9024-b98e1ee8fe17'] has a different number of dimensions [768] than defined in the mapping [1024]"}}}}
2025-11-05 20:58:18,060 - WARNING - Failed item: {'index': {'_index': 'periodic-table-hybrid-search', '_id': '1ff9ed34-2db5-4779-8da5-8f555acab16e', 'status': 400, 'error': {'type': 'document_parsing_exception', 'reason': "[1:17043] failed to parse: The [dense_vector] field [embedding] in doc [document with id '1ff9ed34-2db5-4779-8da5-8f555acab16e'] has a different number of dimensions [768] than defined in the mapping [1024]", 'caused_by': {'type': 'illegal_argument_exception', 'reason': "The [dense_vector] field [embedding] in doc [document with id '1ff9ed34-2db5-4779-8da5-8f555acab16e'] has a different number of dimensions [768] than defined in the mapping [1024]"}}}}
2025-11-05 20:58:18,060 - WARNING - Failed item: {'index': {'_index': 'periodic-table-hybrid-search', '_id': 'f278217f-afae-47d2-ba26-2efd4010f6de', 'status': 400, 'error': {'type': 'document_parsing_exception', 'reason': "[1:16932] failed to parse: The [dense_vector] field [embedding] in doc [document with id 'f278217f-afae-47d2-ba26-2efd4010f6de'] has a different number of dimensions [768] than defined in the mapping [1024]", 'caused_by': {'type': 'illegal_argument_exception', 'reason': "The [dense_vector] field [embedding] in doc [document with id 'f278217f-afae-47d2-ba26-2efd4010f6de'] has a different number of dimensions [768] than defined in the mapping [1024]"}}}}
2025-11-05 20:58:18,060 - WARNING - Failed item: {'index': {'_index': 'periodic-table-hybrid-search', '_id': '74612cac-14b8-4f04-80eb-1277506e06ba', 'status': 400, 'error': {'type': 'document_parsing_exception', 'reason': "[1:17042] failed to parse: The [dense_vector] field [embedding] in doc [document with id '74612cac-14b8-4f04-80eb-1277506e06ba'] has a different number of dimensions [768] than defined in the mapping [1024]", 'caused_by': {'type': 'illegal_argument_exception', 'reason': "The [dense_vector] field [embedding] in doc [document with id '74612cac-14b8-4f04-80eb-1277506e06ba'] has a different number of dimensions [768] than defined in the mapping [1024]"}}}}
2025-11-05 20:58:18,060 - WARNING - Failed item: {'index': {'_index': 'periodic-table-hybrid-search', '_id': '6da7e2b2-4960-4d91-9f73-497bd2c12054', 'status': 400, 'error': {'type': 'document_parsing_exception', 'reason': "[1:16991] failed to parse: The [dense_vector] field [embedding] in doc [document with id '6da7e2b2-4960-4d91-9f73-497bd2c12054'] has a different number of dimensions [768] than defined in the mapping [1024]", 'caused_by': {'type': 'illegal_argument_exception', 'reason': "The [dense_vector] field [embedding] in doc [document with id '6da7e2b2-4960-4d91-9f73-497bd2c12054'] has a different number of dimensions [768] than defined in the mapping [1024]"}}}}
2025-11-05 20:58:18,060 - WARNING - Failed item: {'index': {'_index': 'periodic-table-hybrid-search', '_id': '48ed15e6-2015-465b-b707-b83e56956d44', 'status': 400, 'error': {'type': 'document_parsing_exception', 'reason': "[1:16656] failed to parse: The [dense_vector] field [embedding] in doc [document with id '48ed15e6-2015-465b-b707-b83e56956d44'] has a different number of dimensions [768] than defined in the mapping [1024]", 'caused_by': {'type': 'illegal_argument_exception', 'reason': "The [dense_vector] field [embedding] in doc [document with id '48ed15e6-2015-465b-b707-b83e56956d44'] has a different number of dimensions [768] than defined in the mapping [1024]"}}}}
2025-11-05 20:58:18,060 - WARNING - Failed item: {'index': {'_index': 'periodic-table-hybrid-search', '_id': '572e76f7-4757-4c89-bd01-96d85cda6b66', 'status': 400, 'error': {'type': 'document_parsing_exception', 'reason': "[1:17436] failed to parse: The [dense_vector] field [embedding] in doc [document with id '572e76f7-4757-4c89-bd01-96d85cda6b66'] has a different number of dimensions [768] than defined in the mapping [1024]", 'caused_by': {'type': 'illegal_argument_exception', 'reason': "The [dense_vector] field [embedding] in doc [document with id '572e76f7-4757-4c89-bd01-96d85cda6b66'] has a different number of dimensions [768] than defined in the mapping [1024]"}}}}
2025-11-05 20:58:18,060 - WARNING - Failed item: {'index': {'_index': 'periodic-table-hybrid-search', '_id': 'fe550341-4c59-412c-ad81-a730e4307d2d', 'status': 400, 'error': {'type': 'document_parsing_exception', 'reason': "[1:17011] failed to parse: The [dense_vector] field [embedding] in doc [document with id 'fe550341-4c59-412c-ad81-a730e4307d2d'] has a different number of dimensions [768] than defined in the mapping [1024]", 'caused_by': {'type': 'illegal_argument_exception', 'reason': "The [dense_vector] field [embedding] in doc [document with id 'fe550341-4c59-412c-ad81-a730e4307d2d'] has a different number of dimensions [768] than defined in the mapping [1024]"}}}}
2025-11-05 20:58:18,060 - WARNING - Failed item: {'index': {'_index': 'periodic-table-hybrid-search', '_id': '433b41cc-ffbd-4216-8f27-de585a572675', 'status': 400, 'error': {'type': 'document_parsing_exception', 'reason': "[1:16924] failed to parse: The [dense_vector] field [embedding] in doc [document with id '433b41cc-ffbd-4216-8f27-de585a572675'] has a different number of dimensions [768] than defined in the mapping [1024]", 'caused_by': {'type': 'illegal_argument_exception', 'reason': "The [dense_vector] field [embedding] in doc [document with id '433b41cc-ffbd-4216-8f27-de585a572675'] has a different number of dimensions [768] than defined in the mapping [1024]"}}}}
2025-11-05 20:58:21,312 - WARNING - Failed item: {'index': {'_index': 'periodic-table-hybrid-search', '_id': 'c70e8d86-38df-4b61-8e3b-d7eebc10461f', 'status': 400, 'error': {'type': 'document_parsing_exception', 'reason': "[1:27423] failed to parse: The [dense_vector] field [embedding] in doc [document with id 'c70e8d86-38df-4b61-8e3b-d7eebc10461f'] has a different number of dimensions [768] than defined in the mapping [1024]", 'caused_by': {'type': 'illegal_argument_exception', 'reason': "The [dense_vector] field [embedding] in doc [document with id 'c70e8d86-38df-4b61-8e3b-d7eebc10461f'] has a different number of dimensions [768] than defined in the mapping [1024]"}}}}
2025-11-05 20:58:21,312 - WARNING - Failed item: {'index': {'_index': 'periodic-table-hybrid-search', '_id': '4b6beedd-18d6-47ba-9e8b-ebd89cf88e3f', 'status': 400, 'error': {'type': 'document_parsing_exception', 'reason': "[1:18920] failed to parse: The [dense_vector] field [embedding] in doc [document with id '4b6beedd-18d6-47ba-9e8b-ebd89cf88e3f'] has a different number of dimensions [768] than defined in the mapping [1024]", 'caused_by': {'type': 'illegal_argument_exception', 'reason': "The [dense_vector] field [embedding] in doc [document with id '4b6beedd-18d6-47ba-9e8b-ebd89cf88e3f'] has a different number of dimensions [768] than defined in the mapping [1024]"}}}}
2025-11-05 20:58:21,312 - WARNING - Failed item: {'index': {'_index': 'periodic-table-hybrid-search', '_id': '775e5208-ea49-40bb-a6e8-e014cbe1f8ee', 'status': 400, 'error': {'type': 'document_parsing_exception', 'reason': "[1:17011] failed to parse: The [dense_vector] field [embedding] in doc [document with id '775e5208-ea49-40bb-a6e8-e014cbe1f8ee'] has a different number of dimensions [768] than defined in the mapping [1024]", 'caused_by': {'type': 'illegal_argument_exception', 'reason': "The [dense_vector] field [embedding] in doc [document with id '775e5208-ea49-40bb-a6e8-e014cbe1f8ee'] has a different number of dimensions [768] than defined in the mapping [1024]"}}}}
2025-11-05 20:58:21,312 - WARNING - Failed item: {'index': {'_index': 'periodic-table-hybrid-search', '_id': 'e551bb39-6dd8-4a05-b823-0f2600d7affe', 'status': 400, 'error': {'type': 'document_parsing_exception', 'reason': "[1:17124] failed to parse: The [dense_vector] field [embedding] in doc [document with id 'e551bb39-6dd8-4a05-b823-0f2600d7affe'] has a different number of dimensions [768] than defined in the mapping [1024]", 'caused_by': {'type': 'illegal_argument_exception', 'reason': "The [dense_vector] field [embedding] in doc [document with id 'e551bb39-6dd8-4a05-b823-0f2600d7affe'] has a different number of dimensions [768] than defined in the mapping [1024]"}}}}
2025-11-05 20:58:21,312 - WARNING - Failed item: {'index': {'_index': 'periodic-table-hybrid-search', '_id': 'e77c793a-fabe-4002-a2f3-cf8e5e4486d4', 'status': 400, 'error': {'type': 'document_parsing_exception', 'reason': "[1:17121] failed to parse: The [dense_vector] field [embedding] in doc [document with id 'e77c793a-fabe-4002-a2f3-cf8e5e4486d4'] has a different number of dimensions [768] than defined in the mapping [1024]", 'caused_by': {'type': 'illegal_argument_exception', 'reason': "The [dense_vector] field [embedding] in doc [document with id 'e77c793a-fabe-4002-a2f3-cf8e5e4486d4'] has a different number of dimensions [768] than defined in the mapping [1024]"}}}}
2025-11-05 20:58:21,312 - WARNING - Failed item: {'index': {'_index': 'periodic-table-hybrid-search', '_id': 'a99d42ed-c3ed-4d64-bcdc-b2b33ff644d7', 'status': 400, 'error': {'type': 'document_parsing_exception', 'reason': "[1:17059] failed to parse: The [dense_vector] field [embedding] in doc [document with id 'a99d42ed-c3ed-4d64-bcdc-b2b33ff644d7'] has a different number of dimensions [768] than defined in the mapping [1024]", 'caused_by': {'type': 'illegal_argument_exception', 'reason': "The [dense_vector] field [embedding] in doc [document with id 'a99d42ed-c3ed-4d64-bcdc-b2b33ff644d7'] has a different number of dimensions [768] than defined in the mapping [1024]"}}}}
2025-11-05 20:58:21,312 - WARNING - Failed item: {'index': {'_index': 'periodic-table-hybrid-search', '_id': '5dabefd6-28f7-4379-9ddf-992ac60be689', 'status': 400, 'error': {'type': 'document_parsing_exception', 'reason': "[1:16736] failed to parse: The [dense_vector] field [embedding] in doc [document with id '5dabefd6-28f7-4379-9ddf-992ac60be689'] has a different number of dimensions [768] than defined in the mapping [1024]", 'caused_by': {'type': 'illegal_argument_exception', 'reason': "The [dense_vector] field [embedding] in doc [document with id '5dabefd6-28f7-4379-9ddf-992ac60be689'] has a different number of dimensions [768] than defined in the mapping [1024]"}}}}
2025-11-05 20:58:21,312 - WARNING - Failed item: {'index': {'_index': 'periodic-table-hybrid-search', '_id': '34b490b3-6b89-4d9b-a300-a7ee34c72b5c', 'status': 400, 'error': {'type': 'document_parsing_exception', 'reason': "[1:19431] failed to parse: The [dense_vector] field [embedding] in doc [document with id '34b490b3-6b89-4d9b-a300-a7ee34c72b5c'] has a different number of dimensions [768] than defined in the mapping [1024]", 'caused_by': {'type': 'illegal_argument_exception', 'reason': "The [dense_vector] field [embedding] in doc [document with id '34b490b3-6b89-4d9b-a300-a7ee34c72b5c'] has a different number of dimensions [768] than defined in the mapping [1024]"}}}}
2025-11-05 20:58:21,312 - WARNING - Failed item: {'index': {'_index': 'periodic-table-hybrid-search', '_id': 'e38e3f37-e02b-4f29-b9e7-1e5a50940243', 'status': 400, 'error': {'type': 'document_parsing_exception', 'reason': "[1:17047] failed to parse: The [dense_vector] field [embedding] in doc [document with id 'e38e3f37-e02b-4f29-b9e7-1e5a50940243'] has a different number of dimensions [768] than defined in the mapping [1024]", 'caused_by': {'type': 'illegal_argument_exception', 'reason': "The [dense_vector] field [embedding] in doc [document with id 'e38e3f37-e02b-4f29-b9e7-1e5a50940243'] has a different number of dimensions [768] than defined in the mapping [1024]"}}}}
2025-11-05 20:58:21,313 - WARNING - Failed item: {'index': {'_index': 'periodic-table-hybrid-search', '_id': '2272a2eb-bfc0-423f-9da3-1365cc9c22cd', 'status': 400, 'error': {'type': 'document_parsing_exception', 'reason': "[1:17216] failed to parse: The [dense_vector] field [embedding] in doc [document with id '2272a2eb-bfc0-423f-9da3-1365cc9c22cd'] has a different number of dimensions [768] than defined in the mapping [1024]", 'caused_by': {'type': 'illegal_argument_exception', 'reason': "The [dense_vector] field [embedding] in doc [document with id '2272a2eb-bfc0-423f-9da3-1365cc9c22cd'] has a different number of dimensions [768] than defined in the mapping [1024]"}}}}
2025-11-05 20:58:21,313 - WARNING - Failed item: {'index': {'_index': 'periodic-table-hybrid-search', '_id': '44822e07-4199-492a-8563-1dd23d28c0f4', 'status': 400, 'error': {'type': 'document_parsing_exception', 'reason': "[1:17264] failed to parse: The [dense_vector] field [embedding] in doc [document with id '44822e07-4199-492a-8563-1dd23d28c0f4'] has a different number of dimensions [768] than defined in the mapping [1024]", 'caused_by': {'type': 'illegal_argument_exception', 'reason': "The [dense_vector] field [embedding] in doc [document with id '44822e07-4199-492a-8563-1dd23d28c0f4'] has a different number of dimensions [768] than defined in the mapping [1024]"}}}}
2025-11-05 20:58:21,313 - WARNING - Failed item: {'index': {'_index': 'periodic-table-hybrid-search', '_id': 'ca432038-2952-48cc-a8af-be027fb6c7e0', 'status': 400, 'error': {'type': 'document_parsing_exception', 'reason': "[1:17261] failed to parse: The [dense_vector] field [embedding] in doc [document with id 'ca432038-2952-48cc-a8af-be027fb6c7e0'] has a different number of dimensions [768] than defined in the mapping [1024]", 'caused_by': {'type': 'illegal_argument_exception', 'reason': "The [dense_vector] field [embedding] in doc [document with id 'ca432038-2952-48cc-a8af-be027fb6c7e0'] has a different number of dimensions [768] than defined in the mapping [1024]"}}}}
2025-11-05 20:58:21,313 - WARNING - Failed item: {'index': {'_index': 'periodic-table-hybrid-search', '_id': '81a74988-4885-4e51-b1d2-6417d9f1dfb3', 'status': 400, 'error': {'type': 'document_parsing_exception', 'reason': "[1:16763] failed to parse: The [dense_vector] field [embedding] in doc [document with id '81a74988-4885-4e51-b1d2-6417d9f1dfb3'] has a different number of dimensions [768] than defined in the mapping [1024]", 'caused_by': {'type': 'illegal_argument_exception', 'reason': "The [dense_vector] field [embedding] in doc [document with id '81a74988-4885-4e51-b1d2-6417d9f1dfb3'] has a different number of dimensions [768] than defined in the mapping [1024]"}}}}
2025-11-05 20:58:21,313 - WARNING - Failed item: {'index': {'_index': 'periodic-table-hybrid-search', '_id': '63710737-16e8-4fdd-8c48-909e77fe5139', 'status': 400, 'error': {'type': 'document_parsing_exception', 'reason': "[1:19504] failed to parse: The [dense_vector] field [embedding] in doc [document with id '63710737-16e8-4fdd-8c48-909e77fe5139'] has a different number of dimensions [768] than defined in the mapping [1024]", 'caused_by': {'type': 'illegal_argument_exception', 'reason': "The [dense_vector] field [embedding] in doc [document with id '63710737-16e8-4fdd-8c48-909e77fe5139'] has a different number of dimensions [768] than defined in the mapping [1024]"}}}}
2025-11-05 20:58:21,313 - WARNING - Failed item: {'index': {'_index': 'periodic-table-hybrid-search', '_id': 'f46ceb72-3372-46d3-8ad4-44afaff487c7', 'status': 400, 'error': {'type': 'document_parsing_exception', 'reason': "[1:17318] failed to parse: The [dense_vector] field [embedding] in doc [document with id 'f46ceb72-3372-46d3-8ad4-44afaff487c7'] has a different number of dimensions [768] than defined in the mapping [1024]", 'caused_by': {'type': 'illegal_argument_exception', 'reason': "The [dense_vector] field [embedding] in doc [document with id 'f46ceb72-3372-46d3-8ad4-44afaff487c7'] has a different number of dimensions [768] than defined in the mapping [1024]"}}}}
2025-11-05 20:58:21,313 - WARNING - Failed item: {'index': {'_index': 'periodic-table-hybrid-search', '_id': 'a28d495b-1591-4901-96ec-29380f0f3eed', 'status': 400, 'error': {'type': 'document_parsing_exception', 'reason': "[1:17214] failed to parse: The [dense_vector] field [embedding] in doc [document with id 'a28d495b-1591-4901-96ec-29380f0f3eed'] has a different number of dimensions [768] than defined in the mapping [1024]", 'caused_by': {'type': 'illegal_argument_exception', 'reason': "The [dense_vector] field [embedding] in doc [document with id 'a28d495b-1591-4901-96ec-29380f0f3eed'] has a different number of dimensions [768] than defined in the mapping [1024]"}}}}
2025-11-05 20:58:21,313 - WARNING - Failed item: {'index': {'_index': 'periodic-table-hybrid-search', '_id': '3bc8da59-dd2c-4876-9ca7-6d8e66e144e7', 'status': 400, 'error': {'type': 'document_parsing_exception', 'reason': "[1:17263] failed to parse: The [dense_vector] field [embedding] in doc [document with id '3bc8da59-dd2c-4876-9ca7-6d8e66e144e7'] has a different number of dimensions [768] than defined in the mapping [1024]", 'caused_by': {'type': 'illegal_argument_exception', 'reason': "The [dense_vector] field [embedding] in doc [document with id '3bc8da59-dd2c-4876-9ca7-6d8e66e144e7'] has a different number of dimensions [768] than defined in the mapping [1024]"}}}}
2025-11-05 20:58:21,313 - WARNING - Failed item: {'index': {'_index': 'periodic-table-hybrid-search', '_id': 'd1d883f6-64fc-4c81-9ee6-9d83d2c3ef24', 'status': 400, 'error': {'type': 'document_parsing_exception', 'reason': "[1:17195] failed to parse: The [dense_vector] field [embedding] in doc [document with id 'd1d883f6-64fc-4c81-9ee6-9d83d2c3ef24'] has a different number of dimensions [768] than defined in the mapping [1024]", 'caused_by': {'type': 'illegal_argument_exception', 'reason': "The [dense_vector] field [embedding] in doc [document with id 'd1d883f6-64fc-4c81-9ee6-9d83d2c3ef24'] has a different number of dimensions [768] than defined in the mapping [1024]"}}}}
2025-11-05 20:58:21,313 - WARNING - Failed item: {'index': {'_index': 'periodic-table-hybrid-search', '_id': '6d9924fc-ce20-4560-89a7-fcb5acce89f4', 'status': 400, 'error': {'type': 'document_parsing_exception', 'reason': "[1:16670] failed to parse: The [dense_vector] field [embedding] in doc [document with id '6d9924fc-ce20-4560-89a7-fcb5acce89f4'] has a different number of dimensions [768] than defined in the mapping [1024]", 'caused_by': {'type': 'illegal_argument_exception', 'reason': "The [dense_vector] field [embedding] in doc [document with id '6d9924fc-ce20-4560-89a7-fcb5acce89f4'] has a different number of dimensions [768] than defined in the mapping [1024]"}}}}
2025-11-05 20:58:21,313 - WARNING - Failed item: {'index': {'_index': 'periodic-table-hybrid-search', '_id': 'b76121a0-a01c-42ec-9066-8afaf68dc0ec', 'status': 400, 'error': {'type': 'document_parsing_exception', 'reason': "[1:19149] failed to parse: The [dense_vector] field [embedding] in doc [document with id 'b76121a0-a01c-42ec-9066-8afaf68dc0ec'] has a different number of dimensions [768] than defined in the mapping [1024]", 'caused_by': {'type': 'illegal_argument_exception', 'reason': "The [dense_vector] field [embedding] in doc [document with id 'b76121a0-a01c-42ec-9066-8afaf68dc0ec'] has a different number of dimensions [768] than defined in the mapping [1024]"}}}}
2025-11-05 20:58:21,313 - WARNING - Failed item: {'index': {'_index': 'periodic-table-hybrid-search', '_id': '7743ce43-7d2a-431c-a136-f93fab2c32af', 'status': 400, 'error': {'type': 'document_parsing_exception', 'reason': "[1:17111] failed to parse: The [dense_vector] field [embedding] in doc [document with id '7743ce43-7d2a-431c-a136-f93fab2c32af'] has a different number of dimensions [768] than defined in the mapping [1024]", 'caused_by': {'type': 'illegal_argument_exception', 'reason': "The [dense_vector] field [embedding] in doc [document with id '7743ce43-7d2a-431c-a136-f93fab2c32af'] has a different number of dimensions [768] than defined in the mapping [1024]"}}}}
2025-11-05 20:58:21,313 - WARNING - Failed item: {'index': {'_index': 'periodic-table-hybrid-search', '_id': '5050e848-ab65-4003-b1d9-de72df0cbabb', 'status': 400, 'error': {'type': 'document_parsing_exception', 'reason': "[1:17141] failed to parse: The [dense_vector] field [embedding] in doc [document with id '5050e848-ab65-4003-b1d9-de72df0cbabb'] has a different number of dimensions [768] than defined in the mapping [1024]", 'caused_by': {'type': 'illegal_argument_exception', 'reason': "The [dense_vector] field [embedding] in doc [document with id '5050e848-ab65-4003-b1d9-de72df0cbabb'] has a different number of dimensions [768] than defined in the mapping [1024]"}}}}
2025-11-05 20:58:21,313 - WARNING - Failed item: {'index': {'_index': 'periodic-table-hybrid-search', '_id': '7796cf3e-668e-4992-bb74-6bb4d7c648c8', 'status': 400, 'error': {'type': 'document_parsing_exception', 'reason': "[1:17172] failed to parse: The [dense_vector] field [embedding] in doc [document with id '7796cf3e-668e-4992-bb74-6bb4d7c648c8'] has a different number of dimensions [768] than defined in the mapping [1024]", 'caused_by': {'type': 'illegal_argument_exception', 'reason': "The [dense_vector] field [embedding] in doc [document with id '7796cf3e-668e-4992-bb74-6bb4d7c648c8'] has a different number of dimensions [768] than defined in the mapping [1024]"}}}}
2025-11-05 20:58:21,313 - WARNING - Failed item: {'index': {'_index': 'periodic-table-hybrid-search', '_id': 'dfe52518-f1a7-4e89-a1bf-86bd02cab334', 'status': 400, 'error': {'type': 'document_parsing_exception', 'reason': "[1:17172] failed to parse: The [dense_vector] field [embedding] in doc [document with id 'dfe52518-f1a7-4e89-a1bf-86bd02cab334'] has a different number of dimensions [768] than defined in the mapping [1024]", 'caused_by': {'type': 'illegal_argument_exception', 'reason': "The [dense_vector] field [embedding] in doc [document with id 'dfe52518-f1a7-4e89-a1bf-86bd02cab334'] has a different number of dimensions [768] than defined in the mapping [1024]"}}}}
2025-11-05 20:58:21,313 - WARNING - Failed item: {'index': {'_index': 'periodic-table-hybrid-search', '_id': 'd9e823b6-fb93-4f22-aecb-a0e7a0701a3a', 'status': 400, 'error': {'type': 'document_parsing_exception', 'reason': "[1:16697] failed to parse: The [dense_vector] field [embedding] in doc [document with id 'd9e823b6-fb93-4f22-aecb-a0e7a0701a3a'] has a different number of dimensions [768] than defined in the mapping [1024]", 'caused_by': {'type': 'illegal_argument_exception', 'reason': "The [dense_vector] field [embedding] in doc [document with id 'd9e823b6-fb93-4f22-aecb-a0e7a0701a3a'] has a different number of dimensions [768] than defined in the mapping [1024]"}}}}
2025-11-05 20:58:21,313 - WARNING - Failed item: {'index': {'_index': 'periodic-table-hybrid-search', '_id': 'cef3297c-bb9d-415d-872b-2fbd38a5c1ea', 'status': 400, 'error': {'type': 'document_parsing_exception', 'reason': "[1:17456] failed to parse: The [dense_vector] field [embedding] in doc [document with id 'cef3297c-bb9d-415d-872b-2fbd38a5c1ea'] has a different number of dimensions [768] than defined in the mapping [1024]", 'caused_by': {'type': 'illegal_argument_exception', 'reason': "The [dense_vector] field [embedding] in doc [document with id 'cef3297c-bb9d-415d-872b-2fbd38a5c1ea'] has a different number of dimensions [768] than defined in the mapping [1024]"}}}}
2025-11-05 20:58:21,313 - WARNING - Failed item: {'index': {'_index': 'periodic-table-hybrid-search', '_id': '396abefd-6dc3-45ec-9111-ca09e829eb3c', 'status': 400, 'error': {'type': 'document_parsing_exception', 'reason': "[1:17091] failed to parse: The [dense_vector] field [embedding] in doc [document with id '396abefd-6dc3-45ec-9111-ca09e829eb3c'] has a different number of dimensions [768] than defined in the mapping [1024]", 'caused_by': {'type': 'illegal_argument_exception', 'reason': "The [dense_vector] field [embedding] in doc [document with id '396abefd-6dc3-45ec-9111-ca09e829eb3c'] has a different number of dimensions [768] than defined in the mapping [1024]"}}}}
2025-11-05 20:58:21,313 - WARNING - Failed item: {'index': {'_index': 'periodic-table-hybrid-search', '_id': '3320bab7-291b-44be-86ef-705a020caeeb', 'status': 400, 'error': {'type': 'document_parsing_exception', 'reason': "[1:16909] failed to parse: The [dense_vector] field [embedding] in doc [document with id '3320bab7-291b-44be-86ef-705a020caeeb'] has a different number of dimensions [768] than defined in the mapping [1024]", 'caused_by': {'type': 'illegal_argument_exception', 'reason': "The [dense_vector] field [embedding] in doc [document with id '3320bab7-291b-44be-86ef-705a020caeeb'] has a different number of dimensions [768] than defined in the mapping [1024]"}}}}
2025-11-05 20:58:21,313 - WARNING - Failed item: {'index': {'_index': 'periodic-table-hybrid-search', '_id': '8f697783-b677-4667-9523-bab74d7a1b65', 'status': 400, 'error': {'type': 'document_parsing_exception', 'reason': "[1:17945] failed to parse: The [dense_vector] field [embedding] in doc [document with id '8f697783-b677-4667-9523-bab74d7a1b65'] has a different number of dimensions [768] than defined in the mapping [1024]", 'caused_by': {'type': 'illegal_argument_exception', 'reason': "The [dense_vector] field [embedding] in doc [document with id '8f697783-b677-4667-9523-bab74d7a1b65'] has a different number of dimensions [768] than defined in the mapping [1024]"}}}}
2025-11-05 20:58:21,313 - WARNING - Failed item: {'index': {'_index': 'periodic-table-hybrid-search', '_id': '33c32f90-9b51-4c2a-b534-f22bffcb27cc', 'status': 400, 'error': {'type': 'document_parsing_exception', 'reason': "[1:17980] failed to parse: The [dense_vector] field [embedding] in doc [document with id '33c32f90-9b51-4c2a-b534-f22bffcb27cc'] has a different number of dimensions [768] than defined in the mapping [1024]", 'caused_by': {'type': 'illegal_argument_exception', 'reason': "The [dense_vector] field [embedding] in doc [document with id '33c32f90-9b51-4c2a-b534-f22bffcb27cc'] has a different number of dimensions [768] than defined in the mapping [1024]"}}}}
2025-11-05 20:58:21,313 - WARNING - Failed item: {'index': {'_index': 'periodic-table-hybrid-search', '_id': 'ae1eb143-f3bc-4b9e-898d-281d9568f72b', 'status': 400, 'error': {'type': 'document_parsing_exception', 'reason': "[1:17091] failed to parse: The [dense_vector] field [embedding] in doc [document with id 'ae1eb143-f3bc-4b9e-898d-281d9568f72b'] has a different number of dimensions [768] than defined in the mapping [1024]", 'caused_by': {'type': 'illegal_argument_exception', 'reason': "The [dense_vector] field [embedding] in doc [document with id 'ae1eb143-f3bc-4b9e-898d-281d9568f72b'] has a different number of dimensions [768] than defined in the mapping [1024]"}}}}
2025-11-05 20:58:21,313 - WARNING - Failed item: {'index': {'_index': 'periodic-table-hybrid-search', '_id': '276b6e8f-1906-47f0-b98d-322c65998d39', 'status': 400, 'error': {'type': 'document_parsing_exception', 'reason': "[1:17101] failed to parse: The [dense_vector] field [embedding] in doc [document with id '276b6e8f-1906-47f0-b98d-322c65998d39'] has a different number of dimensions [768] than defined in the mapping [1024]", 'caused_by': {'type': 'illegal_argument_exception', 'reason': "The [dense_vector] field [embedding] in doc [document with id '276b6e8f-1906-47f0-b98d-322c65998d39'] has a different number of dimensions [768] than defined in the mapping [1024]"}}}}
2025-11-05 20:58:21,313 - WARNING - Failed item: {'index': {'_index': 'periodic-table-hybrid-search', '_id': '79dc13f3-3596-4e1e-b7c0-8dfcdbc54d7f', 'status': 400, 'error': {'type': 'document_parsing_exception', 'reason': "[1:16849] failed to parse: The [dense_vector] field [embedding] in doc [document with id '79dc13f3-3596-4e1e-b7c0-8dfcdbc54d7f'] has a different number of dimensions [768] than defined in the mapping [1024]", 'caused_by': {'type': 'illegal_argument_exception', 'reason': "The [dense_vector] field [embedding] in doc [document with id '79dc13f3-3596-4e1e-b7c0-8dfcdbc54d7f'] has a different number of dimensions [768] than defined in the mapping [1024]"}}}}
2025-11-05 20:58:21,313 - WARNING - Failed item: {'index': {'_index': 'periodic-table-hybrid-search', '_id': '49202205-6090-4d65-82d6-12db7a0fa39d', 'status': 400, 'error': {'type': 'document_parsing_exception', 'reason': "[1:17432] failed to parse: The [dense_vector] field [embedding] in doc [document with id '49202205-6090-4d65-82d6-12db7a0fa39d'] has a different number of dimensions [768] than defined in the mapping [1024]", 'caused_by': {'type': 'illegal_argument_exception', 'reason': "The [dense_vector] field [embedding] in doc [document with id '49202205-6090-4d65-82d6-12db7a0fa39d'] has a different number of dimensions [768] than defined in the mapping [1024]"}}}}
2025-11-05 20:58:21,313 - WARNING - Failed item: {'index': {'_index': 'periodic-table-hybrid-search', '_id': '8720dec3-1d7c-44f7-9fc4-57742921bda1', 'status': 400, 'error': {'type': 'document_parsing_exception', 'reason': "[1:17467] failed to parse: The [dense_vector] field [embedding] in doc [document with id '8720dec3-1d7c-44f7-9fc4-57742921bda1'] has a different number of dimensions [768] than defined in the mapping [1024]", 'caused_by': {'type': 'illegal_argument_exception', 'reason': "The [dense_vector] field [embedding] in doc [document with id '8720dec3-1d7c-44f7-9fc4-57742921bda1'] has a different number of dimensions [768] than defined in the mapping [1024]"}}}}
2025-11-05 20:58:21,313 - WARNING - Failed item: {'index': {'_index': 'periodic-table-hybrid-search', '_id': 'f1b2f9e9-7a60-4bd3-ab05-e2125da10c92', 'status': 400, 'error': {'type': 'document_parsing_exception', 'reason': "[1:17073] failed to parse: The [dense_vector] field [embedding] in doc [document with id 'f1b2f9e9-7a60-4bd3-ab05-e2125da10c92'] has a different number of dimensions [768] than defined in the mapping [1024]", 'caused_by': {'type': 'illegal_argument_exception', 'reason': "The [dense_vector] field [embedding] in doc [document with id 'f1b2f9e9-7a60-4bd3-ab05-e2125da10c92'] has a different number of dimensions [768] than defined in the mapping [1024]"}}}}
2025-11-05 20:58:21,313 - WARNING - Failed item: {'index': {'_index': 'periodic-table-hybrid-search', '_id': '719945fa-b033-480e-a690-16d19dbc5bf1', 'status': 400, 'error': {'type': 'document_parsing_exception', 'reason': "[1:16906] failed to parse: The [dense_vector] field [embedding] in doc [document with id '719945fa-b033-480e-a690-16d19dbc5bf1'] has a different number of dimensions [768] than defined in the mapping [1024]", 'caused_by': {'type': 'illegal_argument_exception', 'reason': "The [dense_vector] field [embedding] in doc [document with id '719945fa-b033-480e-a690-16d19dbc5bf1'] has a different number of dimensions [768] than defined in the mapping [1024]"}}}}
2025-11-05 20:58:21,313 - WARNING - Failed item: {'index': {'_index': 'periodic-table-hybrid-search', '_id': '1961fa90-f55d-4917-b067-2b9387637fa0', 'status': 400, 'error': {'type': 'document_parsing_exception', 'reason': "[1:17559] failed to parse: The [dense_vector] field [embedding] in doc [document with id '1961fa90-f55d-4917-b067-2b9387637fa0'] has a different number of dimensions [768] than defined in the mapping [1024]", 'caused_by': {'type': 'illegal_argument_exception', 'reason': "The [dense_vector] field [embedding] in doc [document with id '1961fa90-f55d-4917-b067-2b9387637fa0'] has a different number of dimensions [768] than defined in the mapping [1024]"}}}}
2025-11-05 20:58:21,313 - WARNING - Failed item: {'index': {'_index': 'periodic-table-hybrid-search', '_id': 'c4e60bbf-bdf5-42ca-a468-9f9f23811490', 'status': 400, 'error': {'type': 'document_parsing_exception', 'reason': "[1:17573] failed to parse: The [dense_vector] field [embedding] in doc [document with id 'c4e60bbf-bdf5-42ca-a468-9f9f23811490'] has a different number of dimensions [768] than defined in the mapping [1024]", 'caused_by': {'type': 'illegal_argument_exception', 'reason': "The [dense_vector] field [embedding] in doc [document with id 'c4e60bbf-bdf5-42ca-a468-9f9f23811490'] has a different number of dimensions [768] than defined in the mapping [1024]"}}}}
2025-11-05 20:58:21,313 - WARNING - Failed item: {'index': {'_index': 'periodic-table-hybrid-search', '_id': '2769ac34-125e-4a10-83d8-1ffbe6804b57', 'status': 400, 'error': {'type': 'document_parsing_exception', 'reason': "[1:17123] failed to parse: The [dense_vector] field [embedding] in doc [document with id '2769ac34-125e-4a10-83d8-1ffbe6804b57'] has a different number of dimensions [768] than defined in the mapping [1024]", 'caused_by': {'type': 'illegal_argument_exception', 'reason': "The [dense_vector] field [embedding] in doc [document with id '2769ac34-125e-4a10-83d8-1ffbe6804b57'] has a different number of dimensions [768] than defined in the mapping [1024]"}}}}
2025-11-05 20:58:21,313 - WARNING - Failed item: {'index': {'_index': 'periodic-table-hybrid-search', '_id': 'a1b5d7df-ba8c-4ce3-8df5-8a4855910fba', 'status': 400, 'error': {'type': 'document_parsing_exception', 'reason': "[1:16990] failed to parse: The [dense_vector] field [embedding] in doc [document with id 'a1b5d7df-ba8c-4ce3-8df5-8a4855910fba'] has a different number of dimensions [768] than defined in the mapping [1024]", 'caused_by': {'type': 'illegal_argument_exception', 'reason': "The [dense_vector] field [embedding] in doc [document with id 'a1b5d7df-ba8c-4ce3-8df5-8a4855910fba'] has a different number of dimensions [768] than defined in the mapping [1024]"}}}}
2025-11-05 20:58:21,314 - WARNING - Failed item: {'index': {'_index': 'periodic-table-hybrid-search', '_id': '9edb12b7-b8d5-4a99-ad64-fc18f4f54026', 'status': 400, 'error': {'type': 'document_parsing_exception', 'reason': "[1:29024] failed to parse: The [dense_vector] field [embedding] in doc [document with id '9edb12b7-b8d5-4a99-ad64-fc18f4f54026'] has a different number of dimensions [768] than defined in the mapping [1024]", 'caused_by': {'type': 'illegal_argument_exception', 'reason': "The [dense_vector] field [embedding] in doc [document with id '9edb12b7-b8d5-4a99-ad64-fc18f4f54026'] has a different number of dimensions [768] than defined in the mapping [1024]"}}}}
2025-11-05 20:58:21,314 - WARNING - Failed item: {'index': {'_index': 'periodic-table-hybrid-search', '_id': '47d89168-9968-4d5a-987e-d1b19e60a221', 'status': 400, 'error': {'type': 'document_parsing_exception', 'reason': "[1:19670] failed to parse: The [dense_vector] field [embedding] in doc [document with id '47d89168-9968-4d5a-987e-d1b19e60a221'] has a different number of dimensions [768] than defined in the mapping [1024]", 'caused_by': {'type': 'illegal_argument_exception', 'reason': "The [dense_vector] field [embedding] in doc [document with id '47d89168-9968-4d5a-987e-d1b19e60a221'] has a different number of dimensions [768] than defined in the mapping [1024]"}}}}
2025-11-05 20:58:21,314 - WARNING - Failed item: {'index': {'_index': 'periodic-table-hybrid-search', '_id': '3ed07391-83d6-4e08-a0ad-07e394440d1a', 'status': 400, 'error': {'type': 'document_parsing_exception', 'reason': "[1:17233] failed to parse: The [dense_vector] field [embedding] in doc [document with id '3ed07391-83d6-4e08-a0ad-07e394440d1a'] has a different number of dimensions [768] than defined in the mapping [1024]", 'caused_by': {'type': 'illegal_argument_exception', 'reason': "The [dense_vector] field [embedding] in doc [document with id '3ed07391-83d6-4e08-a0ad-07e394440d1a'] has a different number of dimensions [768] than defined in the mapping [1024]"}}}}
2025-11-05 20:58:21,314 - WARNING - Failed item: {'index': {'_index': 'periodic-table-hybrid-search', '_id': '7843daef-4e8e-4c4a-bcaa-03c4765d7405', 'status': 400, 'error': {'type': 'document_parsing_exception', 'reason': "[1:17241] failed to parse: The [dense_vector] field [embedding] in doc [document with id '7843daef-4e8e-4c4a-bcaa-03c4765d7405'] has a different number of dimensions [768] than defined in the mapping [1024]", 'caused_by': {'type': 'illegal_argument_exception', 'reason': "The [dense_vector] field [embedding] in doc [document with id '7843daef-4e8e-4c4a-bcaa-03c4765d7405'] has a different number of dimensions [768] than defined in the mapping [1024]"}}}}
2025-11-05 20:58:21,314 - WARNING - Failed item: {'index': {'_index': 'periodic-table-hybrid-search', '_id': 'e925dd9e-ae9f-423f-9d21-9cdd83a9af82', 'status': 400, 'error': {'type': 'document_parsing_exception', 'reason': "[1:17220] failed to parse: The [dense_vector] field [embedding] in doc [document with id 'e925dd9e-ae9f-423f-9d21-9cdd83a9af82'] has a different number of dimensions [768] than defined in the mapping [1024]", 'caused_by': {'type': 'illegal_argument_exception', 'reason': "The [dense_vector] field [embedding] in doc [document with id 'e925dd9e-ae9f-423f-9d21-9cdd83a9af82'] has a different number of dimensions [768] than defined in the mapping [1024]"}}}}
2025-11-05 20:58:21,314 - WARNING - Failed item: {'index': {'_index': 'periodic-table-hybrid-search', '_id': '0ad8c978-76c6-4c50-8076-bfd1c201fe5c', 'status': 400, 'error': {'type': 'document_parsing_exception', 'reason': "[1:17341] failed to parse: The [dense_vector] field [embedding] in doc [document with id '0ad8c978-76c6-4c50-8076-bfd1c201fe5c'] has a different number of dimensions [768] than defined in the mapping [1024]", 'caused_by': {'type': 'illegal_argument_exception', 'reason': "The [dense_vector] field [embedding] in doc [document with id '0ad8c978-76c6-4c50-8076-bfd1c201fe5c'] has a different number of dimensions [768] than defined in the mapping [1024]"}}}}
2025-11-05 20:58:21,314 - WARNING - Failed item: {'index': {'_index': 'periodic-table-hybrid-search', '_id': '42fbcdc1-d702-4210-833b-94fe36e06ab0', 'status': 400, 'error': {'type': 'document_parsing_exception', 'reason': "[1:16806] failed to parse: The [dense_vector] field [embedding] in doc [document with id '42fbcdc1-d702-4210-833b-94fe36e06ab0'] has a different number of dimensions [768] than defined in the mapping [1024]", 'caused_by': {'type': 'illegal_argument_exception', 'reason': "The [dense_vector] field [embedding] in doc [document with id '42fbcdc1-d702-4210-833b-94fe36e06ab0'] has a different number of dimensions [768] than defined in the mapping [1024]"}}}}
2025-11-05 20:58:21,314 - WARNING - Failed item: {'index': {'_index': 'periodic-table-hybrid-search', '_id': '52a5f50f-812a-466b-a161-86cc0034489f', 'status': 400, 'error': {'type': 'document_parsing_exception', 'reason': "[1:19502] failed to parse: The [dense_vector] field [embedding] in doc [document with id '52a5f50f-812a-466b-a161-86cc0034489f'] has a different number of dimensions [768] than defined in the mapping [1024]", 'caused_by': {'type': 'illegal_argument_exception', 'reason': "The [dense_vector] field [embedding] in doc [document with id '52a5f50f-812a-466b-a161-86cc0034489f'] has a different number of dimensions [768] than defined in the mapping [1024]"}}}}
2025-11-05 20:58:21,314 - WARNING - Failed item: {'index': {'_index': 'periodic-table-hybrid-search', '_id': 'd9fa63c2-a8de-4160-8590-59c9a7d17d5a', 'status': 400, 'error': {'type': 'document_parsing_exception', 'reason': "[1:17252] failed to parse: The [dense_vector] field [embedding] in doc [document with id 'd9fa63c2-a8de-4160-8590-59c9a7d17d5a'] has a different number of dimensions [768] than defined in the mapping [1024]", 'caused_by': {'type': 'illegal_argument_exception', 'reason': "The [dense_vector] field [embedding] in doc [document with id 'd9fa63c2-a8de-4160-8590-59c9a7d17d5a'] has a different number of dimensions [768] than defined in the mapping [1024]"}}}}
2025-11-05 20:58:21,314 - WARNING - Failed item: {'index': {'_index': 'periodic-table-hybrid-search', '_id': '7c08b4a4-5e0f-4452-b8ba-76114bcb5357', 'status': 400, 'error': {'type': 'document_parsing_exception', 'reason': "[1:17189] failed to parse: The [dense_vector] field [embedding] in doc [document with id '7c08b4a4-5e0f-4452-b8ba-76114bcb5357'] has a different number of dimensions [768] than defined in the mapping [1024]", 'caused_by': {'type': 'illegal_argument_exception', 'reason': "The [dense_vector] field [embedding] in doc [document with id '7c08b4a4-5e0f-4452-b8ba-76114bcb5357'] has a different number of dimensions [768] than defined in the mapping [1024]"}}}}
2025-11-05 20:58:21,314 - WARNING - Failed item: {'index': {'_index': 'periodic-table-hybrid-search', '_id': '661e6734-7366-482d-b15c-4a32c5725f78', 'status': 400, 'error': {'type': 'document_parsing_exception', 'reason': "[1:17267] failed to parse: The [dense_vector] field [embedding] in doc [document with id '661e6734-7366-482d-b15c-4a32c5725f78'] has a different number of dimensions [768] than defined in the mapping [1024]", 'caused_by': {'type': 'illegal_argument_exception', 'reason': "The [dense_vector] field [embedding] in doc [document with id '661e6734-7366-482d-b15c-4a32c5725f78'] has a different number of dimensions [768] than defined in the mapping [1024]"}}}}
2025-11-05 20:58:21,314 - WARNING - Failed item: {'index': {'_index': 'periodic-table-hybrid-search', '_id': '196d80d8-4f0c-46f8-821c-e89a25ce15e6', 'status': 400, 'error': {'type': 'document_parsing_exception', 'reason': "[1:17160] failed to parse: The [dense_vector] field [embedding] in doc [document with id '196d80d8-4f0c-46f8-821c-e89a25ce15e6'] has a different number of dimensions [768] than defined in the mapping [1024]", 'caused_by': {'type': 'illegal_argument_exception', 'reason': "The [dense_vector] field [embedding] in doc [document with id '196d80d8-4f0c-46f8-821c-e89a25ce15e6'] has a different number of dimensions [768] than defined in the mapping [1024]"}}}}
2025-11-05 20:58:21,314 - WARNING - Failed item: {'index': {'_index': 'periodic-table-hybrid-search', '_id': '6456201a-6f60-4baa-b6ea-3185cc700ad6', 'status': 400, 'error': {'type': 'document_parsing_exception', 'reason': "[1:16801] failed to parse: The [dense_vector] field [embedding] in doc [document with id '6456201a-6f60-4baa-b6ea-3185cc700ad6'] has a different number of dimensions [768] than defined in the mapping [1024]", 'caused_by': {'type': 'illegal_argument_exception', 'reason': "The [dense_vector] field [embedding] in doc [document with id '6456201a-6f60-4baa-b6ea-3185cc700ad6'] has a different number of dimensions [768] than defined in the mapping [1024]"}}}}
2025-11-05 20:58:21,314 - WARNING - Failed item: {'index': {'_index': 'periodic-table-hybrid-search', '_id': '77f12da7-7c0f-4a00-af8c-86c02467767b', 'status': 400, 'error': {'type': 'document_parsing_exception', 'reason': "[1:19739] failed to parse: The [dense_vector] field [embedding] in doc [document with id '77f12da7-7c0f-4a00-af8c-86c02467767b'] has a different number of dimensions [768] than defined in the mapping [1024]", 'caused_by': {'type': 'illegal_argument_exception', 'reason': "The [dense_vector] field [embedding] in doc [document with id '77f12da7-7c0f-4a00-af8c-86c02467767b'] has a different number of dimensions [768] than defined in the mapping [1024]"}}}}
2025-11-05 20:58:21,314 - WARNING - Failed item: {'index': {'_index': 'periodic-table-hybrid-search', '_id': '44bf4efe-f67d-4eac-abae-bba4a0474739', 'status': 400, 'error': {'type': 'document_parsing_exception', 'reason': "[1:17291] failed to parse: The [dense_vector] field [embedding] in doc [document with id '44bf4efe-f67d-4eac-abae-bba4a0474739'] has a different number of dimensions [768] than defined in the mapping [1024]", 'caused_by': {'type': 'illegal_argument_exception', 'reason': "The [dense_vector] field [embedding] in doc [document with id '44bf4efe-f67d-4eac-abae-bba4a0474739'] has a different number of dimensions [768] than defined in the mapping [1024]"}}}}
2025-11-05 20:58:21,314 - WARNING - Failed item: {'index': {'_index': 'periodic-table-hybrid-search', '_id': '75429844-7281-411d-9059-6b1e8f39cdf7', 'status': 400, 'error': {'type': 'document_parsing_exception', 'reason': "[1:17306] failed to parse: The [dense_vector] field [embedding] in doc [document with id '75429844-7281-411d-9059-6b1e8f39cdf7'] has a different number of dimensions [768] than defined in the mapping [1024]", 'caused_by': {'type': 'illegal_argument_exception', 'reason': "The [dense_vector] field [embedding] in doc [document with id '75429844-7281-411d-9059-6b1e8f39cdf7'] has a different number of dimensions [768] than defined in the mapping [1024]"}}}}
2025-11-05 20:58:21,314 - WARNING - Failed item: {'index': {'_index': 'periodic-table-hybrid-search', '_id': '9e56cfcb-9696-490e-aa14-dac68bf350e5', 'status': 400, 'error': {'type': 'document_parsing_exception', 'reason': "[1:17355] failed to parse: The [dense_vector] field [embedding] in doc [document with id '9e56cfcb-9696-490e-aa14-dac68bf350e5'] has a different number of dimensions [768] than defined in the mapping [1024]", 'caused_by': {'type': 'illegal_argument_exception', 'reason': "The [dense_vector] field [embedding] in doc [document with id '9e56cfcb-9696-490e-aa14-dac68bf350e5'] has a different number of dimensions [768] than defined in the mapping [1024]"}}}}
2025-11-05 20:58:21,314 - WARNING - Failed item: {'index': {'_index': 'periodic-table-hybrid-search', '_id': 'efe9ec37-25fa-41e5-82ae-c9944ec1d6cd', 'status': 400, 'error': {'type': 'document_parsing_exception', 'reason': "[1:17229] failed to parse: The [dense_vector] field [embedding] in doc [document with id 'efe9ec37-25fa-41e5-82ae-c9944ec1d6cd'] has a different number of dimensions [768] than defined in the mapping [1024]", 'caused_by': {'type': 'illegal_argument_exception', 'reason': "The [dense_vector] field [embedding] in doc [document with id 'efe9ec37-25fa-41e5-82ae-c9944ec1d6cd'] has a different number of dimensions [768] than defined in the mapping [1024]"}}}}
2025-11-05 20:58:21,314 - WARNING - Failed item: {'index': {'_index': 'periodic-table-hybrid-search', '_id': 'ed1d6781-6410-40bb-ad27-a29301a52297', 'status': 400, 'error': {'type': 'document_parsing_exception', 'reason': "[1:16767] failed to parse: The [dense_vector] field [embedding] in doc [document with id 'ed1d6781-6410-40bb-ad27-a29301a52297'] has a different number of dimensions [768] than defined in the mapping [1024]", 'caused_by': {'type': 'illegal_argument_exception', 'reason': "The [dense_vector] field [embedding] in doc [document with id 'ed1d6781-6410-40bb-ad27-a29301a52297'] has a different number of dimensions [768] than defined in the mapping [1024]"}}}}
2025-11-05 20:58:21,314 - WARNING - Failed item: {'index': {'_index': 'periodic-table-hybrid-search', '_id': 'c12c7400-6570-420e-b859-e763b60ff2ab', 'status': 400, 'error': {'type': 'document_parsing_exception', 'reason': "[1:19656] failed to parse: The [dense_vector] field [embedding] in doc [document with id 'c12c7400-6570-420e-b859-e763b60ff2ab'] has a different number of dimensions [768] than defined in the mapping [1024]", 'caused_by': {'type': 'illegal_argument_exception', 'reason': "The [dense_vector] field [embedding] in doc [document with id 'c12c7400-6570-420e-b859-e763b60ff2ab'] has a different number of dimensions [768] than defined in the mapping [1024]"}}}}
2025-11-05 20:58:21,314 - WARNING - Failed item: {'index': {'_index': 'periodic-table-hybrid-search', '_id': '5e771dab-00c9-421b-b8f4-b22ce86a136f', 'status': 400, 'error': {'type': 'document_parsing_exception', 'reason': "[1:17300] failed to parse: The [dense_vector] field [embedding] in doc [document with id '5e771dab-00c9-421b-b8f4-b22ce86a136f'] has a different number of dimensions [768] than defined in the mapping [1024]", 'caused_by': {'type': 'illegal_argument_exception', 'reason': "The [dense_vector] field [embedding] in doc [document with id '5e771dab-00c9-421b-b8f4-b22ce86a136f'] has a different number of dimensions [768] than defined in the mapping [1024]"}}}}
2025-11-05 20:58:21,314 - WARNING - Failed item: {'index': {'_index': 'periodic-table-hybrid-search', '_id': '3e24f062-9098-4ce9-aaf2-cfe2b506b432', 'status': 400, 'error': {'type': 'document_parsing_exception', 'reason': "[1:17227] failed to parse: The [dense_vector] field [embedding] in doc [document with id '3e24f062-9098-4ce9-aaf2-cfe2b506b432'] has a different number of dimensions [768] than defined in the mapping [1024]", 'caused_by': {'type': 'illegal_argument_exception', 'reason': "The [dense_vector] field [embedding] in doc [document with id '3e24f062-9098-4ce9-aaf2-cfe2b506b432'] has a different number of dimensions [768] than defined in the mapping [1024]"}}}}
2025-11-05 20:58:21,314 - WARNING - Failed item: {'index': {'_index': 'periodic-table-hybrid-search', '_id': 'be7796fc-5d7f-42f5-9283-5d4466c1a367', 'status': 400, 'error': {'type': 'document_parsing_exception', 'reason': "[1:17268] failed to parse: The [dense_vector] field [embedding] in doc [document with id 'be7796fc-5d7f-42f5-9283-5d4466c1a367'] has a different number of dimensions [768] than defined in the mapping [1024]", 'caused_by': {'type': 'illegal_argument_exception', 'reason': "The [dense_vector] field [embedding] in doc [document with id 'be7796fc-5d7f-42f5-9283-5d4466c1a367'] has a different number of dimensions [768] than defined in the mapping [1024]"}}}}
2025-11-05 20:58:21,314 - WARNING - Failed item: {'index': {'_index': 'periodic-table-hybrid-search', '_id': 'e1bafc14-8a63-4888-93d6-6c63cebc8dd5', 'status': 400, 'error': {'type': 'document_parsing_exception', 'reason': "[1:17301] failed to parse: The [dense_vector] field [embedding] in doc [document with id 'e1bafc14-8a63-4888-93d6-6c63cebc8dd5'] has a different number of dimensions [768] than defined in the mapping [1024]", 'caused_by': {'type': 'illegal_argument_exception', 'reason': "The [dense_vector] field [embedding] in doc [document with id 'e1bafc14-8a63-4888-93d6-6c63cebc8dd5'] has a different number of dimensions [768] than defined in the mapping [1024]"}}}}
2025-11-05 20:58:21,314 - WARNING - Failed item: {'index': {'_index': 'periodic-table-hybrid-search', '_id': '4fbb5e6d-f2bc-4616-93fe-6e61cd445c2c', 'status': 400, 'error': {'type': 'document_parsing_exception', 'reason': "[1:16773] failed to parse: The [dense_vector] field [embedding] in doc [document with id '4fbb5e6d-f2bc-4616-93fe-6e61cd445c2c'] has a different number of dimensions [768] than defined in the mapping [1024]", 'caused_by': {'type': 'illegal_argument_exception', 'reason': "The [dense_vector] field [embedding] in doc [document with id '4fbb5e6d-f2bc-4616-93fe-6e61cd445c2c'] has a different number of dimensions [768] than defined in the mapping [1024]"}}}}
2025-11-05 20:58:21,314 - WARNING - Failed item: {'index': {'_index': 'periodic-table-hybrid-search', '_id': '1f727bbe-d90b-437c-b61d-3fc52476cdd9', 'status': 400, 'error': {'type': 'document_parsing_exception', 'reason': "[1:17712] failed to parse: The [dense_vector] field [embedding] in doc [document with id '1f727bbe-d90b-437c-b61d-3fc52476cdd9'] has a different number of dimensions [768] than defined in the mapping [1024]", 'caused_by': {'type': 'illegal_argument_exception', 'reason': "The [dense_vector] field [embedding] in doc [document with id '1f727bbe-d90b-437c-b61d-3fc52476cdd9'] has a different number of dimensions [768] than defined in the mapping [1024]"}}}}
2025-11-05 20:58:21,314 - WARNING - Failed item: {'index': {'_index': 'periodic-table-hybrid-search', '_id': '7b5b0e3d-1a6f-4dfc-aa17-4cf97f755f5d', 'status': 400, 'error': {'type': 'document_parsing_exception', 'reason': "[1:17265] failed to parse: The [dense_vector] field [embedding] in doc [document with id '7b5b0e3d-1a6f-4dfc-aa17-4cf97f755f5d'] has a different number of dimensions [768] than defined in the mapping [1024]", 'caused_by': {'type': 'illegal_argument_exception', 'reason': "The [dense_vector] field [embedding] in doc [document with id '7b5b0e3d-1a6f-4dfc-aa17-4cf97f755f5d'] has a different number of dimensions [768] than defined in the mapping [1024]"}}}}
2025-11-05 20:58:21,314 - WARNING - Failed item: {'index': {'_index': 'periodic-table-hybrid-search', '_id': '0fdc352b-8d4c-413f-91ca-15a3eec3d6de', 'status': 400, 'error': {'type': 'document_parsing_exception', 'reason': "[1:16991] failed to parse: The [dense_vector] field [embedding] in doc [document with id '0fdc352b-8d4c-413f-91ca-15a3eec3d6de'] has a different number of dimensions [768] than defined in the mapping [1024]", 'caused_by': {'type': 'illegal_argument_exception', 'reason': "The [dense_vector] field [embedding] in doc [document with id '0fdc352b-8d4c-413f-91ca-15a3eec3d6de'] has a different number of dimensions [768] than defined in the mapping [1024]"}}}}
2025-11-05 20:58:21,314 - WARNING - Failed item: {'index': {'_index': 'periodic-table-hybrid-search', '_id': 'c6aae579-9aaa-4e02-a31b-55d7d3b59e45', 'status': 400, 'error': {'type': 'document_parsing_exception', 'reason': "[1:28626] failed to parse: The [dense_vector] field [embedding] in doc [document with id 'c6aae579-9aaa-4e02-a31b-55d7d3b59e45'] has a different number of dimensions [768] than defined in the mapping [1024]", 'caused_by': {'type': 'illegal_argument_exception', 'reason': "The [dense_vector] field [embedding] in doc [document with id 'c6aae579-9aaa-4e02-a31b-55d7d3b59e45'] has a different number of dimensions [768] than defined in the mapping [1024]"}}}}
2025-11-05 20:58:21,314 - WARNING - Failed item: {'index': {'_index': 'periodic-table-hybrid-search', '_id': '4e4ff16c-9d0e-46e8-b1da-3dd6c51625df', 'status': 400, 'error': {'type': 'document_parsing_exception', 'reason': "[1:19585] failed to parse: The [dense_vector] field [embedding] in doc [document with id '4e4ff16c-9d0e-46e8-b1da-3dd6c51625df'] has a different number of dimensions [768] than defined in the mapping [1024]", 'caused_by': {'type': 'illegal_argument_exception', 'reason': "The [dense_vector] field [embedding] in doc [document with id '4e4ff16c-9d0e-46e8-b1da-3dd6c51625df'] has a different number of dimensions [768] than defined in the mapping [1024]"}}}}
2025-11-05 20:58:21,314 - WARNING - Failed item: {'index': {'_index': 'periodic-table-hybrid-search', '_id': '97c998ee-d03b-48f7-8135-fca06cf5927c', 'status': 400, 'error': {'type': 'document_parsing_exception', 'reason': "[1:17265] failed to parse: The [dense_vector] field [embedding] in doc [document with id '97c998ee-d03b-48f7-8135-fca06cf5927c'] has a different number of dimensions [768] than defined in the mapping [1024]", 'caused_by': {'type': 'illegal_argument_exception', 'reason': "The [dense_vector] field [embedding] in doc [document with id '97c998ee-d03b-48f7-8135-fca06cf5927c'] has a different number of dimensions [768] than defined in the mapping [1024]"}}}}
2025-11-05 20:58:21,314 - WARNING - Failed item: {'index': {'_index': 'periodic-table-hybrid-search', '_id': '29de766b-a33a-415e-bfe5-337033405cf7', 'status': 400, 'error': {'type': 'document_parsing_exception', 'reason': "[1:17252] failed to parse: The [dense_vector] field [embedding] in doc [document with id '29de766b-a33a-415e-bfe5-337033405cf7'] has a different number of dimensions [768] than defined in the mapping [1024]", 'caused_by': {'type': 'illegal_argument_exception', 'reason': "The [dense_vector] field [embedding] in doc [document with id '29de766b-a33a-415e-bfe5-337033405cf7'] has a different number of dimensions [768] than defined in the mapping [1024]"}}}}
2025-11-05 20:58:21,314 - WARNING - Failed item: {'index': {'_index': 'periodic-table-hybrid-search', '_id': '6c7c6052-8302-4dac-b3b5-2cfe8767e006', 'status': 400, 'error': {'type': 'document_parsing_exception', 'reason': "[1:17178] failed to parse: The [dense_vector] field [embedding] in doc [document with id '6c7c6052-8302-4dac-b3b5-2cfe8767e006'] has a different number of dimensions [768] than defined in the mapping [1024]", 'caused_by': {'type': 'illegal_argument_exception', 'reason': "The [dense_vector] field [embedding] in doc [document with id '6c7c6052-8302-4dac-b3b5-2cfe8767e006'] has a different number of dimensions [768] than defined in the mapping [1024]"}}}}
2025-11-05 20:58:21,315 - WARNING - Failed item: {'index': {'_index': 'periodic-table-hybrid-search', '_id': '461c7a11-0ed6-4c64-ac17-fea698c9fcca', 'status': 400, 'error': {'type': 'document_parsing_exception', 'reason': "[1:17293] failed to parse: The [dense_vector] field [embedding] in doc [document with id '461c7a11-0ed6-4c64-ac17-fea698c9fcca'] has a different number of dimensions [768] than defined in the mapping [1024]", 'caused_by': {'type': 'illegal_argument_exception', 'reason': "The [dense_vector] field [embedding] in doc [document with id '461c7a11-0ed6-4c64-ac17-fea698c9fcca'] has a different number of dimensions [768] than defined in the mapping [1024]"}}}}
2025-11-05 20:58:21,315 - WARNING - Failed item: {'index': {'_index': 'periodic-table-hybrid-search', '_id': '1aa94148-1370-4c72-9a3b-0c2820a5d534', 'status': 400, 'error': {'type': 'document_parsing_exception', 'reason': "[1:16761] failed to parse: The [dense_vector] field [embedding] in doc [document with id '1aa94148-1370-4c72-9a3b-0c2820a5d534'] has a different number of dimensions [768] than defined in the mapping [1024]", 'caused_by': {'type': 'illegal_argument_exception', 'reason': "The [dense_vector] field [embedding] in doc [document with id '1aa94148-1370-4c72-9a3b-0c2820a5d534'] has a different number of dimensions [768] than defined in the mapping [1024]"}}}}
2025-11-05 20:58:21,315 - WARNING - Failed item: {'index': {'_index': 'periodic-table-hybrid-search', '_id': '2e44e111-6c73-49dd-9733-ba8a4b63567d', 'status': 400, 'error': {'type': 'document_parsing_exception', 'reason': "[1:19413] failed to parse: The [dense_vector] field [embedding] in doc [document with id '2e44e111-6c73-49dd-9733-ba8a4b63567d'] has a different number of dimensions [768] than defined in the mapping [1024]", 'caused_by': {'type': 'illegal_argument_exception', 'reason': "The [dense_vector] field [embedding] in doc [document with id '2e44e111-6c73-49dd-9733-ba8a4b63567d'] has a different number of dimensions [768] than defined in the mapping [1024]"}}}}
2025-11-05 20:58:21,315 - WARNING - Failed item: {'index': {'_index': 'periodic-table-hybrid-search', '_id': 'ea5c4466-c12c-4173-b014-3f262bb71752', 'status': 400, 'error': {'type': 'document_parsing_exception', 'reason': "[1:17208] failed to parse: The [dense_vector] field [embedding] in doc [document with id 'ea5c4466-c12c-4173-b014-3f262bb71752'] has a different number of dimensions [768] than defined in the mapping [1024]", 'caused_by': {'type': 'illegal_argument_exception', 'reason': "The [dense_vector] field [embedding] in doc [document with id 'ea5c4466-c12c-4173-b014-3f262bb71752'] has a different number of dimensions [768] than defined in the mapping [1024]"}}}}
2025-11-05 20:58:21,315 - WARNING - Failed item: {'index': {'_index': 'periodic-table-hybrid-search', '_id': '247f16f2-8986-42d8-8430-efa17878de0b', 'status': 400, 'error': {'type': 'document_parsing_exception', 'reason': "[1:17194] failed to parse: The [dense_vector] field [embedding] in doc [document with id '247f16f2-8986-42d8-8430-efa17878de0b'] has a different number of dimensions [768] than defined in the mapping [1024]", 'caused_by': {'type': 'illegal_argument_exception', 'reason': "The [dense_vector] field [embedding] in doc [document with id '247f16f2-8986-42d8-8430-efa17878de0b'] has a different number of dimensions [768] than defined in the mapping [1024]"}}}}
2025-11-05 20:58:21,315 - WARNING - Failed item: {'index': {'_index': 'periodic-table-hybrid-search', '_id': '338c1492-5b84-47a8-996a-c127d64b3269', 'status': 400, 'error': {'type': 'document_parsing_exception', 'reason': "[1:17178] failed to parse: The [dense_vector] field [embedding] in doc [document with id '338c1492-5b84-47a8-996a-c127d64b3269'] has a different number of dimensions [768] than defined in the mapping [1024]", 'caused_by': {'type': 'illegal_argument_exception', 'reason': "The [dense_vector] field [embedding] in doc [document with id '338c1492-5b84-47a8-996a-c127d64b3269'] has a different number of dimensions [768] than defined in the mapping [1024]"}}}}
2025-11-05 20:58:21,315 - WARNING - Failed item: {'index': {'_index': 'periodic-table-hybrid-search', '_id': '0297d1fd-cbfc-4784-9673-ffd20957654b', 'status': 400, 'error': {'type': 'document_parsing_exception', 'reason': "[1:17243] failed to parse: The [dense_vector] field [embedding] in doc [document with id '0297d1fd-cbfc-4784-9673-ffd20957654b'] has a different number of dimensions [768] than defined in the mapping [1024]", 'caused_by': {'type': 'illegal_argument_exception', 'reason': "The [dense_vector] field [embedding] in doc [document with id '0297d1fd-cbfc-4784-9673-ffd20957654b'] has a different number of dimensions [768] than defined in the mapping [1024]"}}}}
2025-11-05 20:58:21,315 - WARNING - Failed item: {'index': {'_index': 'periodic-table-hybrid-search', '_id': '97294cbe-2b0b-45b7-826b-8457e3c31853', 'status': 400, 'error': {'type': 'document_parsing_exception', 'reason': "[1:16761] failed to parse: The [dense_vector] field [embedding] in doc [document with id '97294cbe-2b0b-45b7-826b-8457e3c31853'] has a different number of dimensions [768] than defined in the mapping [1024]", 'caused_by': {'type': 'illegal_argument_exception', 'reason': "The [dense_vector] field [embedding] in doc [document with id '97294cbe-2b0b-45b7-826b-8457e3c31853'] has a different number of dimensions [768] than defined in the mapping [1024]"}}}}
2025-11-05 20:58:21,315 - WARNING - Failed item: {'index': {'_index': 'periodic-table-hybrid-search', '_id': '823beb7d-f6cc-4842-94fd-4a99fce159c8', 'status': 400, 'error': {'type': 'document_parsing_exception', 'reason': "[1:19447] failed to parse: The [dense_vector] field [embedding] in doc [document with id '823beb7d-f6cc-4842-94fd-4a99fce159c8'] has a different number of dimensions [768] than defined in the mapping [1024]", 'caused_by': {'type': 'illegal_argument_exception', 'reason': "The [dense_vector] field [embedding] in doc [document with id '823beb7d-f6cc-4842-94fd-4a99fce159c8'] has a different number of dimensions [768] than defined in the mapping [1024]"}}}}
2025-11-05 20:58:21,315 - WARNING - Failed item: {'index': {'_index': 'periodic-table-hybrid-search', '_id': '77bdae02-0265-47c3-b1a7-dce0aa261c46', 'status': 400, 'error': {'type': 'document_parsing_exception', 'reason': "[1:17198] failed to parse: The [dense_vector] field [embedding] in doc [document with id '77bdae02-0265-47c3-b1a7-dce0aa261c46'] has a different number of dimensions [768] than defined in the mapping [1024]", 'caused_by': {'type': 'illegal_argument_exception', 'reason': "The [dense_vector] field [embedding] in doc [document with id '77bdae02-0265-47c3-b1a7-dce0aa261c46'] has a different number of dimensions [768] than defined in the mapping [1024]"}}}}
2025-11-05 20:58:21,315 - WARNING - Failed item: {'index': {'_index': 'periodic-table-hybrid-search', '_id': 'b575d4ce-de47-4b15-acaf-8a49dead6dbe', 'status': 400, 'error': {'type': 'document_parsing_exception', 'reason': "[1:17233] failed to parse: The [dense_vector] field [embedding] in doc [document with id 'b575d4ce-de47-4b15-acaf-8a49dead6dbe'] has a different number of dimensions [768] than defined in the mapping [1024]", 'caused_by': {'type': 'illegal_argument_exception', 'reason': "The [dense_vector] field [embedding] in doc [document with id 'b575d4ce-de47-4b15-acaf-8a49dead6dbe'] has a different number of dimensions [768] than defined in the mapping [1024]"}}}}
2025-11-05 20:58:21,315 - WARNING - Failed item: {'index': {'_index': 'periodic-table-hybrid-search', '_id': '49c69aa5-e68c-4f9e-a1c9-c54cf51f9cf2', 'status': 400, 'error': {'type': 'document_parsing_exception', 'reason': "[1:17273] failed to parse: The [dense_vector] field [embedding] in doc [document with id '49c69aa5-e68c-4f9e-a1c9-c54cf51f9cf2'] has a different number of dimensions [768] than defined in the mapping [1024]", 'caused_by': {'type': 'illegal_argument_exception', 'reason': "The [dense_vector] field [embedding] in doc [document with id '49c69aa5-e68c-4f9e-a1c9-c54cf51f9cf2'] has a different number of dimensions [768] than defined in the mapping [1024]"}}}}
2025-11-05 20:58:21,315 - WARNING - Failed item: {'index': {'_index': 'periodic-table-hybrid-search', '_id': '7f04c2e5-205c-45cd-8174-e9cf3d1696dc', 'status': 400, 'error': {'type': 'document_parsing_exception', 'reason': "[1:17240] failed to parse: The [dense_vector] field [embedding] in doc [document with id '7f04c2e5-205c-45cd-8174-e9cf3d1696dc'] has a different number of dimensions [768] than defined in the mapping [1024]", 'caused_by': {'type': 'illegal_argument_exception', 'reason': "The [dense_vector] field [embedding] in doc [document with id '7f04c2e5-205c-45cd-8174-e9cf3d1696dc'] has a different number of dimensions [768] than defined in the mapping [1024]"}}}}
2025-11-05 20:58:21,315 - WARNING - Failed item: {'index': {'_index': 'periodic-table-hybrid-search', '_id': '279afcc2-ac73-4a7e-b572-318daa92074a', 'status': 400, 'error': {'type': 'document_parsing_exception', 'reason': "[1:16732] failed to parse: The [dense_vector] field [embedding] in doc [document with id '279afcc2-ac73-4a7e-b572-318daa92074a'] has a different number of dimensions [768] than defined in the mapping [1024]", 'caused_by': {'type': 'illegal_argument_exception', 'reason': "The [dense_vector] field [embedding] in doc [document with id '279afcc2-ac73-4a7e-b572-318daa92074a'] has a different number of dimensions [768] than defined in the mapping [1024]"}}}}
2025-11-05 20:58:21,315 - WARNING - Failed item: {'index': {'_index': 'periodic-table-hybrid-search', '_id': '90040f81-c427-4f3f-9e25-e09a7ef2d541', 'status': 400, 'error': {'type': 'document_parsing_exception', 'reason': "[1:19605] failed to parse: The [dense_vector] field [embedding] in doc [document with id '90040f81-c427-4f3f-9e25-e09a7ef2d541'] has a different number of dimensions [768] than defined in the mapping [1024]", 'caused_by': {'type': 'illegal_argument_exception', 'reason': "The [dense_vector] field [embedding] in doc [document with id '90040f81-c427-4f3f-9e25-e09a7ef2d541'] has a different number of dimensions [768] than defined in the mapping [1024]"}}}}
2025-11-05 20:58:21,315 - WARNING - Failed item: {'index': {'_index': 'periodic-table-hybrid-search', '_id': 'a5a8a177-29b6-45f0-90ad-64a8f3c93efe', 'status': 400, 'error': {'type': 'document_parsing_exception', 'reason': "[1:17189] failed to parse: The [dense_vector] field [embedding] in doc [document with id 'a5a8a177-29b6-45f0-90ad-64a8f3c93efe'] has a different number of dimensions [768] than defined in the mapping [1024]", 'caused_by': {'type': 'illegal_argument_exception', 'reason': "The [dense_vector] field [embedding] in doc [document with id 'a5a8a177-29b6-45f0-90ad-64a8f3c93efe'] has a different number of dimensions [768] than defined in the mapping [1024]"}}}}
2025-11-05 20:58:21,315 - WARNING - Failed item: {'index': {'_index': 'periodic-table-hybrid-search', '_id': 'c5054cf2-8081-4549-b0f0-8d8539e5d164', 'status': 400, 'error': {'type': 'document_parsing_exception', 'reason': "[1:17275] failed to parse: The [dense_vector] field [embedding] in doc [document with id 'c5054cf2-8081-4549-b0f0-8d8539e5d164'] has a different number of dimensions [768] than defined in the mapping [1024]", 'caused_by': {'type': 'illegal_argument_exception', 'reason': "The [dense_vector] field [embedding] in doc [document with id 'c5054cf2-8081-4549-b0f0-8d8539e5d164'] has a different number of dimensions [768] than defined in the mapping [1024]"}}}}
2025-11-05 20:58:21,315 - WARNING - Failed item: {'index': {'_index': 'periodic-table-hybrid-search', '_id': '66dbb14c-9021-42d0-b343-609231de0bd2', 'status': 400, 'error': {'type': 'document_parsing_exception', 'reason': "[1:17277] failed to parse: The [dense_vector] field [embedding] in doc [document with id '66dbb14c-9021-42d0-b343-609231de0bd2'] has a different number of dimensions [768] than defined in the mapping [1024]", 'caused_by': {'type': 'illegal_argument_exception', 'reason': "The [dense_vector] field [embedding] in doc [document with id '66dbb14c-9021-42d0-b343-609231de0bd2'] has a different number of dimensions [768] than defined in the mapping [1024]"}}}}
2025-11-05 20:58:21,315 - WARNING - Failed item: {'index': {'_index': 'periodic-table-hybrid-search', '_id': 'f7bcac2f-fbdf-4159-ac00-5ac7d61e9c00', 'status': 400, 'error': {'type': 'document_parsing_exception', 'reason': "[1:17250] failed to parse: The [dense_vector] field [embedding] in doc [document with id 'f7bcac2f-fbdf-4159-ac00-5ac7d61e9c00'] has a different number of dimensions [768] than defined in the mapping [1024]", 'caused_by': {'type': 'illegal_argument_exception', 'reason': "The [dense_vector] field [embedding] in doc [document with id 'f7bcac2f-fbdf-4159-ac00-5ac7d61e9c00'] has a different number of dimensions [768] than defined in the mapping [1024]"}}}}
2025-11-05 20:58:21,315 - WARNING - Failed item: {'index': {'_index': 'periodic-table-hybrid-search', '_id': '91476f45-2d01-4022-a3da-77ca74d79c4a', 'status': 400, 'error': {'type': 'document_parsing_exception', 'reason': "[1:16777] failed to parse: The [dense_vector] field [embedding] in doc [document with id '91476f45-2d01-4022-a3da-77ca74d79c4a'] has a different number of dimensions [768] than defined in the mapping [1024]", 'caused_by': {'type': 'illegal_argument_exception', 'reason': "The [dense_vector] field [embedding] in doc [document with id '91476f45-2d01-4022-a3da-77ca74d79c4a'] has a different number of dimensions [768] than defined in the mapping [1024]"}}}}
2025-11-05 20:58:21,315 - WARNING - Failed item: {'index': {'_index': 'periodic-table-hybrid-search', '_id': '72d4bca1-028b-4bf5-8238-6ecd660094a4', 'status': 400, 'error': {'type': 'document_parsing_exception', 'reason': "[1:17696] failed to parse: The [dense_vector] field [embedding] in doc [document with id '72d4bca1-028b-4bf5-8238-6ecd660094a4'] has a different number of dimensions [768] than defined in the mapping [1024]", 'caused_by': {'type': 'illegal_argument_exception', 'reason': "The [dense_vector] field [embedding] in doc [document with id '72d4bca1-028b-4bf5-8238-6ecd660094a4'] has a different number of dimensions [768] than defined in the mapping [1024]"}}}}
2025-11-05 20:58:21,315 - WARNING - Failed item: {'index': {'_index': 'periodic-table-hybrid-search', '_id': 'e6bc62e4-87e5-417c-a0a1-a24d072d2924', 'status': 400, 'error': {'type': 'document_parsing_exception', 'reason': "[1:17230] failed to parse: The [dense_vector] field [embedding] in doc [document with id 'e6bc62e4-87e5-417c-a0a1-a24d072d2924'] has a different number of dimensions [768] than defined in the mapping [1024]", 'caused_by': {'type': 'illegal_argument_exception', 'reason': "The [dense_vector] field [embedding] in doc [document with id 'e6bc62e4-87e5-417c-a0a1-a24d072d2924'] has a different number of dimensions [768] than defined in the mapping [1024]"}}}}
2025-11-05 20:58:21,315 - WARNING - Failed item: {'index': {'_index': 'periodic-table-hybrid-search', '_id': '6d0a7adc-a656-431b-ab07-0900e5f4c153', 'status': 400, 'error': {'type': 'document_parsing_exception', 'reason': "[1:17028] failed to parse: The [dense_vector] field [embedding] in doc [document with id '6d0a7adc-a656-431b-ab07-0900e5f4c153'] has a different number of dimensions [768] than defined in the mapping [1024]", 'caused_by': {'type': 'illegal_argument_exception', 'reason': "The [dense_vector] field [embedding] in doc [document with id '6d0a7adc-a656-431b-ab07-0900e5f4c153'] has a different number of dimensions [768] than defined in the mapping [1024]"}}}}
2025-11-05 20:58:21,315 - WARNING - Failed item: {'index': {'_index': 'periodic-table-hybrid-search', '_id': '58b6bc94-1e4c-4a80-aa67-11cc2807c836', 'status': 400, 'error': {'type': 'document_parsing_exception', 'reason': "[1:28602] failed to parse: The [dense_vector] field [embedding] in doc [document with id '58b6bc94-1e4c-4a80-aa67-11cc2807c836'] has a different number of dimensions [768] than defined in the mapping [1024]", 'caused_by': {'type': 'illegal_argument_exception', 'reason': "The [dense_vector] field [embedding] in doc [document with id '58b6bc94-1e4c-4a80-aa67-11cc2807c836'] has a different number of dimensions [768] than defined in the mapping [1024]"}}}}
2025-11-05 20:58:21,315 - WARNING - Failed item: {'index': {'_index': 'periodic-table-hybrid-search', '_id': 'fbac0a09-3ea7-40e6-b901-76966c6cb749', 'status': 400, 'error': {'type': 'document_parsing_exception', 'reason': "[1:19619] failed to parse: The [dense_vector] field [embedding] in doc [document with id 'fbac0a09-3ea7-40e6-b901-76966c6cb749'] has a different number of dimensions [768] than defined in the mapping [1024]", 'caused_by': {'type': 'illegal_argument_exception', 'reason': "The [dense_vector] field [embedding] in doc [document with id 'fbac0a09-3ea7-40e6-b901-76966c6cb749'] has a different number of dimensions [768] than defined in the mapping [1024]"}}}}
2025-11-05 20:58:21,315 - WARNING - Failed item: {'index': {'_index': 'periodic-table-hybrid-search', '_id': '0a662ff5-caab-408a-862f-1ea03736f2bc', 'status': 400, 'error': {'type': 'document_parsing_exception', 'reason': "[1:17230] failed to parse: The [dense_vector] field [embedding] in doc [document with id '0a662ff5-caab-408a-862f-1ea03736f2bc'] has a different number of dimensions [768] than defined in the mapping [1024]", 'caused_by': {'type': 'illegal_argument_exception', 'reason': "The [dense_vector] field [embedding] in doc [document with id '0a662ff5-caab-408a-862f-1ea03736f2bc'] has a different number of dimensions [768] than defined in the mapping [1024]"}}}}
2025-11-05 20:58:24,533 - WARNING - Failed item: {'index': {'_index': 'periodic-table-hybrid-search', '_id': 'd425d045-446b-41ea-b9b0-937b3bdf7f93', 'status': 400, 'error': {'type': 'document_parsing_exception', 'reason': "[1:17273] failed to parse: The [dense_vector] field [embedding] in doc [document with id 'd425d045-446b-41ea-b9b0-937b3bdf7f93'] has a different number of dimensions [768] than defined in the mapping [1024]", 'caused_by': {'type': 'illegal_argument_exception', 'reason': "The [dense_vector] field [embedding] in doc [document with id 'd425d045-446b-41ea-b9b0-937b3bdf7f93'] has a different number of dimensions [768] than defined in the mapping [1024]"}}}}
2025-11-05 20:58:24,534 - WARNING - Failed item: {'index': {'_index': 'periodic-table-hybrid-search', '_id': '6022c77b-95a7-43db-a357-b2f1f85e2dfc', 'status': 400, 'error': {'type': 'document_parsing_exception', 'reason': "[1:17318] failed to parse: The [dense_vector] field [embedding] in doc [document with id '6022c77b-95a7-43db-a357-b2f1f85e2dfc'] has a different number of dimensions [768] than defined in the mapping [1024]", 'caused_by': {'type': 'illegal_argument_exception', 'reason': "The [dense_vector] field [embedding] in doc [document with id '6022c77b-95a7-43db-a357-b2f1f85e2dfc'] has a different number of dimensions [768] than defined in the mapping [1024]"}}}}
2025-11-05 20:58:24,534 - WARNING - Failed item: {'index': {'_index': 'periodic-table-hybrid-search', '_id': '8f6b0a37-cd6a-4975-8334-8087174d802e', 'status': 400, 'error': {'type': 'document_parsing_exception', 'reason': "[1:17238] failed to parse: The [dense_vector] field [embedding] in doc [document with id '8f6b0a37-cd6a-4975-8334-8087174d802e'] has a different number of dimensions [768] than defined in the mapping [1024]", 'caused_by': {'type': 'illegal_argument_exception', 'reason': "The [dense_vector] field [embedding] in doc [document with id '8f6b0a37-cd6a-4975-8334-8087174d802e'] has a different number of dimensions [768] than defined in the mapping [1024]"}}}}
2025-11-05 20:58:24,534 - WARNING - Failed item: {'index': {'_index': 'periodic-table-hybrid-search', '_id': 'ecf1aa9a-836d-41fe-b7f2-9be000d7a714', 'status': 400, 'error': {'type': 'document_parsing_exception', 'reason': "[1:16799] failed to parse: The [dense_vector] field [embedding] in doc [document with id 'ecf1aa9a-836d-41fe-b7f2-9be000d7a714'] has a different number of dimensions [768] than defined in the mapping [1024]", 'caused_by': {'type': 'illegal_argument_exception', 'reason': "The [dense_vector] field [embedding] in doc [document with id 'ecf1aa9a-836d-41fe-b7f2-9be000d7a714'] has a different number of dimensions [768] than defined in the mapping [1024]"}}}}
2025-11-05 20:58:24,534 - WARNING - Failed item: {'index': {'_index': 'periodic-table-hybrid-search', '_id': '8558cd53-7865-4f9c-b898-3a8c034156a8', 'status': 400, 'error': {'type': 'document_parsing_exception', 'reason': "[1:19615] failed to parse: The [dense_vector] field [embedding] in doc [document with id '8558cd53-7865-4f9c-b898-3a8c034156a8'] has a different number of dimensions [768] than defined in the mapping [1024]", 'caused_by': {'type': 'illegal_argument_exception', 'reason': "The [dense_vector] field [embedding] in doc [document with id '8558cd53-7865-4f9c-b898-3a8c034156a8'] has a different number of dimensions [768] than defined in the mapping [1024]"}}}}
2025-11-05 20:58:24,534 - WARNING - Failed item: {'index': {'_index': 'periodic-table-hybrid-search', '_id': 'cf46acea-feca-40a5-8e30-5ca770fb4b21', 'status': 400, 'error': {'type': 'document_parsing_exception', 'reason': "[1:17325] failed to parse: The [dense_vector] field [embedding] in doc [document with id 'cf46acea-feca-40a5-8e30-5ca770fb4b21'] has a different number of dimensions [768] than defined in the mapping [1024]", 'caused_by': {'type': 'illegal_argument_exception', 'reason': "The [dense_vector] field [embedding] in doc [document with id 'cf46acea-feca-40a5-8e30-5ca770fb4b21'] has a different number of dimensions [768] than defined in the mapping [1024]"}}}}
2025-11-05 20:58:24,534 - WARNING - Failed item: {'index': {'_index': 'periodic-table-hybrid-search', '_id': '34189151-252e-4111-98aa-26282fb9a63b', 'status': 400, 'error': {'type': 'document_parsing_exception', 'reason': "[1:17244] failed to parse: The [dense_vector] field [embedding] in doc [document with id '34189151-252e-4111-98aa-26282fb9a63b'] has a different number of dimensions [768] than defined in the mapping [1024]", 'caused_by': {'type': 'illegal_argument_exception', 'reason': "The [dense_vector] field [embedding] in doc [document with id '34189151-252e-4111-98aa-26282fb9a63b'] has a different number of dimensions [768] than defined in the mapping [1024]"}}}}
2025-11-05 20:58:24,534 - WARNING - Failed item: {'index': {'_index': 'periodic-table-hybrid-search', '_id': '4d9581fa-3b33-4711-8c97-121708082e57', 'status': 400, 'error': {'type': 'document_parsing_exception', 'reason': "[1:17267] failed to parse: The [dense_vector] field [embedding] in doc [document with id '4d9581fa-3b33-4711-8c97-121708082e57'] has a different number of dimensions [768] than defined in the mapping [1024]", 'caused_by': {'type': 'illegal_argument_exception', 'reason': "The [dense_vector] field [embedding] in doc [document with id '4d9581fa-3b33-4711-8c97-121708082e57'] has a different number of dimensions [768] than defined in the mapping [1024]"}}}}
2025-11-05 20:58:24,534 - WARNING - Failed item: {'index': {'_index': 'periodic-table-hybrid-search', '_id': '76e69727-b235-46f6-9657-d4d80de616c0', 'status': 400, 'error': {'type': 'document_parsing_exception', 'reason': "[1:17241] failed to parse: The [dense_vector] field [embedding] in doc [document with id '76e69727-b235-46f6-9657-d4d80de616c0'] has a different number of dimensions [768] than defined in the mapping [1024]", 'caused_by': {'type': 'illegal_argument_exception', 'reason': "The [dense_vector] field [embedding] in doc [document with id '76e69727-b235-46f6-9657-d4d80de616c0'] has a different number of dimensions [768] than defined in the mapping [1024]"}}}}
2025-11-05 20:58:24,534 - WARNING - Failed item: {'index': {'_index': 'periodic-table-hybrid-search', '_id': 'ea4b2064-18ca-4b6b-955f-a9614f8959b8', 'status': 400, 'error': {'type': 'document_parsing_exception', 'reason': "[1:16760] failed to parse: The [dense_vector] field [embedding] in doc [document with id 'ea4b2064-18ca-4b6b-955f-a9614f8959b8'] has a different number of dimensions [768] than defined in the mapping [1024]", 'caused_by': {'type': 'illegal_argument_exception', 'reason': "The [dense_vector] field [embedding] in doc [document with id 'ea4b2064-18ca-4b6b-955f-a9614f8959b8'] has a different number of dimensions [768] than defined in the mapping [1024]"}}}}
2025-11-05 20:58:24,534 - WARNING - Failed item: {'index': {'_index': 'periodic-table-hybrid-search', '_id': 'c8fecec7-a8b1-46a4-bce9-6c7ff8b9a47e', 'status': 400, 'error': {'type': 'document_parsing_exception', 'reason': "[1:19562] failed to parse: The [dense_vector] field [embedding] in doc [document with id 'c8fecec7-a8b1-46a4-bce9-6c7ff8b9a47e'] has a different number of dimensions [768] than defined in the mapping [1024]", 'caused_by': {'type': 'illegal_argument_exception', 'reason': "The [dense_vector] field [embedding] in doc [document with id 'c8fecec7-a8b1-46a4-bce9-6c7ff8b9a47e'] has a different number of dimensions [768] than defined in the mapping [1024]"}}}}
2025-11-05 20:58:24,534 - WARNING - Failed item: {'index': {'_index': 'periodic-table-hybrid-search', '_id': '27692088-0167-4f86-9137-0660e9f7d47f', 'status': 400, 'error': {'type': 'document_parsing_exception', 'reason': "[1:17331] failed to parse: The [dense_vector] field [embedding] in doc [document with id '27692088-0167-4f86-9137-0660e9f7d47f'] has a different number of dimensions [768] than defined in the mapping [1024]", 'caused_by': {'type': 'illegal_argument_exception', 'reason': "The [dense_vector] field [embedding] in doc [document with id '27692088-0167-4f86-9137-0660e9f7d47f'] has a different number of dimensions [768] than defined in the mapping [1024]"}}}}
2025-11-05 20:58:24,534 - WARNING - Failed item: {'index': {'_index': 'periodic-table-hybrid-search', '_id': '2fc4bdf2-dcbe-4a8b-a5bc-221128ae5c97', 'status': 400, 'error': {'type': 'document_parsing_exception', 'reason': "[1:17200] failed to parse: The [dense_vector] field [embedding] in doc [document with id '2fc4bdf2-dcbe-4a8b-a5bc-221128ae5c97'] has a different number of dimensions [768] than defined in the mapping [1024]", 'caused_by': {'type': 'illegal_argument_exception', 'reason': "The [dense_vector] field [embedding] in doc [document with id '2fc4bdf2-dcbe-4a8b-a5bc-221128ae5c97'] has a different number of dimensions [768] than defined in the mapping [1024]"}}}}
2025-11-05 20:58:24,534 - WARNING - Failed item: {'index': {'_index': 'periodic-table-hybrid-search', '_id': '10d0044e-f650-4cb3-a5bb-4838310ebea6', 'status': 400, 'error': {'type': 'document_parsing_exception', 'reason': "[1:17186] failed to parse: The [dense_vector] field [embedding] in doc [document with id '10d0044e-f650-4cb3-a5bb-4838310ebea6'] has a different number of dimensions [768] than defined in the mapping [1024]", 'caused_by': {'type': 'illegal_argument_exception', 'reason': "The [dense_vector] field [embedding] in doc [document with id '10d0044e-f650-4cb3-a5bb-4838310ebea6'] has a different number of dimensions [768] than defined in the mapping [1024]"}}}}
2025-11-05 20:58:24,534 - WARNING - Failed item: {'index': {'_index': 'periodic-table-hybrid-search', '_id': '51d6cf40-2443-46c6-b199-b2cf0cfe2b84', 'status': 400, 'error': {'type': 'document_parsing_exception', 'reason': "[1:17201] failed to parse: The [dense_vector] field [embedding] in doc [document with id '51d6cf40-2443-46c6-b199-b2cf0cfe2b84'] has a different number of dimensions [768] than defined in the mapping [1024]", 'caused_by': {'type': 'illegal_argument_exception', 'reason': "The [dense_vector] field [embedding] in doc [document with id '51d6cf40-2443-46c6-b199-b2cf0cfe2b84'] has a different number of dimensions [768] than defined in the mapping [1024]"}}}}
2025-11-05 20:58:24,534 - WARNING - Failed item: {'index': {'_index': 'periodic-table-hybrid-search', '_id': '6e9a854d-8c7d-4220-8b41-6427e701f106', 'status': 400, 'error': {'type': 'document_parsing_exception', 'reason': "[1:16796] failed to parse: The [dense_vector] field [embedding] in doc [document with id '6e9a854d-8c7d-4220-8b41-6427e701f106'] has a different number of dimensions [768] than defined in the mapping [1024]", 'caused_by': {'type': 'illegal_argument_exception', 'reason': "The [dense_vector] field [embedding] in doc [document with id '6e9a854d-8c7d-4220-8b41-6427e701f106'] has a different number of dimensions [768] than defined in the mapping [1024]"}}}}
2025-11-05 20:58:24,534 - WARNING - Failed item: {'index': {'_index': 'periodic-table-hybrid-search', '_id': 'c4f0e0ad-502b-45b0-ac86-c4c5aeb3c40a', 'status': 400, 'error': {'type': 'document_parsing_exception', 'reason': "[1:19358] failed to parse: The [dense_vector] field [embedding] in doc [document with id 'c4f0e0ad-502b-45b0-ac86-c4c5aeb3c40a'] has a different number of dimensions [768] than defined in the mapping [1024]", 'caused_by': {'type': 'illegal_argument_exception', 'reason': "The [dense_vector] field [embedding] in doc [document with id 'c4f0e0ad-502b-45b0-ac86-c4c5aeb3c40a'] has a different number of dimensions [768] than defined in the mapping [1024]"}}}}
2025-11-05 20:58:24,534 - WARNING - Failed item: {'index': {'_index': 'periodic-table-hybrid-search', '_id': '451cd184-8ca6-4484-b0ff-5f9045e81016', 'status': 400, 'error': {'type': 'document_parsing_exception', 'reason': "[1:17225] failed to parse: The [dense_vector] field [embedding] in doc [document with id '451cd184-8ca6-4484-b0ff-5f9045e81016'] has a different number of dimensions [768] than defined in the mapping [1024]", 'caused_by': {'type': 'illegal_argument_exception', 'reason': "The [dense_vector] field [embedding] in doc [document with id '451cd184-8ca6-4484-b0ff-5f9045e81016'] has a different number of dimensions [768] than defined in the mapping [1024]"}}}}
2025-11-05 20:58:24,534 - WARNING - Failed item: {'index': {'_index': 'periodic-table-hybrid-search', '_id': 'e33b40e8-196e-45b1-9ac4-223cbe2048a1', 'status': 400, 'error': {'type': 'document_parsing_exception', 'reason': "[1:17105] failed to parse: The [dense_vector] field [embedding] in doc [document with id 'e33b40e8-196e-45b1-9ac4-223cbe2048a1'] has a different number of dimensions [768] than defined in the mapping [1024]", 'caused_by': {'type': 'illegal_argument_exception', 'reason': "The [dense_vector] field [embedding] in doc [document with id 'e33b40e8-196e-45b1-9ac4-223cbe2048a1'] has a different number of dimensions [768] than defined in the mapping [1024]"}}}}
2025-11-05 20:58:24,534 - WARNING - Failed item: {'index': {'_index': 'periodic-table-hybrid-search', '_id': '6d65e030-7f4e-400a-a296-b9ee0da7c0bc', 'status': 400, 'error': {'type': 'document_parsing_exception', 'reason': "[1:17165] failed to parse: The [dense_vector] field [embedding] in doc [document with id '6d65e030-7f4e-400a-a296-b9ee0da7c0bc'] has a different number of dimensions [768] than defined in the mapping [1024]", 'caused_by': {'type': 'illegal_argument_exception', 'reason': "The [dense_vector] field [embedding] in doc [document with id '6d65e030-7f4e-400a-a296-b9ee0da7c0bc'] has a different number of dimensions [768] than defined in the mapping [1024]"}}}}
2025-11-05 20:58:24,534 - WARNING - Failed item: {'index': {'_index': 'periodic-table-hybrid-search', '_id': '17e3fc9f-d2ad-4349-9899-fd35113112d3', 'status': 400, 'error': {'type': 'document_parsing_exception', 'reason': "[1:17178] failed to parse: The [dense_vector] field [embedding] in doc [document with id '17e3fc9f-d2ad-4349-9899-fd35113112d3'] has a different number of dimensions [768] than defined in the mapping [1024]", 'caused_by': {'type': 'illegal_argument_exception', 'reason': "The [dense_vector] field [embedding] in doc [document with id '17e3fc9f-d2ad-4349-9899-fd35113112d3'] has a different number of dimensions [768] than defined in the mapping [1024]"}}}}
2025-11-05 20:58:24,534 - WARNING - Failed item: {'index': {'_index': 'periodic-table-hybrid-search', '_id': '34d7a482-f6ef-457e-9fcc-a31f17d8c7bf', 'status': 400, 'error': {'type': 'document_parsing_exception', 'reason': "[1:16744] failed to parse: The [dense_vector] field [embedding] in doc [document with id '34d7a482-f6ef-457e-9fcc-a31f17d8c7bf'] has a different number of dimensions [768] than defined in the mapping [1024]", 'caused_by': {'type': 'illegal_argument_exception', 'reason': "The [dense_vector] field [embedding] in doc [document with id '34d7a482-f6ef-457e-9fcc-a31f17d8c7bf'] has a different number of dimensions [768] than defined in the mapping [1024]"}}}}
2025-11-05 20:58:24,534 - WARNING - Failed item: {'index': {'_index': 'periodic-table-hybrid-search', '_id': 'd1e4ea58-0479-4290-ad8b-d78d678b2798', 'status': 400, 'error': {'type': 'document_parsing_exception', 'reason': "[1:17673] failed to parse: The [dense_vector] field [embedding] in doc [document with id 'd1e4ea58-0479-4290-ad8b-d78d678b2798'] has a different number of dimensions [768] than defined in the mapping [1024]", 'caused_by': {'type': 'illegal_argument_exception', 'reason': "The [dense_vector] field [embedding] in doc [document with id 'd1e4ea58-0479-4290-ad8b-d78d678b2798'] has a different number of dimensions [768] than defined in the mapping [1024]"}}}}
2025-11-05 20:58:24,534 - WARNING - Failed item: {'index': {'_index': 'periodic-table-hybrid-search', '_id': 'e8ea8498-acb9-4024-8261-2fb90f2c8285', 'status': 400, 'error': {'type': 'document_parsing_exception', 'reason': "[1:17209] failed to parse: The [dense_vector] field [embedding] in doc [document with id 'e8ea8498-acb9-4024-8261-2fb90f2c8285'] has a different number of dimensions [768] than defined in the mapping [1024]", 'caused_by': {'type': 'illegal_argument_exception', 'reason': "The [dense_vector] field [embedding] in doc [document with id 'e8ea8498-acb9-4024-8261-2fb90f2c8285'] has a different number of dimensions [768] than defined in the mapping [1024]"}}}}
2025-11-05 20:58:24,534 - WARNING - Failed item: {'index': {'_index': 'periodic-table-hybrid-search', '_id': '14300533-1ee5-4bb5-9f6b-1040e433fde3', 'status': 400, 'error': {'type': 'document_parsing_exception', 'reason': "[1:17002] failed to parse: The [dense_vector] field [embedding] in doc [document with id '14300533-1ee5-4bb5-9f6b-1040e433fde3'] has a different number of dimensions [768] than defined in the mapping [1024]", 'caused_by': {'type': 'illegal_argument_exception', 'reason': "The [dense_vector] field [embedding] in doc [document with id '14300533-1ee5-4bb5-9f6b-1040e433fde3'] has a different number of dimensions [768] than defined in the mapping [1024]"}}}}
2025-11-05 20:58:24,534 - WARNING - Failed item: {'index': {'_index': 'periodic-table-hybrid-search', '_id': '7ea25925-34a2-47fe-8d28-4707554c50ea', 'status': 400, 'error': {'type': 'document_parsing_exception', 'reason': "[1:28382] failed to parse: The [dense_vector] field [embedding] in doc [document with id '7ea25925-34a2-47fe-8d28-4707554c50ea'] has a different number of dimensions [768] than defined in the mapping [1024]", 'caused_by': {'type': 'illegal_argument_exception', 'reason': "The [dense_vector] field [embedding] in doc [document with id '7ea25925-34a2-47fe-8d28-4707554c50ea'] has a different number of dimensions [768] than defined in the mapping [1024]"}}}}
2025-11-05 20:58:24,534 - WARNING - Failed item: {'index': {'_index': 'periodic-table-hybrid-search', '_id': '981090a0-780d-42b1-b641-c62206f6d30d', 'status': 400, 'error': {'type': 'document_parsing_exception', 'reason': "[1:19444] failed to parse: The [dense_vector] field [embedding] in doc [document with id '981090a0-780d-42b1-b641-c62206f6d30d'] has a different number of dimensions [768] than defined in the mapping [1024]", 'caused_by': {'type': 'illegal_argument_exception', 'reason': "The [dense_vector] field [embedding] in doc [document with id '981090a0-780d-42b1-b641-c62206f6d30d'] has a different number of dimensions [768] than defined in the mapping [1024]"}}}}
2025-11-05 20:58:24,534 - WARNING - Failed item: {'index': {'_index': 'periodic-table-hybrid-search', '_id': '5a88a577-1179-4a86-a15f-4760ccd12146', 'status': 400, 'error': {'type': 'document_parsing_exception', 'reason': "[1:17209] failed to parse: The [dense_vector] field [embedding] in doc [document with id '5a88a577-1179-4a86-a15f-4760ccd12146'] has a different number of dimensions [768] than defined in the mapping [1024]", 'caused_by': {'type': 'illegal_argument_exception', 'reason': "The [dense_vector] field [embedding] in doc [document with id '5a88a577-1179-4a86-a15f-4760ccd12146'] has a different number of dimensions [768] than defined in the mapping [1024]"}}}}
2025-11-05 20:58:24,535 - WARNING - Failed item: {'index': {'_index': 'periodic-table-hybrid-search', '_id': '3501d0d4-5fa6-4587-99e7-d47cc3ee9726', 'status': 400, 'error': {'type': 'document_parsing_exception', 'reason': "[1:17214] failed to parse: The [dense_vector] field [embedding] in doc [document with id '3501d0d4-5fa6-4587-99e7-d47cc3ee9726'] has a different number of dimensions [768] than defined in the mapping [1024]", 'caused_by': {'type': 'illegal_argument_exception', 'reason': "The [dense_vector] field [embedding] in doc [document with id '3501d0d4-5fa6-4587-99e7-d47cc3ee9726'] has a different number of dimensions [768] than defined in the mapping [1024]"}}}}
2025-11-05 20:58:24,535 - WARNING - Failed item: {'index': {'_index': 'periodic-table-hybrid-search', '_id': '7f19c540-2682-40a0-9a73-bae0e1b7b26f', 'status': 400, 'error': {'type': 'document_parsing_exception', 'reason': "[1:17192] failed to parse: The [dense_vector] field [embedding] in doc [document with id '7f19c540-2682-40a0-9a73-bae0e1b7b26f'] has a different number of dimensions [768] than defined in the mapping [1024]", 'caused_by': {'type': 'illegal_argument_exception', 'reason': "The [dense_vector] field [embedding] in doc [document with id '7f19c540-2682-40a0-9a73-bae0e1b7b26f'] has a different number of dimensions [768] than defined in the mapping [1024]"}}}}
2025-11-05 20:58:24,535 - WARNING - Failed item: {'index': {'_index': 'periodic-table-hybrid-search', '_id': 'c2a160f5-fb58-4293-95fe-56c997e8b19d', 'status': 400, 'error': {'type': 'document_parsing_exception', 'reason': "[1:17204] failed to parse: The [dense_vector] field [embedding] in doc [document with id 'c2a160f5-fb58-4293-95fe-56c997e8b19d'] has a different number of dimensions [768] than defined in the mapping [1024]", 'caused_by': {'type': 'illegal_argument_exception', 'reason': "The [dense_vector] field [embedding] in doc [document with id 'c2a160f5-fb58-4293-95fe-56c997e8b19d'] has a different number of dimensions [768] than defined in the mapping [1024]"}}}}
2025-11-05 20:58:24,535 - WARNING - Failed item: {'index': {'_index': 'periodic-table-hybrid-search', '_id': 'b9cf819d-eae1-4b60-aa22-5f8433d35d53', 'status': 400, 'error': {'type': 'document_parsing_exception', 'reason': "[1:16746] failed to parse: The [dense_vector] field [embedding] in doc [document with id 'b9cf819d-eae1-4b60-aa22-5f8433d35d53'] has a different number of dimensions [768] than defined in the mapping [1024]", 'caused_by': {'type': 'illegal_argument_exception', 'reason': "The [dense_vector] field [embedding] in doc [document with id 'b9cf819d-eae1-4b60-aa22-5f8433d35d53'] has a different number of dimensions [768] than defined in the mapping [1024]"}}}}
2025-11-05 20:58:24,535 - WARNING - Failed item: {'index': {'_index': 'periodic-table-hybrid-search', '_id': 'cfe81993-02c3-4b1f-a8d7-16193785dcef', 'status': 400, 'error': {'type': 'document_parsing_exception', 'reason': "[1:19603] failed to parse: The [dense_vector] field [embedding] in doc [document with id 'cfe81993-02c3-4b1f-a8d7-16193785dcef'] has a different number of dimensions [768] than defined in the mapping [1024]", 'caused_by': {'type': 'illegal_argument_exception', 'reason': "The [dense_vector] field [embedding] in doc [document with id 'cfe81993-02c3-4b1f-a8d7-16193785dcef'] has a different number of dimensions [768] than defined in the mapping [1024]"}}}}
2025-11-05 20:58:24,535 - WARNING - Failed item: {'index': {'_index': 'periodic-table-hybrid-search', '_id': '57ad02dc-fd32-46dd-9f67-74c1f840e2a0', 'status': 400, 'error': {'type': 'document_parsing_exception', 'reason': "[1:17256] failed to parse: The [dense_vector] field [embedding] in doc [document with id '57ad02dc-fd32-46dd-9f67-74c1f840e2a0'] has a different number of dimensions [768] than defined in the mapping [1024]", 'caused_by': {'type': 'illegal_argument_exception', 'reason': "The [dense_vector] field [embedding] in doc [document with id '57ad02dc-fd32-46dd-9f67-74c1f840e2a0'] has a different number of dimensions [768] than defined in the mapping [1024]"}}}}
2025-11-05 20:58:24,535 - WARNING - Failed item: {'index': {'_index': 'periodic-table-hybrid-search', '_id': 'ac339db0-a499-4b27-8a32-15f756fff0fb', 'status': 400, 'error': {'type': 'document_parsing_exception', 'reason': "[1:17276] failed to parse: The [dense_vector] field [embedding] in doc [document with id 'ac339db0-a499-4b27-8a32-15f756fff0fb'] has a different number of dimensions [768] than defined in the mapping [1024]", 'caused_by': {'type': 'illegal_argument_exception', 'reason': "The [dense_vector] field [embedding] in doc [document with id 'ac339db0-a499-4b27-8a32-15f756fff0fb'] has a different number of dimensions [768] than defined in the mapping [1024]"}}}}
2025-11-05 20:58:24,535 - WARNING - Failed item: {'index': {'_index': 'periodic-table-hybrid-search', '_id': '402312a1-a145-447f-90bb-012a2b0b7a77', 'status': 400, 'error': {'type': 'document_parsing_exception', 'reason': "[1:17279] failed to parse: The [dense_vector] field [embedding] in doc [document with id '402312a1-a145-447f-90bb-012a2b0b7a77'] has a different number of dimensions [768] than defined in the mapping [1024]", 'caused_by': {'type': 'illegal_argument_exception', 'reason': "The [dense_vector] field [embedding] in doc [document with id '402312a1-a145-447f-90bb-012a2b0b7a77'] has a different number of dimensions [768] than defined in the mapping [1024]"}}}}
2025-11-05 20:58:24,535 - WARNING - Failed item: {'index': {'_index': 'periodic-table-hybrid-search', '_id': '5eeaab8a-0e9b-4571-86c1-34900026a5d2', 'status': 400, 'error': {'type': 'document_parsing_exception', 'reason': "[1:17274] failed to parse: The [dense_vector] field [embedding] in doc [document with id '5eeaab8a-0e9b-4571-86c1-34900026a5d2'] has a different number of dimensions [768] than defined in the mapping [1024]", 'caused_by': {'type': 'illegal_argument_exception', 'reason': "The [dense_vector] field [embedding] in doc [document with id '5eeaab8a-0e9b-4571-86c1-34900026a5d2'] has a different number of dimensions [768] than defined in the mapping [1024]"}}}}
2025-11-05 20:58:24,535 - WARNING - Failed item: {'index': {'_index': 'periodic-table-hybrid-search', '_id': '16edd391-a829-4cba-9fb9-6a417f9ec545', 'status': 400, 'error': {'type': 'document_parsing_exception', 'reason': "[1:16760] failed to parse: The [dense_vector] field [embedding] in doc [document with id '16edd391-a829-4cba-9fb9-6a417f9ec545'] has a different number of dimensions [768] than defined in the mapping [1024]", 'caused_by': {'type': 'illegal_argument_exception', 'reason': "The [dense_vector] field [embedding] in doc [document with id '16edd391-a829-4cba-9fb9-6a417f9ec545'] has a different number of dimensions [768] than defined in the mapping [1024]"}}}}
2025-11-05 20:58:24,535 - WARNING - Failed item: {'index': {'_index': 'periodic-table-hybrid-search', '_id': '003d8e15-2725-41b7-afc2-0902e0890a2b', 'status': 400, 'error': {'type': 'document_parsing_exception', 'reason': "[1:19220] failed to parse: The [dense_vector] field [embedding] in doc [document with id '003d8e15-2725-41b7-afc2-0902e0890a2b'] has a different number of dimensions [768] than defined in the mapping [1024]", 'caused_by': {'type': 'illegal_argument_exception', 'reason': "The [dense_vector] field [embedding] in doc [document with id '003d8e15-2725-41b7-afc2-0902e0890a2b'] has a different number of dimensions [768] than defined in the mapping [1024]"}}}}
2025-11-05 20:58:24,535 - WARNING - Failed item: {'index': {'_index': 'periodic-table-hybrid-search', '_id': '5829dc8e-cb70-4cad-afc4-5d2e937ff8c9', 'status': 400, 'error': {'type': 'document_parsing_exception', 'reason': "[1:17224] failed to parse: The [dense_vector] field [embedding] in doc [document with id '5829dc8e-cb70-4cad-afc4-5d2e937ff8c9'] has a different number of dimensions [768] than defined in the mapping [1024]", 'caused_by': {'type': 'illegal_argument_exception', 'reason': "The [dense_vector] field [embedding] in doc [document with id '5829dc8e-cb70-4cad-afc4-5d2e937ff8c9'] has a different number of dimensions [768] than defined in the mapping [1024]"}}}}
2025-11-05 20:58:24,535 - WARNING - Failed item: {'index': {'_index': 'periodic-table-hybrid-search', '_id': '658881e5-052b-455b-90b7-e19345b8cee6', 'status': 400, 'error': {'type': 'document_parsing_exception', 'reason': "[1:17179] failed to parse: The [dense_vector] field [embedding] in doc [document with id '658881e5-052b-455b-90b7-e19345b8cee6'] has a different number of dimensions [768] than defined in the mapping [1024]", 'caused_by': {'type': 'illegal_argument_exception', 'reason': "The [dense_vector] field [embedding] in doc [document with id '658881e5-052b-455b-90b7-e19345b8cee6'] has a different number of dimensions [768] than defined in the mapping [1024]"}}}}
2025-11-05 20:58:24,535 - WARNING - Failed item: {'index': {'_index': 'periodic-table-hybrid-search', '_id': '3275f9c5-983f-452f-a247-40f7725780f8', 'status': 400, 'error': {'type': 'document_parsing_exception', 'reason': "[1:17220] failed to parse: The [dense_vector] field [embedding] in doc [document with id '3275f9c5-983f-452f-a247-40f7725780f8'] has a different number of dimensions [768] than defined in the mapping [1024]", 'caused_by': {'type': 'illegal_argument_exception', 'reason': "The [dense_vector] field [embedding] in doc [document with id '3275f9c5-983f-452f-a247-40f7725780f8'] has a different number of dimensions [768] than defined in the mapping [1024]"}}}}
2025-11-05 20:58:24,535 - WARNING - Failed item: {'index': {'_index': 'periodic-table-hybrid-search', '_id': 'ace42429-2f37-426f-ad8c-f3f4032977bf', 'status': 400, 'error': {'type': 'document_parsing_exception', 'reason': "[1:16960] failed to parse: The [dense_vector] field [embedding] in doc [document with id 'ace42429-2f37-426f-ad8c-f3f4032977bf'] has a different number of dimensions [768] than defined in the mapping [1024]", 'caused_by': {'type': 'illegal_argument_exception', 'reason': "The [dense_vector] field [embedding] in doc [document with id 'ace42429-2f37-426f-ad8c-f3f4032977bf'] has a different number of dimensions [768] than defined in the mapping [1024]"}}}}
2025-11-05 20:58:24,535 - WARNING - Failed item: {'index': {'_index': 'periodic-table-hybrid-search', '_id': '3253c0ea-4069-4dbd-b876-397056d78c8a', 'status': 400, 'error': {'type': 'document_parsing_exception', 'reason': "[1:16667] failed to parse: The [dense_vector] field [embedding] in doc [document with id '3253c0ea-4069-4dbd-b876-397056d78c8a'] has a different number of dimensions [768] than defined in the mapping [1024]", 'caused_by': {'type': 'illegal_argument_exception', 'reason': "The [dense_vector] field [embedding] in doc [document with id '3253c0ea-4069-4dbd-b876-397056d78c8a'] has a different number of dimensions [768] than defined in the mapping [1024]"}}}}
2025-11-05 20:58:24,535 - WARNING - Failed item: {'index': {'_index': 'periodic-table-hybrid-search', '_id': '979b8dcb-b2a1-461d-86a5-7e992bc011fb', 'status': 400, 'error': {'type': 'document_parsing_exception', 'reason': "[1:19516] failed to parse: The [dense_vector] field [embedding] in doc [document with id '979b8dcb-b2a1-461d-86a5-7e992bc011fb'] has a different number of dimensions [768] than defined in the mapping [1024]", 'caused_by': {'type': 'illegal_argument_exception', 'reason': "The [dense_vector] field [embedding] in doc [document with id '979b8dcb-b2a1-461d-86a5-7e992bc011fb'] has a different number of dimensions [768] than defined in the mapping [1024]"}}}}
2025-11-05 20:58:24,535 - WARNING - Failed item: {'index': {'_index': 'periodic-table-hybrid-search', '_id': '062d1963-b8cc-4a34-ac75-cc1b0c3e6c0d', 'status': 400, 'error': {'type': 'document_parsing_exception', 'reason': "[1:17236] failed to parse: The [dense_vector] field [embedding] in doc [document with id '062d1963-b8cc-4a34-ac75-cc1b0c3e6c0d'] has a different number of dimensions [768] than defined in the mapping [1024]", 'caused_by': {'type': 'illegal_argument_exception', 'reason': "The [dense_vector] field [embedding] in doc [document with id '062d1963-b8cc-4a34-ac75-cc1b0c3e6c0d'] has a different number of dimensions [768] than defined in the mapping [1024]"}}}}
2025-11-05 20:58:24,535 - WARNING - Failed item: {'index': {'_index': 'periodic-table-hybrid-search', '_id': '6ca7040a-b996-4d6d-8dde-d33a1259cdef', 'status': 400, 'error': {'type': 'document_parsing_exception', 'reason': "[1:17242] failed to parse: The [dense_vector] field [embedding] in doc [document with id '6ca7040a-b996-4d6d-8dde-d33a1259cdef'] has a different number of dimensions [768] than defined in the mapping [1024]", 'caused_by': {'type': 'illegal_argument_exception', 'reason': "The [dense_vector] field [embedding] in doc [document with id '6ca7040a-b996-4d6d-8dde-d33a1259cdef'] has a different number of dimensions [768] than defined in the mapping [1024]"}}}}
2025-11-05 20:58:24,535 - WARNING - Failed item: {'index': {'_index': 'periodic-table-hybrid-search', '_id': 'f5018c5e-f42a-4636-a8db-33d7998de118', 'status': 400, 'error': {'type': 'document_parsing_exception', 'reason': "[1:17254] failed to parse: The [dense_vector] field [embedding] in doc [document with id 'f5018c5e-f42a-4636-a8db-33d7998de118'] has a different number of dimensions [768] than defined in the mapping [1024]", 'caused_by': {'type': 'illegal_argument_exception', 'reason': "The [dense_vector] field [embedding] in doc [document with id 'f5018c5e-f42a-4636-a8db-33d7998de118'] has a different number of dimensions [768] than defined in the mapping [1024]"}}}}
2025-11-05 20:58:24,535 - WARNING - Failed item: {'index': {'_index': 'periodic-table-hybrid-search', '_id': 'c5a2eb17-82ec-4c54-8920-82d12a60a967', 'status': 400, 'error': {'type': 'document_parsing_exception', 'reason': "[1:17223] failed to parse: The [dense_vector] field [embedding] in doc [document with id 'c5a2eb17-82ec-4c54-8920-82d12a60a967'] has a different number of dimensions [768] than defined in the mapping [1024]", 'caused_by': {'type': 'illegal_argument_exception', 'reason': "The [dense_vector] field [embedding] in doc [document with id 'c5a2eb17-82ec-4c54-8920-82d12a60a967'] has a different number of dimensions [768] than defined in the mapping [1024]"}}}}
2025-11-05 20:58:24,535 - WARNING - Failed item: {'index': {'_index': 'periodic-table-hybrid-search', '_id': '07d4d4a4-a7a6-4c25-8ced-9992086cafd6', 'status': 400, 'error': {'type': 'document_parsing_exception', 'reason': "[1:16735] failed to parse: The [dense_vector] field [embedding] in doc [document with id '07d4d4a4-a7a6-4c25-8ced-9992086cafd6'] has a different number of dimensions [768] than defined in the mapping [1024]", 'caused_by': {'type': 'illegal_argument_exception', 'reason': "The [dense_vector] field [embedding] in doc [document with id '07d4d4a4-a7a6-4c25-8ced-9992086cafd6'] has a different number of dimensions [768] than defined in the mapping [1024]"}}}}
2025-11-05 20:58:24,535 - WARNING - Failed item: {'index': {'_index': 'periodic-table-hybrid-search', '_id': 'fd5af1ce-3528-42a3-afeb-ab6eb52dd5b6', 'status': 400, 'error': {'type': 'document_parsing_exception', 'reason': "[1:17708] failed to parse: The [dense_vector] field [embedding] in doc [document with id 'fd5af1ce-3528-42a3-afeb-ab6eb52dd5b6'] has a different number of dimensions [768] than defined in the mapping [1024]", 'caused_by': {'type': 'illegal_argument_exception', 'reason': "The [dense_vector] field [embedding] in doc [document with id 'fd5af1ce-3528-42a3-afeb-ab6eb52dd5b6'] has a different number of dimensions [768] than defined in the mapping [1024]"}}}}
2025-11-05 20:58:24,535 - WARNING - Failed item: {'index': {'_index': 'periodic-table-hybrid-search', '_id': '4c1b0295-c650-4e52-9f60-9ad4361423fb', 'status': 400, 'error': {'type': 'document_parsing_exception', 'reason': "[1:17194] failed to parse: The [dense_vector] field [embedding] in doc [document with id '4c1b0295-c650-4e52-9f60-9ad4361423fb'] has a different number of dimensions [768] than defined in the mapping [1024]", 'caused_by': {'type': 'illegal_argument_exception', 'reason': "The [dense_vector] field [embedding] in doc [document with id '4c1b0295-c650-4e52-9f60-9ad4361423fb'] has a different number of dimensions [768] than defined in the mapping [1024]"}}}}
2025-11-05 20:58:24,535 - WARNING - Failed item: {'index': {'_index': 'periodic-table-hybrid-search', '_id': '9b2780bf-b082-4ab0-a0dc-160696972db2', 'status': 400, 'error': {'type': 'document_parsing_exception', 'reason': "[1:17002] failed to parse: The [dense_vector] field [embedding] in doc [document with id '9b2780bf-b082-4ab0-a0dc-160696972db2'] has a different number of dimensions [768] than defined in the mapping [1024]", 'caused_by': {'type': 'illegal_argument_exception', 'reason': "The [dense_vector] field [embedding] in doc [document with id '9b2780bf-b082-4ab0-a0dc-160696972db2'] has a different number of dimensions [768] than defined in the mapping [1024]"}}}}
2025-11-05 20:58:24,535 - WARNING - Failed item: {'index': {'_index': 'periodic-table-hybrid-search', '_id': '5e0532f6-9302-4071-ba7b-cb19d8a4ac83', 'status': 400, 'error': {'type': 'document_parsing_exception', 'reason': "[1:28087] failed to parse: The [dense_vector] field [embedding] in doc [document with id '5e0532f6-9302-4071-ba7b-cb19d8a4ac83'] has a different number of dimensions [768] than defined in the mapping [1024]", 'caused_by': {'type': 'illegal_argument_exception', 'reason': "The [dense_vector] field [embedding] in doc [document with id '5e0532f6-9302-4071-ba7b-cb19d8a4ac83'] has a different number of dimensions [768] than defined in the mapping [1024]"}}}}
2025-11-05 20:58:24,535 - WARNING - Failed item: {'index': {'_index': 'periodic-table-hybrid-search', '_id': '50da7922-f217-48d6-8506-ae33f9dc8903', 'status': 400, 'error': {'type': 'document_parsing_exception', 'reason': "[1:19606] failed to parse: The [dense_vector] field [embedding] in doc [document with id '50da7922-f217-48d6-8506-ae33f9dc8903'] has a different number of dimensions [768] than defined in the mapping [1024]", 'caused_by': {'type': 'illegal_argument_exception', 'reason': "The [dense_vector] field [embedding] in doc [document with id '50da7922-f217-48d6-8506-ae33f9dc8903'] has a different number of dimensions [768] than defined in the mapping [1024]"}}}}
2025-11-05 20:58:24,535 - WARNING - Failed item: {'index': {'_index': 'periodic-table-hybrid-search', '_id': '520d45f0-b8ae-4cee-82f2-77972d603191', 'status': 400, 'error': {'type': 'document_parsing_exception', 'reason': "[1:17194] failed to parse: The [dense_vector] field [embedding] in doc [document with id '520d45f0-b8ae-4cee-82f2-77972d603191'] has a different number of dimensions [768] than defined in the mapping [1024]", 'caused_by': {'type': 'illegal_argument_exception', 'reason': "The [dense_vector] field [embedding] in doc [document with id '520d45f0-b8ae-4cee-82f2-77972d603191'] has a different number of dimensions [768] than defined in the mapping [1024]"}}}}
2025-11-05 20:58:24,535 - WARNING - Failed item: {'index': {'_index': 'periodic-table-hybrid-search', '_id': '7195109c-8a57-453f-bce8-8618be23bef7', 'status': 400, 'error': {'type': 'document_parsing_exception', 'reason': "[1:17273] failed to parse: The [dense_vector] field [embedding] in doc [document with id '7195109c-8a57-453f-bce8-8618be23bef7'] has a different number of dimensions [768] than defined in the mapping [1024]", 'caused_by': {'type': 'illegal_argument_exception', 'reason': "The [dense_vector] field [embedding] in doc [document with id '7195109c-8a57-453f-bce8-8618be23bef7'] has a different number of dimensions [768] than defined in the mapping [1024]"}}}}
2025-11-05 20:58:24,535 - WARNING - Failed item: {'index': {'_index': 'periodic-table-hybrid-search', '_id': '66ed9cf0-e8c5-48bf-a816-099dbc6123fa', 'status': 400, 'error': {'type': 'document_parsing_exception', 'reason': "[1:17252] failed to parse: The [dense_vector] field [embedding] in doc [document with id '66ed9cf0-e8c5-48bf-a816-099dbc6123fa'] has a different number of dimensions [768] than defined in the mapping [1024]", 'caused_by': {'type': 'illegal_argument_exception', 'reason': "The [dense_vector] field [embedding] in doc [document with id '66ed9cf0-e8c5-48bf-a816-099dbc6123fa'] has a different number of dimensions [768] than defined in the mapping [1024]"}}}}
2025-11-05 20:58:24,536 - WARNING - Failed item: {'index': {'_index': 'periodic-table-hybrid-search', '_id': '6deab11a-0166-4ecb-b41d-36887fc07c49', 'status': 400, 'error': {'type': 'document_parsing_exception', 'reason': "[1:17220] failed to parse: The [dense_vector] field [embedding] in doc [document with id '6deab11a-0166-4ecb-b41d-36887fc07c49'] has a different number of dimensions [768] than defined in the mapping [1024]", 'caused_by': {'type': 'illegal_argument_exception', 'reason': "The [dense_vector] field [embedding] in doc [document with id '6deab11a-0166-4ecb-b41d-36887fc07c49'] has a different number of dimensions [768] than defined in the mapping [1024]"}}}}
2025-11-05 20:58:24,536 - WARNING - Failed item: {'index': {'_index': 'periodic-table-hybrid-search', '_id': '32552975-88ba-4851-8045-478d91bc0c0e', 'status': 400, 'error': {'type': 'document_parsing_exception', 'reason': "[1:16814] failed to parse: The [dense_vector] field [embedding] in doc [document with id '32552975-88ba-4851-8045-478d91bc0c0e'] has a different number of dimensions [768] than defined in the mapping [1024]", 'caused_by': {'type': 'illegal_argument_exception', 'reason': "The [dense_vector] field [embedding] in doc [document with id '32552975-88ba-4851-8045-478d91bc0c0e'] has a different number of dimensions [768] than defined in the mapping [1024]"}}}}
2025-11-05 20:58:24,536 - WARNING - Failed item: {'index': {'_index': 'periodic-table-hybrid-search', '_id': 'cb10ae60-a7e5-4171-a552-9eed0d0e4136', 'status': 400, 'error': {'type': 'document_parsing_exception', 'reason': "[1:19601] failed to parse: The [dense_vector] field [embedding] in doc [document with id 'cb10ae60-a7e5-4171-a552-9eed0d0e4136'] has a different number of dimensions [768] than defined in the mapping [1024]", 'caused_by': {'type': 'illegal_argument_exception', 'reason': "The [dense_vector] field [embedding] in doc [document with id 'cb10ae60-a7e5-4171-a552-9eed0d0e4136'] has a different number of dimensions [768] than defined in the mapping [1024]"}}}}
2025-11-05 20:58:24,536 - WARNING - Failed item: {'index': {'_index': 'periodic-table-hybrid-search', '_id': '9412a09d-5cb4-4feb-9ecd-613f78ab4d18', 'status': 400, 'error': {'type': 'document_parsing_exception', 'reason': "[1:17322] failed to parse: The [dense_vector] field [embedding] in doc [document with id '9412a09d-5cb4-4feb-9ecd-613f78ab4d18'] has a different number of dimensions [768] than defined in the mapping [1024]", 'caused_by': {'type': 'illegal_argument_exception', 'reason': "The [dense_vector] field [embedding] in doc [document with id '9412a09d-5cb4-4feb-9ecd-613f78ab4d18'] has a different number of dimensions [768] than defined in the mapping [1024]"}}}}
2025-11-05 20:58:24,536 - WARNING - Failed item: {'index': {'_index': 'periodic-table-hybrid-search', '_id': 'a6bef825-e5d4-4bb1-bf81-ec57e0a9d922', 'status': 400, 'error': {'type': 'document_parsing_exception', 'reason': "[1:17290] failed to parse: The [dense_vector] field [embedding] in doc [document with id 'a6bef825-e5d4-4bb1-bf81-ec57e0a9d922'] has a different number of dimensions [768] than defined in the mapping [1024]", 'caused_by': {'type': 'illegal_argument_exception', 'reason': "The [dense_vector] field [embedding] in doc [document with id 'a6bef825-e5d4-4bb1-bf81-ec57e0a9d922'] has a different number of dimensions [768] than defined in the mapping [1024]"}}}}
2025-11-05 20:58:24,536 - WARNING - Failed item: {'index': {'_index': 'periodic-table-hybrid-search', '_id': '230dc0ad-82ce-4027-83fa-5109d17f8098', 'status': 400, 'error': {'type': 'document_parsing_exception', 'reason': "[1:17236] failed to parse: The [dense_vector] field [embedding] in doc [document with id '230dc0ad-82ce-4027-83fa-5109d17f8098'] has a different number of dimensions [768] than defined in the mapping [1024]", 'caused_by': {'type': 'illegal_argument_exception', 'reason': "The [dense_vector] field [embedding] in doc [document with id '230dc0ad-82ce-4027-83fa-5109d17f8098'] has a different number of dimensions [768] than defined in the mapping [1024]"}}}}
2025-11-05 20:58:24,536 - WARNING - Failed item: {'index': {'_index': 'periodic-table-hybrid-search', '_id': '7de5c12e-3bc8-4228-a6fe-cc4aaced6046', 'status': 400, 'error': {'type': 'document_parsing_exception', 'reason': "[1:17184] failed to parse: The [dense_vector] field [embedding] in doc [document with id '7de5c12e-3bc8-4228-a6fe-cc4aaced6046'] has a different number of dimensions [768] than defined in the mapping [1024]", 'caused_by': {'type': 'illegal_argument_exception', 'reason': "The [dense_vector] field [embedding] in doc [document with id '7de5c12e-3bc8-4228-a6fe-cc4aaced6046'] has a different number of dimensions [768] than defined in the mapping [1024]"}}}}
2025-11-05 20:58:24,536 - WARNING - Failed item: {'index': {'_index': 'periodic-table-hybrid-search', '_id': '7ce53819-8abb-4d54-a062-71df2c2b10a5', 'status': 400, 'error': {'type': 'document_parsing_exception', 'reason': "[1:16711] failed to parse: The [dense_vector] field [embedding] in doc [document with id '7ce53819-8abb-4d54-a062-71df2c2b10a5'] has a different number of dimensions [768] than defined in the mapping [1024]", 'caused_by': {'type': 'illegal_argument_exception', 'reason': "The [dense_vector] field [embedding] in doc [document with id '7ce53819-8abb-4d54-a062-71df2c2b10a5'] has a different number of dimensions [768] than defined in the mapping [1024]"}}}}
2025-11-05 20:58:24,536 - WARNING - Failed item: {'index': {'_index': 'periodic-table-hybrid-search', '_id': '60fe6df2-f24e-49fb-9b44-88d3e207d8f6', 'status': 400, 'error': {'type': 'document_parsing_exception', 'reason': "[1:18981] failed to parse: The [dense_vector] field [embedding] in doc [document with id '60fe6df2-f24e-49fb-9b44-88d3e207d8f6'] has a different number of dimensions [768] than defined in the mapping [1024]", 'caused_by': {'type': 'illegal_argument_exception', 'reason': "The [dense_vector] field [embedding] in doc [document with id '60fe6df2-f24e-49fb-9b44-88d3e207d8f6'] has a different number of dimensions [768] than defined in the mapping [1024]"}}}}
2025-11-05 20:58:24,536 - WARNING - Failed item: {'index': {'_index': 'periodic-table-hybrid-search', '_id': '2b79e6f9-8491-480b-b2f4-446b422ac205', 'status': 400, 'error': {'type': 'document_parsing_exception', 'reason': "[1:17033] failed to parse: The [dense_vector] field [embedding] in doc [document with id '2b79e6f9-8491-480b-b2f4-446b422ac205'] has a different number of dimensions [768] than defined in the mapping [1024]", 'caused_by': {'type': 'illegal_argument_exception', 'reason': "The [dense_vector] field [embedding] in doc [document with id '2b79e6f9-8491-480b-b2f4-446b422ac205'] has a different number of dimensions [768] than defined in the mapping [1024]"}}}}
2025-11-05 20:58:24,536 - WARNING - Failed item: {'index': {'_index': 'periodic-table-hybrid-search', '_id': '75263c4d-a69d-4e46-bb4a-0c7e9a1ec9c0', 'status': 400, 'error': {'type': 'document_parsing_exception', 'reason': "[1:16841] failed to parse: The [dense_vector] field [embedding] in doc [document with id '75263c4d-a69d-4e46-bb4a-0c7e9a1ec9c0'] has a different number of dimensions [768] than defined in the mapping [1024]", 'caused_by': {'type': 'illegal_argument_exception', 'reason': "The [dense_vector] field [embedding] in doc [document with id '75263c4d-a69d-4e46-bb4a-0c7e9a1ec9c0'] has a different number of dimensions [768] than defined in the mapping [1024]"}}}}
2025-11-05 20:58:24,536 - WARNING - Failed item: {'index': {'_index': 'periodic-table-hybrid-search', '_id': 'a4358aab-2c6c-4864-a6de-7bf46a2086be', 'status': 400, 'error': {'type': 'document_parsing_exception', 'reason': "[1:17218] failed to parse: The [dense_vector] field [embedding] in doc [document with id 'a4358aab-2c6c-4864-a6de-7bf46a2086be'] has a different number of dimensions [768] than defined in the mapping [1024]", 'caused_by': {'type': 'illegal_argument_exception', 'reason': "The [dense_vector] field [embedding] in doc [document with id 'a4358aab-2c6c-4864-a6de-7bf46a2086be'] has a different number of dimensions [768] than defined in the mapping [1024]"}}}}
2025-11-05 20:58:24,536 - WARNING - Failed item: {'index': {'_index': 'periodic-table-hybrid-search', '_id': '3066ba58-3bae-4387-9a01-f8a98e5664fb', 'status': 400, 'error': {'type': 'document_parsing_exception', 'reason': "[1:17264] failed to parse: The [dense_vector] field [embedding] in doc [document with id '3066ba58-3bae-4387-9a01-f8a98e5664fb'] has a different number of dimensions [768] than defined in the mapping [1024]", 'caused_by': {'type': 'illegal_argument_exception', 'reason': "The [dense_vector] field [embedding] in doc [document with id '3066ba58-3bae-4387-9a01-f8a98e5664fb'] has a different number of dimensions [768] than defined in the mapping [1024]"}}}}
2025-11-05 20:58:24,536 - WARNING - Failed item: {'index': {'_index': 'periodic-table-hybrid-search', '_id': 'd4e61ef9-825e-433d-8547-c623f464da3d', 'status': 400, 'error': {'type': 'document_parsing_exception', 'reason': "[1:16699] failed to parse: The [dense_vector] field [embedding] in doc [document with id 'd4e61ef9-825e-433d-8547-c623f464da3d'] has a different number of dimensions [768] than defined in the mapping [1024]", 'caused_by': {'type': 'illegal_argument_exception', 'reason': "The [dense_vector] field [embedding] in doc [document with id 'd4e61ef9-825e-433d-8547-c623f464da3d'] has a different number of dimensions [768] than defined in the mapping [1024]"}}}}
2025-11-05 20:58:24,536 - WARNING - Failed item: {'index': {'_index': 'periodic-table-hybrid-search', '_id': 'abf6e889-f95d-49db-8485-dad38cefa8cf', 'status': 400, 'error': {'type': 'document_parsing_exception', 'reason': "[1:19301] failed to parse: The [dense_vector] field [embedding] in doc [document with id 'abf6e889-f95d-49db-8485-dad38cefa8cf'] has a different number of dimensions [768] than defined in the mapping [1024]", 'caused_by': {'type': 'illegal_argument_exception', 'reason': "The [dense_vector] field [embedding] in doc [document with id 'abf6e889-f95d-49db-8485-dad38cefa8cf'] has a different number of dimensions [768] than defined in the mapping [1024]"}}}}
2025-11-05 20:58:24,536 - WARNING - Failed item: {'index': {'_index': 'periodic-table-hybrid-search', '_id': 'e6d396f8-fded-4fc6-9848-6f26c384f378', 'status': 400, 'error': {'type': 'document_parsing_exception', 'reason': "[1:17121] failed to parse: The [dense_vector] field [embedding] in doc [document with id 'e6d396f8-fded-4fc6-9848-6f26c384f378'] has a different number of dimensions [768] than defined in the mapping [1024]", 'caused_by': {'type': 'illegal_argument_exception', 'reason': "The [dense_vector] field [embedding] in doc [document with id 'e6d396f8-fded-4fc6-9848-6f26c384f378'] has a different number of dimensions [768] than defined in the mapping [1024]"}}}}
2025-11-05 20:58:24,536 - WARNING - Failed item: {'index': {'_index': 'periodic-table-hybrid-search', '_id': '967a2f89-6d7d-425a-a1af-a05a1e454394', 'status': 400, 'error': {'type': 'document_parsing_exception', 'reason': "[1:17188] failed to parse: The [dense_vector] field [embedding] in doc [document with id '967a2f89-6d7d-425a-a1af-a05a1e454394'] has a different number of dimensions [768] than defined in the mapping [1024]", 'caused_by': {'type': 'illegal_argument_exception', 'reason': "The [dense_vector] field [embedding] in doc [document with id '967a2f89-6d7d-425a-a1af-a05a1e454394'] has a different number of dimensions [768] than defined in the mapping [1024]"}}}}
2025-11-05 20:58:24,536 - WARNING - Failed item: {'index': {'_index': 'periodic-table-hybrid-search', '_id': '0b153f83-ce13-4f30-933c-8e7e2132304d', 'status': 400, 'error': {'type': 'document_parsing_exception', 'reason': "[1:17198] failed to parse: The [dense_vector] field [embedding] in doc [document with id '0b153f83-ce13-4f30-933c-8e7e2132304d'] has a different number of dimensions [768] than defined in the mapping [1024]", 'caused_by': {'type': 'illegal_argument_exception', 'reason': "The [dense_vector] field [embedding] in doc [document with id '0b153f83-ce13-4f30-933c-8e7e2132304d'] has a different number of dimensions [768] than defined in the mapping [1024]"}}}}
2025-11-05 20:58:24,536 - WARNING - Failed item: {'index': {'_index': 'periodic-table-hybrid-search', '_id': 'f0fddd5b-7b50-4526-be2a-3bd91d4b849e', 'status': 400, 'error': {'type': 'document_parsing_exception', 'reason': "[1:17228] failed to parse: The [dense_vector] field [embedding] in doc [document with id 'f0fddd5b-7b50-4526-be2a-3bd91d4b849e'] has a different number of dimensions [768] than defined in the mapping [1024]", 'caused_by': {'type': 'illegal_argument_exception', 'reason': "The [dense_vector] field [embedding] in doc [document with id 'f0fddd5b-7b50-4526-be2a-3bd91d4b849e'] has a different number of dimensions [768] than defined in the mapping [1024]"}}}}
2025-11-05 20:58:24,536 - WARNING - Failed item: {'index': {'_index': 'periodic-table-hybrid-search', '_id': '26041d77-56d6-4960-8673-9950091810fc', 'status': 400, 'error': {'type': 'document_parsing_exception', 'reason': "[1:16702] failed to parse: The [dense_vector] field [embedding] in doc [document with id '26041d77-56d6-4960-8673-9950091810fc'] has a different number of dimensions [768] than defined in the mapping [1024]", 'caused_by': {'type': 'illegal_argument_exception', 'reason': "The [dense_vector] field [embedding] in doc [document with id '26041d77-56d6-4960-8673-9950091810fc'] has a different number of dimensions [768] than defined in the mapping [1024]"}}}}
2025-11-05 20:58:24,536 - WARNING - Failed item: {'index': {'_index': 'periodic-table-hybrid-search', '_id': 'e075a3c5-6f12-4db8-83be-91b6a76503f1', 'status': 400, 'error': {'type': 'document_parsing_exception', 'reason': "[1:17604] failed to parse: The [dense_vector] field [embedding] in doc [document with id 'e075a3c5-6f12-4db8-83be-91b6a76503f1'] has a different number of dimensions [768] than defined in the mapping [1024]", 'caused_by': {'type': 'illegal_argument_exception', 'reason': "The [dense_vector] field [embedding] in doc [document with id 'e075a3c5-6f12-4db8-83be-91b6a76503f1'] has a different number of dimensions [768] than defined in the mapping [1024]"}}}}
2025-11-05 20:58:24,536 - WARNING - Failed item: {'index': {'_index': 'periodic-table-hybrid-search', '_id': '12fc3652-2154-4cd2-bab1-01550dfb4b08', 'status': 400, 'error': {'type': 'document_parsing_exception', 'reason': "[1:17152] failed to parse: The [dense_vector] field [embedding] in doc [document with id '12fc3652-2154-4cd2-bab1-01550dfb4b08'] has a different number of dimensions [768] than defined in the mapping [1024]", 'caused_by': {'type': 'illegal_argument_exception', 'reason': "The [dense_vector] field [embedding] in doc [document with id '12fc3652-2154-4cd2-bab1-01550dfb4b08'] has a different number of dimensions [768] than defined in the mapping [1024]"}}}}
2025-11-05 20:58:24,536 - WARNING - Failed item: {'index': {'_index': 'periodic-table-hybrid-search', '_id': '21335282-88b2-40c9-b0b5-9488a71c504b', 'status': 400, 'error': {'type': 'document_parsing_exception', 'reason': "[1:17016] failed to parse: The [dense_vector] field [embedding] in doc [document with id '21335282-88b2-40c9-b0b5-9488a71c504b'] has a different number of dimensions [768] than defined in the mapping [1024]", 'caused_by': {'type': 'illegal_argument_exception', 'reason': "The [dense_vector] field [embedding] in doc [document with id '21335282-88b2-40c9-b0b5-9488a71c504b'] has a different number of dimensions [768] than defined in the mapping [1024]"}}}}
2025-11-05 20:58:24,536 - WARNING - Failed item: {'index': {'_index': 'periodic-table-hybrid-search', '_id': '9ad27519-f6bb-47c5-8ab9-5ec8017e13d1', 'status': 400, 'error': {'type': 'document_parsing_exception', 'reason': "[1:28165] failed to parse: The [dense_vector] field [embedding] in doc [document with id '9ad27519-f6bb-47c5-8ab9-5ec8017e13d1'] has a different number of dimensions [768] than defined in the mapping [1024]", 'caused_by': {'type': 'illegal_argument_exception', 'reason': "The [dense_vector] field [embedding] in doc [document with id '9ad27519-f6bb-47c5-8ab9-5ec8017e13d1'] has a different number of dimensions [768] than defined in the mapping [1024]"}}}}
2025-11-05 20:58:24,536 - WARNING - Failed item: {'index': {'_index': 'periodic-table-hybrid-search', '_id': 'd9397e29-c641-43cb-8939-44f386cd43b1', 'status': 400, 'error': {'type': 'document_parsing_exception', 'reason': "[1:19605] failed to parse: The [dense_vector] field [embedding] in doc [document with id 'd9397e29-c641-43cb-8939-44f386cd43b1'] has a different number of dimensions [768] than defined in the mapping [1024]", 'caused_by': {'type': 'illegal_argument_exception', 'reason': "The [dense_vector] field [embedding] in doc [document with id 'd9397e29-c641-43cb-8939-44f386cd43b1'] has a different number of dimensions [768] than defined in the mapping [1024]"}}}}
2025-11-05 20:58:24,536 - WARNING - Failed item: {'index': {'_index': 'periodic-table-hybrid-search', '_id': '3034ed26-a917-442f-9dae-7aed33960311', 'status': 400, 'error': {'type': 'document_parsing_exception', 'reason': "[1:17152] failed to parse: The [dense_vector] field [embedding] in doc [document with id '3034ed26-a917-442f-9dae-7aed33960311'] has a different number of dimensions [768] than defined in the mapping [1024]", 'caused_by': {'type': 'illegal_argument_exception', 'reason': "The [dense_vector] field [embedding] in doc [document with id '3034ed26-a917-442f-9dae-7aed33960311'] has a different number of dimensions [768] than defined in the mapping [1024]"}}}}
2025-11-05 20:58:24,536 - WARNING - Failed item: {'index': {'_index': 'periodic-table-hybrid-search', '_id': '2372caac-f280-4f98-9c8a-185985d855f3', 'status': 400, 'error': {'type': 'document_parsing_exception', 'reason': "[1:17264] failed to parse: The [dense_vector] field [embedding] in doc [document with id '2372caac-f280-4f98-9c8a-185985d855f3'] has a different number of dimensions [768] than defined in the mapping [1024]", 'caused_by': {'type': 'illegal_argument_exception', 'reason': "The [dense_vector] field [embedding] in doc [document with id '2372caac-f280-4f98-9c8a-185985d855f3'] has a different number of dimensions [768] than defined in the mapping [1024]"}}}}
2025-11-05 20:58:24,536 - WARNING - Failed item: {'index': {'_index': 'periodic-table-hybrid-search', '_id': 'ed23d3f2-4058-4643-a0c3-c8bd9e58f9a0', 'status': 400, 'error': {'type': 'document_parsing_exception', 'reason': "[1:17279] failed to parse: The [dense_vector] field [embedding] in doc [document with id 'ed23d3f2-4058-4643-a0c3-c8bd9e58f9a0'] has a different number of dimensions [768] than defined in the mapping [1024]", 'caused_by': {'type': 'illegal_argument_exception', 'reason': "The [dense_vector] field [embedding] in doc [document with id 'ed23d3f2-4058-4643-a0c3-c8bd9e58f9a0'] has a different number of dimensions [768] than defined in the mapping [1024]"}}}}
2025-11-05 20:58:24,536 - WARNING - Failed item: {'index': {'_index': 'periodic-table-hybrid-search', '_id': '2c38d9ee-ed60-4f72-8a3d-e3f183358510', 'status': 400, 'error': {'type': 'document_parsing_exception', 'reason': "[1:17332] failed to parse: The [dense_vector] field [embedding] in doc [document with id '2c38d9ee-ed60-4f72-8a3d-e3f183358510'] has a different number of dimensions [768] than defined in the mapping [1024]", 'caused_by': {'type': 'illegal_argument_exception', 'reason': "The [dense_vector] field [embedding] in doc [document with id '2c38d9ee-ed60-4f72-8a3d-e3f183358510'] has a different number of dimensions [768] than defined in the mapping [1024]"}}}}
2025-11-05 20:58:24,536 - WARNING - Failed item: {'index': {'_index': 'periodic-table-hybrid-search', '_id': 'dfef914f-560d-4bcd-88a4-80f3c7a7daca', 'status': 400, 'error': {'type': 'document_parsing_exception', 'reason': "[1:16788] failed to parse: The [dense_vector] field [embedding] in doc [document with id 'dfef914f-560d-4bcd-88a4-80f3c7a7daca'] has a different number of dimensions [768] than defined in the mapping [1024]", 'caused_by': {'type': 'illegal_argument_exception', 'reason': "The [dense_vector] field [embedding] in doc [document with id 'dfef914f-560d-4bcd-88a4-80f3c7a7daca'] has a different number of dimensions [768] than defined in the mapping [1024]"}}}}
2025-11-05 20:58:24,537 - WARNING - Failed item: {'index': {'_index': 'periodic-table-hybrid-search', '_id': 'd0b86469-bd96-41ae-9e1a-8042af18d0db', 'status': 400, 'error': {'type': 'document_parsing_exception', 'reason': "[1:19528] failed to parse: The [dense_vector] field [embedding] in doc [document with id 'd0b86469-bd96-41ae-9e1a-8042af18d0db'] has a different number of dimensions [768] than defined in the mapping [1024]", 'caused_by': {'type': 'illegal_argument_exception', 'reason': "The [dense_vector] field [embedding] in doc [document with id 'd0b86469-bd96-41ae-9e1a-8042af18d0db'] has a different number of dimensions [768] than defined in the mapping [1024]"}}}}
2025-11-05 20:58:24,537 - WARNING - Failed item: {'index': {'_index': 'periodic-table-hybrid-search', '_id': '82400f82-801c-44cb-914b-117c3465461a', 'status': 400, 'error': {'type': 'document_parsing_exception', 'reason': "[1:17293] failed to parse: The [dense_vector] field [embedding] in doc [document with id '82400f82-801c-44cb-914b-117c3465461a'] has a different number of dimensions [768] than defined in the mapping [1024]", 'caused_by': {'type': 'illegal_argument_exception', 'reason': "The [dense_vector] field [embedding] in doc [document with id '82400f82-801c-44cb-914b-117c3465461a'] has a different number of dimensions [768] than defined in the mapping [1024]"}}}}
2025-11-05 20:58:24,537 - WARNING - Failed item: {'index': {'_index': 'periodic-table-hybrid-search', '_id': 'd2f41bde-497a-4707-83fc-385e59c3bdaf', 'status': 400, 'error': {'type': 'document_parsing_exception', 'reason': "[1:17259] failed to parse: The [dense_vector] field [embedding] in doc [document with id 'd2f41bde-497a-4707-83fc-385e59c3bdaf'] has a different number of dimensions [768] than defined in the mapping [1024]", 'caused_by': {'type': 'illegal_argument_exception', 'reason': "The [dense_vector] field [embedding] in doc [document with id 'd2f41bde-497a-4707-83fc-385e59c3bdaf'] has a different number of dimensions [768] than defined in the mapping [1024]"}}}}
2025-11-05 20:58:24,537 - WARNING - Failed item: {'index': {'_index': 'periodic-table-hybrid-search', '_id': '4ad229b5-9f51-424d-88dc-b7096d892b1d', 'status': 400, 'error': {'type': 'document_parsing_exception', 'reason': "[1:17231] failed to parse: The [dense_vector] field [embedding] in doc [document with id '4ad229b5-9f51-424d-88dc-b7096d892b1d'] has a different number of dimensions [768] than defined in the mapping [1024]", 'caused_by': {'type': 'illegal_argument_exception', 'reason': "The [dense_vector] field [embedding] in doc [document with id '4ad229b5-9f51-424d-88dc-b7096d892b1d'] has a different number of dimensions [768] than defined in the mapping [1024]"}}}}
2025-11-05 20:58:24,537 - WARNING - Failed item: {'index': {'_index': 'periodic-table-hybrid-search', '_id': 'd433968f-d9fa-45e8-97cd-30538128ae0e', 'status': 400, 'error': {'type': 'document_parsing_exception', 'reason': "[1:17227] failed to parse: The [dense_vector] field [embedding] in doc [document with id 'd433968f-d9fa-45e8-97cd-30538128ae0e'] has a different number of dimensions [768] than defined in the mapping [1024]", 'caused_by': {'type': 'illegal_argument_exception', 'reason': "The [dense_vector] field [embedding] in doc [document with id 'd433968f-d9fa-45e8-97cd-30538128ae0e'] has a different number of dimensions [768] than defined in the mapping [1024]"}}}}
2025-11-05 20:58:24,537 - WARNING - Failed item: {'index': {'_index': 'periodic-table-hybrid-search', '_id': '99bd7814-49b5-4176-a741-83ae5e34a286', 'status': 400, 'error': {'type': 'document_parsing_exception', 'reason': "[1:16736] failed to parse: The [dense_vector] field [embedding] in doc [document with id '99bd7814-49b5-4176-a741-83ae5e34a286'] has a different number of dimensions [768] than defined in the mapping [1024]", 'caused_by': {'type': 'illegal_argument_exception', 'reason': "The [dense_vector] field [embedding] in doc [document with id '99bd7814-49b5-4176-a741-83ae5e34a286'] has a different number of dimensions [768] than defined in the mapping [1024]"}}}}
2025-11-05 20:58:24,537 - WARNING - Failed item: {'index': {'_index': 'periodic-table-hybrid-search', '_id': '73155db3-2933-435b-91d7-8e8cfd0b24b4', 'status': 400, 'error': {'type': 'document_parsing_exception', 'reason': "[1:19276] failed to parse: The [dense_vector] field [embedding] in doc [document with id '73155db3-2933-435b-91d7-8e8cfd0b24b4'] has a different number of dimensions [768] than defined in the mapping [1024]", 'caused_by': {'type': 'illegal_argument_exception', 'reason': "The [dense_vector] field [embedding] in doc [document with id '73155db3-2933-435b-91d7-8e8cfd0b24b4'] has a different number of dimensions [768] than defined in the mapping [1024]"}}}}
2025-11-05 20:58:24,537 - WARNING - Failed item: {'index': {'_index': 'periodic-table-hybrid-search', '_id': '6c54cd53-cec4-4474-8279-606fa9325789', 'status': 400, 'error': {'type': 'document_parsing_exception', 'reason': "[1:17175] failed to parse: The [dense_vector] field [embedding] in doc [document with id '6c54cd53-cec4-4474-8279-606fa9325789'] has a different number of dimensions [768] than defined in the mapping [1024]", 'caused_by': {'type': 'illegal_argument_exception', 'reason': "The [dense_vector] field [embedding] in doc [document with id '6c54cd53-cec4-4474-8279-606fa9325789'] has a different number of dimensions [768] than defined in the mapping [1024]"}}}}
2025-11-05 20:58:24,537 - WARNING - Failed item: {'index': {'_index': 'periodic-table-hybrid-search', '_id': '7e249e89-7ffb-4595-b79c-566e583baab9', 'status': 400, 'error': {'type': 'document_parsing_exception', 'reason': "[1:17190] failed to parse: The [dense_vector] field [embedding] in doc [document with id '7e249e89-7ffb-4595-b79c-566e583baab9'] has a different number of dimensions [768] than defined in the mapping [1024]", 'caused_by': {'type': 'illegal_argument_exception', 'reason': "The [dense_vector] field [embedding] in doc [document with id '7e249e89-7ffb-4595-b79c-566e583baab9'] has a different number of dimensions [768] than defined in the mapping [1024]"}}}}
2025-11-05 20:58:24,537 - WARNING - Failed item: {'index': {'_index': 'periodic-table-hybrid-search', '_id': '946d8c76-39ea-4a60-a74e-c2efb5e6e8fa', 'status': 400, 'error': {'type': 'document_parsing_exception', 'reason': "[1:17184] failed to parse: The [dense_vector] field [embedding] in doc [document with id '946d8c76-39ea-4a60-a74e-c2efb5e6e8fa'] has a different number of dimensions [768] than defined in the mapping [1024]", 'caused_by': {'type': 'illegal_argument_exception', 'reason': "The [dense_vector] field [embedding] in doc [document with id '946d8c76-39ea-4a60-a74e-c2efb5e6e8fa'] has a different number of dimensions [768] than defined in the mapping [1024]"}}}}
2025-11-05 20:58:24,537 - WARNING - Failed item: {'index': {'_index': 'periodic-table-hybrid-search', '_id': '88d76cdd-b8bc-49e9-a890-9fb7d87edfd5', 'status': 400, 'error': {'type': 'document_parsing_exception', 'reason': "[1:17220] failed to parse: The [dense_vector] field [embedding] in doc [document with id '88d76cdd-b8bc-49e9-a890-9fb7d87edfd5'] has a different number of dimensions [768] than defined in the mapping [1024]", 'caused_by': {'type': 'illegal_argument_exception', 'reason': "The [dense_vector] field [embedding] in doc [document with id '88d76cdd-b8bc-49e9-a890-9fb7d87edfd5'] has a different number of dimensions [768] than defined in the mapping [1024]"}}}}
2025-11-05 20:58:24,537 - WARNING - Failed item: {'index': {'_index': 'periodic-table-hybrid-search', '_id': '685a15b8-32c9-4963-b3fc-6e7597529793', 'status': 400, 'error': {'type': 'document_parsing_exception', 'reason': "[1:16741] failed to parse: The [dense_vector] field [embedding] in doc [document with id '685a15b8-32c9-4963-b3fc-6e7597529793'] has a different number of dimensions [768] than defined in the mapping [1024]", 'caused_by': {'type': 'illegal_argument_exception', 'reason': "The [dense_vector] field [embedding] in doc [document with id '685a15b8-32c9-4963-b3fc-6e7597529793'] has a different number of dimensions [768] than defined in the mapping [1024]"}}}}
2025-11-05 20:58:27,763 - WARNING - Failed item: {'index': {'_index': 'periodic-table-hybrid-search', '_id': '9a0b71d2-592e-4018-9ec6-7dbfba9d2054', 'status': 400, 'error': {'type': 'document_parsing_exception', 'reason': "[1:19411] failed to parse: The [dense_vector] field [embedding] in doc [document with id '9a0b71d2-592e-4018-9ec6-7dbfba9d2054'] has a different number of dimensions [768] than defined in the mapping [1024]", 'caused_by': {'type': 'illegal_argument_exception', 'reason': "The [dense_vector] field [embedding] in doc [document with id '9a0b71d2-592e-4018-9ec6-7dbfba9d2054'] has a different number of dimensions [768] than defined in the mapping [1024]"}}}}
2025-11-05 20:58:27,763 - WARNING - Failed item: {'index': {'_index': 'periodic-table-hybrid-search', '_id': '73cdebab-82bc-4d18-9f1f-4740fd297055', 'status': 400, 'error': {'type': 'document_parsing_exception', 'reason': "[1:17163] failed to parse: The [dense_vector] field [embedding] in doc [document with id '73cdebab-82bc-4d18-9f1f-4740fd297055'] has a different number of dimensions [768] than defined in the mapping [1024]", 'caused_by': {'type': 'illegal_argument_exception', 'reason': "The [dense_vector] field [embedding] in doc [document with id '73cdebab-82bc-4d18-9f1f-4740fd297055'] has a different number of dimensions [768] than defined in the mapping [1024]"}}}}
2025-11-05 20:58:27,763 - WARNING - Failed item: {'index': {'_index': 'periodic-table-hybrid-search', '_id': 'de0bee79-f57c-49bf-96b5-a66785df8e0b', 'status': 400, 'error': {'type': 'document_parsing_exception', 'reason': "[1:17160] failed to parse: The [dense_vector] field [embedding] in doc [document with id 'de0bee79-f57c-49bf-96b5-a66785df8e0b'] has a different number of dimensions [768] than defined in the mapping [1024]", 'caused_by': {'type': 'illegal_argument_exception', 'reason': "The [dense_vector] field [embedding] in doc [document with id 'de0bee79-f57c-49bf-96b5-a66785df8e0b'] has a different number of dimensions [768] than defined in the mapping [1024]"}}}}
2025-11-05 20:58:27,763 - WARNING - Failed item: {'index': {'_index': 'periodic-table-hybrid-search', '_id': '2bdb3953-76af-4b08-b9eb-ab5dd8d1bfc4', 'status': 400, 'error': {'type': 'document_parsing_exception', 'reason': "[1:17249] failed to parse: The [dense_vector] field [embedding] in doc [document with id '2bdb3953-76af-4b08-b9eb-ab5dd8d1bfc4'] has a different number of dimensions [768] than defined in the mapping [1024]", 'caused_by': {'type': 'illegal_argument_exception', 'reason': "The [dense_vector] field [embedding] in doc [document with id '2bdb3953-76af-4b08-b9eb-ab5dd8d1bfc4'] has a different number of dimensions [768] than defined in the mapping [1024]"}}}}
2025-11-05 20:58:27,763 - WARNING - Failed item: {'index': {'_index': 'periodic-table-hybrid-search', '_id': 'bb513921-ed08-491f-aafa-c089a249773d', 'status': 400, 'error': {'type': 'document_parsing_exception', 'reason': "[1:17263] failed to parse: The [dense_vector] field [embedding] in doc [document with id 'bb513921-ed08-491f-aafa-c089a249773d'] has a different number of dimensions [768] than defined in the mapping [1024]", 'caused_by': {'type': 'illegal_argument_exception', 'reason': "The [dense_vector] field [embedding] in doc [document with id 'bb513921-ed08-491f-aafa-c089a249773d'] has a different number of dimensions [768] than defined in the mapping [1024]"}}}}
2025-11-05 20:58:27,763 - WARNING - Failed item: {'index': {'_index': 'periodic-table-hybrid-search', '_id': 'e21e5fff-d556-4108-ac18-ad1502a3aa6c', 'status': 400, 'error': {'type': 'document_parsing_exception', 'reason': "[1:16808] failed to parse: The [dense_vector] field [embedding] in doc [document with id 'e21e5fff-d556-4108-ac18-ad1502a3aa6c'] has a different number of dimensions [768] than defined in the mapping [1024]", 'caused_by': {'type': 'illegal_argument_exception', 'reason': "The [dense_vector] field [embedding] in doc [document with id 'e21e5fff-d556-4108-ac18-ad1502a3aa6c'] has a different number of dimensions [768] than defined in the mapping [1024]"}}}}
2025-11-05 20:58:27,763 - WARNING - Failed item: {'index': {'_index': 'periodic-table-hybrid-search', '_id': '6646215f-ce68-45e7-a74e-608ebc149d18', 'status': 400, 'error': {'type': 'document_parsing_exception', 'reason': "[1:17481] failed to parse: The [dense_vector] field [embedding] in doc [document with id '6646215f-ce68-45e7-a74e-608ebc149d18'] has a different number of dimensions [768] than defined in the mapping [1024]", 'caused_by': {'type': 'illegal_argument_exception', 'reason': "The [dense_vector] field [embedding] in doc [document with id '6646215f-ce68-45e7-a74e-608ebc149d18'] has a different number of dimensions [768] than defined in the mapping [1024]"}}}}
2025-11-05 20:58:27,763 - WARNING - Failed item: {'index': {'_index': 'periodic-table-hybrid-search', '_id': '7de8359c-02a8-429b-be0e-3995a4e63f2d', 'status': 400, 'error': {'type': 'document_parsing_exception', 'reason': "[1:17242] failed to parse: The [dense_vector] field [embedding] in doc [document with id '7de8359c-02a8-429b-be0e-3995a4e63f2d'] has a different number of dimensions [768] than defined in the mapping [1024]", 'caused_by': {'type': 'illegal_argument_exception', 'reason': "The [dense_vector] field [embedding] in doc [document with id '7de8359c-02a8-429b-be0e-3995a4e63f2d'] has a different number of dimensions [768] than defined in the mapping [1024]"}}}}
2025-11-05 20:58:27,763 - WARNING - Failed item: {'index': {'_index': 'periodic-table-hybrid-search', '_id': '32e3620c-b405-43d6-8eea-5960081a3641', 'status': 400, 'error': {'type': 'document_parsing_exception', 'reason': "[1:16740] failed to parse: The [dense_vector] field [embedding] in doc [document with id '32e3620c-b405-43d6-8eea-5960081a3641'] has a different number of dimensions [768] than defined in the mapping [1024]", 'caused_by': {'type': 'illegal_argument_exception', 'reason': "The [dense_vector] field [embedding] in doc [document with id '32e3620c-b405-43d6-8eea-5960081a3641'] has a different number of dimensions [768] than defined in the mapping [1024]"}}}}
2025-11-05 20:58:27,763 - WARNING - Failed item: {'index': {'_index': 'periodic-table-hybrid-search', '_id': '85502372-f47e-4057-9353-7fffad46231b', 'status': 400, 'error': {'type': 'document_parsing_exception', 'reason': "[1:17653] failed to parse: The [dense_vector] field [embedding] in doc [document with id '85502372-f47e-4057-9353-7fffad46231b'] has a different number of dimensions [768] than defined in the mapping [1024]", 'caused_by': {'type': 'illegal_argument_exception', 'reason': "The [dense_vector] field [embedding] in doc [document with id '85502372-f47e-4057-9353-7fffad46231b'] has a different number of dimensions [768] than defined in the mapping [1024]"}}}}
2025-11-05 20:58:27,763 - WARNING - Failed item: {'index': {'_index': 'periodic-table-hybrid-search', '_id': '7de780d9-277a-4695-b751-a0a36036148c', 'status': 400, 'error': {'type': 'document_parsing_exception', 'reason': "[1:17688] failed to parse: The [dense_vector] field [embedding] in doc [document with id '7de780d9-277a-4695-b751-a0a36036148c'] has a different number of dimensions [768] than defined in the mapping [1024]", 'caused_by': {'type': 'illegal_argument_exception', 'reason': "The [dense_vector] field [embedding] in doc [document with id '7de780d9-277a-4695-b751-a0a36036148c'] has a different number of dimensions [768] than defined in the mapping [1024]"}}}}
2025-11-05 20:58:27,763 - WARNING - Failed item: {'index': {'_index': 'periodic-table-hybrid-search', '_id': '03a9ec64-0a8e-46cd-bdbc-b646eec1cd85', 'status': 400, 'error': {'type': 'document_parsing_exception', 'reason': "[1:17242] failed to parse: The [dense_vector] field [embedding] in doc [document with id '03a9ec64-0a8e-46cd-bdbc-b646eec1cd85'] has a different number of dimensions [768] than defined in the mapping [1024]", 'caused_by': {'type': 'illegal_argument_exception', 'reason': "The [dense_vector] field [embedding] in doc [document with id '03a9ec64-0a8e-46cd-bdbc-b646eec1cd85'] has a different number of dimensions [768] than defined in the mapping [1024]"}}}}
2025-11-05 20:58:27,763 - WARNING - Failed item: {'index': {'_index': 'periodic-table-hybrid-search', '_id': '0bb00fa8-265e-4deb-8f68-54b54d61311b', 'status': 400, 'error': {'type': 'document_parsing_exception', 'reason': "[1:16922] failed to parse: The [dense_vector] field [embedding] in doc [document with id '0bb00fa8-265e-4deb-8f68-54b54d61311b'] has a different number of dimensions [768] than defined in the mapping [1024]", 'caused_by': {'type': 'illegal_argument_exception', 'reason': "The [dense_vector] field [embedding] in doc [document with id '0bb00fa8-265e-4deb-8f68-54b54d61311b'] has a different number of dimensions [768] than defined in the mapping [1024]"}}}}
2025-11-05 20:58:27,763 - WARNING - Failed item: {'index': {'_index': 'periodic-table-hybrid-search', '_id': '6170ae3e-0db3-4aff-b3ca-ef6d18e2f0c9', 'status': 400, 'error': {'type': 'document_parsing_exception', 'reason': "[1:16581] failed to parse: The [dense_vector] field [embedding] in doc [document with id '6170ae3e-0db3-4aff-b3ca-ef6d18e2f0c9'] has a different number of dimensions [768] than defined in the mapping [1024]", 'caused_by': {'type': 'illegal_argument_exception', 'reason': "The [dense_vector] field [embedding] in doc [document with id '6170ae3e-0db3-4aff-b3ca-ef6d18e2f0c9'] has a different number of dimensions [768] than defined in the mapping [1024]"}}}}
2025-11-05 20:58:27,763 - WARNING - Failed item: {'index': {'_index': 'periodic-table-hybrid-search', '_id': 'fe3770de-a4c8-450f-9baa-c062e5d2edb4', 'status': 400, 'error': {'type': 'document_parsing_exception', 'reason': "[1:17239] failed to parse: The [dense_vector] field [embedding] in doc [document with id 'fe3770de-a4c8-450f-9baa-c062e5d2edb4'] has a different number of dimensions [768] than defined in the mapping [1024]", 'caused_by': {'type': 'illegal_argument_exception', 'reason': "The [dense_vector] field [embedding] in doc [document with id 'fe3770de-a4c8-450f-9baa-c062e5d2edb4'] has a different number of dimensions [768] than defined in the mapping [1024]"}}}}
2025-11-05 20:58:27,763 - WARNING - Failed item: {'index': {'_index': 'periodic-table-hybrid-search', '_id': '9be94d08-c8e0-419e-af07-92202022405a', 'status': 400, 'error': {'type': 'document_parsing_exception', 'reason': "[1:17274] failed to parse: The [dense_vector] field [embedding] in doc [document with id '9be94d08-c8e0-419e-af07-92202022405a'] has a different number of dimensions [768] than defined in the mapping [1024]", 'caused_by': {'type': 'illegal_argument_exception', 'reason': "The [dense_vector] field [embedding] in doc [document with id '9be94d08-c8e0-419e-af07-92202022405a'] has a different number of dimensions [768] than defined in the mapping [1024]"}}}}
2025-11-05 20:58:27,763 - WARNING - Failed item: {'index': {'_index': 'periodic-table-hybrid-search', '_id': '532b69be-9131-442f-a50e-c0fcc24e12c3', 'status': 400, 'error': {'type': 'document_parsing_exception', 'reason': "[1:17061] failed to parse: The [dense_vector] field [embedding] in doc [document with id '532b69be-9131-442f-a50e-c0fcc24e12c3'] has a different number of dimensions [768] than defined in the mapping [1024]", 'caused_by': {'type': 'illegal_argument_exception', 'reason': "The [dense_vector] field [embedding] in doc [document with id '532b69be-9131-442f-a50e-c0fcc24e12c3'] has a different number of dimensions [768] than defined in the mapping [1024]"}}}}
2025-11-05 20:58:27,763 - WARNING - Failed item: {'index': {'_index': 'periodic-table-hybrid-search', '_id': 'dfd47522-2f54-4b15-9f9f-8b8ec67775d3', 'status': 400, 'error': {'type': 'document_parsing_exception', 'reason': "[1:16730] failed to parse: The [dense_vector] field [embedding] in doc [document with id 'dfd47522-2f54-4b15-9f9f-8b8ec67775d3'] has a different number of dimensions [768] than defined in the mapping [1024]", 'caused_by': {'type': 'illegal_argument_exception', 'reason': "The [dense_vector] field [embedding] in doc [document with id 'dfd47522-2f54-4b15-9f9f-8b8ec67775d3'] has a different number of dimensions [768] than defined in the mapping [1024]"}}}}
2025-11-05 20:58:27,763 - WARNING - Failed item: {'index': {'_index': 'periodic-table-hybrid-search', '_id': 'acebd26e-e2b9-4340-ab63-9d5ed4e3d45e', 'status': 400, 'error': {'type': 'document_parsing_exception', 'reason': "[1:27714] failed to parse: The [dense_vector] field [embedding] in doc [document with id 'acebd26e-e2b9-4340-ab63-9d5ed4e3d45e'] has a different number of dimensions [768] than defined in the mapping [1024]", 'caused_by': {'type': 'illegal_argument_exception', 'reason': "The [dense_vector] field [embedding] in doc [document with id 'acebd26e-e2b9-4340-ab63-9d5ed4e3d45e'] has a different number of dimensions [768] than defined in the mapping [1024]"}}}}
2025-11-05 20:58:27,763 - WARNING - Failed item: {'index': {'_index': 'periodic-table-hybrid-search', '_id': '0ffee4de-383d-48b7-b21a-99520f535ea2', 'status': 400, 'error': {'type': 'document_parsing_exception', 'reason': "[1:19471] failed to parse: The [dense_vector] field [embedding] in doc [document with id '0ffee4de-383d-48b7-b21a-99520f535ea2'] has a different number of dimensions [768] than defined in the mapping [1024]", 'caused_by': {'type': 'illegal_argument_exception', 'reason': "The [dense_vector] field [embedding] in doc [document with id '0ffee4de-383d-48b7-b21a-99520f535ea2'] has a different number of dimensions [768] than defined in the mapping [1024]"}}}}
2025-11-05 20:58:27,763 - WARNING - Failed item: {'index': {'_index': 'periodic-table-hybrid-search', '_id': '95de579b-d7dc-4c57-aa99-4f0c9cc6c822', 'status': 400, 'error': {'type': 'document_parsing_exception', 'reason': "[1:17176] failed to parse: The [dense_vector] field [embedding] in doc [document with id '95de579b-d7dc-4c57-aa99-4f0c9cc6c822'] has a different number of dimensions [768] than defined in the mapping [1024]", 'caused_by': {'type': 'illegal_argument_exception', 'reason': "The [dense_vector] field [embedding] in doc [document with id '95de579b-d7dc-4c57-aa99-4f0c9cc6c822'] has a different number of dimensions [768] than defined in the mapping [1024]"}}}}
2025-11-05 20:58:27,763 - WARNING - Failed item: {'index': {'_index': 'periodic-table-hybrid-search', '_id': 'e8beccda-ac10-4acb-a367-0ee9587193f7', 'status': 400, 'error': {'type': 'document_parsing_exception', 'reason': "[1:17172] failed to parse: The [dense_vector] field [embedding] in doc [document with id 'e8beccda-ac10-4acb-a367-0ee9587193f7'] has a different number of dimensions [768] than defined in the mapping [1024]", 'caused_by': {'type': 'illegal_argument_exception', 'reason': "The [dense_vector] field [embedding] in doc [document with id 'e8beccda-ac10-4acb-a367-0ee9587193f7'] has a different number of dimensions [768] than defined in the mapping [1024]"}}}}
2025-11-05 20:58:27,763 - WARNING - Failed item: {'index': {'_index': 'periodic-table-hybrid-search', '_id': '5bee5ca0-c01c-45ad-9f49-daba3c7dc8b3', 'status': 400, 'error': {'type': 'document_parsing_exception', 'reason': "[1:17229] failed to parse: The [dense_vector] field [embedding] in doc [document with id '5bee5ca0-c01c-45ad-9f49-daba3c7dc8b3'] has a different number of dimensions [768] than defined in the mapping [1024]", 'caused_by': {'type': 'illegal_argument_exception', 'reason': "The [dense_vector] field [embedding] in doc [document with id '5bee5ca0-c01c-45ad-9f49-daba3c7dc8b3'] has a different number of dimensions [768] than defined in the mapping [1024]"}}}}
2025-11-05 20:58:27,763 - WARNING - Failed item: {'index': {'_index': 'periodic-table-hybrid-search', '_id': 'fd883e48-c595-4cc7-90e1-2feda81f0b2a', 'status': 400, 'error': {'type': 'document_parsing_exception', 'reason': "[1:17196] failed to parse: The [dense_vector] field [embedding] in doc [document with id 'fd883e48-c595-4cc7-90e1-2feda81f0b2a'] has a different number of dimensions [768] than defined in the mapping [1024]", 'caused_by': {'type': 'illegal_argument_exception', 'reason': "The [dense_vector] field [embedding] in doc [document with id 'fd883e48-c595-4cc7-90e1-2feda81f0b2a'] has a different number of dimensions [768] than defined in the mapping [1024]"}}}}
2025-11-05 20:58:27,763 - WARNING - Failed item: {'index': {'_index': 'periodic-table-hybrid-search', '_id': '9e13b0f3-21d3-441e-87e1-482d7b95fed0', 'status': 400, 'error': {'type': 'document_parsing_exception', 'reason': "[1:16777] failed to parse: The [dense_vector] field [embedding] in doc [document with id '9e13b0f3-21d3-441e-87e1-482d7b95fed0'] has a different number of dimensions [768] than defined in the mapping [1024]", 'caused_by': {'type': 'illegal_argument_exception', 'reason': "The [dense_vector] field [embedding] in doc [document with id '9e13b0f3-21d3-441e-87e1-482d7b95fed0'] has a different number of dimensions [768] than defined in the mapping [1024]"}}}}
2025-11-05 20:58:27,763 - WARNING - Failed item: {'index': {'_index': 'periodic-table-hybrid-search', '_id': 'c67afe91-c946-4418-a67c-72560ff366de', 'status': 400, 'error': {'type': 'document_parsing_exception', 'reason': "[1:19243] failed to parse: The [dense_vector] field [embedding] in doc [document with id 'c67afe91-c946-4418-a67c-72560ff366de'] has a different number of dimensions [768] than defined in the mapping [1024]", 'caused_by': {'type': 'illegal_argument_exception', 'reason': "The [dense_vector] field [embedding] in doc [document with id 'c67afe91-c946-4418-a67c-72560ff366de'] has a different number of dimensions [768] than defined in the mapping [1024]"}}}}
2025-11-05 20:58:27,764 - WARNING - Failed item: {'index': {'_index': 'periodic-table-hybrid-search', '_id': '7c3c4b97-e802-4952-8e87-2b312ce4bd7b', 'status': 400, 'error': {'type': 'document_parsing_exception', 'reason': "[1:17148] failed to parse: The [dense_vector] field [embedding] in doc [document with id '7c3c4b97-e802-4952-8e87-2b312ce4bd7b'] has a different number of dimensions [768] than defined in the mapping [1024]", 'caused_by': {'type': 'illegal_argument_exception', 'reason': "The [dense_vector] field [embedding] in doc [document with id '7c3c4b97-e802-4952-8e87-2b312ce4bd7b'] has a different number of dimensions [768] than defined in the mapping [1024]"}}}}
2025-11-05 20:58:27,764 - WARNING - Failed item: {'index': {'_index': 'periodic-table-hybrid-search', '_id': '9d020229-db31-43d8-89f3-0e828f6d55c0', 'status': 400, 'error': {'type': 'document_parsing_exception', 'reason': "[1:17132] failed to parse: The [dense_vector] field [embedding] in doc [document with id '9d020229-db31-43d8-89f3-0e828f6d55c0'] has a different number of dimensions [768] than defined in the mapping [1024]", 'caused_by': {'type': 'illegal_argument_exception', 'reason': "The [dense_vector] field [embedding] in doc [document with id '9d020229-db31-43d8-89f3-0e828f6d55c0'] has a different number of dimensions [768] than defined in the mapping [1024]"}}}}
2025-11-05 20:58:27,764 - WARNING - Failed item: {'index': {'_index': 'periodic-table-hybrid-search', '_id': '61f59337-f090-4fe7-ab63-003bb519db50', 'status': 400, 'error': {'type': 'document_parsing_exception', 'reason': "[1:17188] failed to parse: The [dense_vector] field [embedding] in doc [document with id '61f59337-f090-4fe7-ab63-003bb519db50'] has a different number of dimensions [768] than defined in the mapping [1024]", 'caused_by': {'type': 'illegal_argument_exception', 'reason': "The [dense_vector] field [embedding] in doc [document with id '61f59337-f090-4fe7-ab63-003bb519db50'] has a different number of dimensions [768] than defined in the mapping [1024]"}}}}
2025-11-05 20:58:27,764 - WARNING - Failed item: {'index': {'_index': 'periodic-table-hybrid-search', '_id': '5914698e-8470-4ef9-b161-c19db25b0d44', 'status': 400, 'error': {'type': 'document_parsing_exception', 'reason': "[1:17137] failed to parse: The [dense_vector] field [embedding] in doc [document with id '5914698e-8470-4ef9-b161-c19db25b0d44'] has a different number of dimensions [768] than defined in the mapping [1024]", 'caused_by': {'type': 'illegal_argument_exception', 'reason': "The [dense_vector] field [embedding] in doc [document with id '5914698e-8470-4ef9-b161-c19db25b0d44'] has a different number of dimensions [768] than defined in the mapping [1024]"}}}}
2025-11-05 20:58:27,764 - WARNING - Failed item: {'index': {'_index': 'periodic-table-hybrid-search', '_id': 'f34bda0d-4b89-4969-b1c7-0794311c7e73', 'status': 400, 'error': {'type': 'document_parsing_exception', 'reason': "[1:16689] failed to parse: The [dense_vector] field [embedding] in doc [document with id 'f34bda0d-4b89-4969-b1c7-0794311c7e73'] has a different number of dimensions [768] than defined in the mapping [1024]", 'caused_by': {'type': 'illegal_argument_exception', 'reason': "The [dense_vector] field [embedding] in doc [document with id 'f34bda0d-4b89-4969-b1c7-0794311c7e73'] has a different number of dimensions [768] than defined in the mapping [1024]"}}}}
2025-11-05 20:58:27,764 - WARNING - Failed item: {'index': {'_index': 'periodic-table-hybrid-search', '_id': 'dadc5b84-be5d-4160-a931-eb756b4d8974', 'status': 400, 'error': {'type': 'document_parsing_exception', 'reason': "[1:19139] failed to parse: The [dense_vector] field [embedding] in doc [document with id 'dadc5b84-be5d-4160-a931-eb756b4d8974'] has a different number of dimensions [768] than defined in the mapping [1024]", 'caused_by': {'type': 'illegal_argument_exception', 'reason': "The [dense_vector] field [embedding] in doc [document with id 'dadc5b84-be5d-4160-a931-eb756b4d8974'] has a different number of dimensions [768] than defined in the mapping [1024]"}}}}
2025-11-05 20:58:27,764 - WARNING - Failed item: {'index': {'_index': 'periodic-table-hybrid-search', '_id': 'f8653754-7be5-4cda-b4e6-4d3cd5cc6832', 'status': 400, 'error': {'type': 'document_parsing_exception', 'reason': "[1:17116] failed to parse: The [dense_vector] field [embedding] in doc [document with id 'f8653754-7be5-4cda-b4e6-4d3cd5cc6832'] has a different number of dimensions [768] than defined in the mapping [1024]", 'caused_by': {'type': 'illegal_argument_exception', 'reason': "The [dense_vector] field [embedding] in doc [document with id 'f8653754-7be5-4cda-b4e6-4d3cd5cc6832'] has a different number of dimensions [768] than defined in the mapping [1024]"}}}}
2025-11-05 20:58:27,764 - WARNING - Failed item: {'index': {'_index': 'periodic-table-hybrid-search', '_id': '7e1a30b4-c5f9-40a1-a80b-18323605cfd2', 'status': 400, 'error': {'type': 'document_parsing_exception', 'reason': "[1:17060] failed to parse: The [dense_vector] field [embedding] in doc [document with id '7e1a30b4-c5f9-40a1-a80b-18323605cfd2'] has a different number of dimensions [768] than defined in the mapping [1024]", 'caused_by': {'type': 'illegal_argument_exception', 'reason': "The [dense_vector] field [embedding] in doc [document with id '7e1a30b4-c5f9-40a1-a80b-18323605cfd2'] has a different number of dimensions [768] than defined in the mapping [1024]"}}}}
2025-11-05 20:58:27,764 - WARNING - Failed item: {'index': {'_index': 'periodic-table-hybrid-search', '_id': 'b7a7ba8e-a177-48d7-baca-51426d5ad53d', 'status': 400, 'error': {'type': 'document_parsing_exception', 'reason': "[1:17179] failed to parse: The [dense_vector] field [embedding] in doc [document with id 'b7a7ba8e-a177-48d7-baca-51426d5ad53d'] has a different number of dimensions [768] than defined in the mapping [1024]", 'caused_by': {'type': 'illegal_argument_exception', 'reason': "The [dense_vector] field [embedding] in doc [document with id 'b7a7ba8e-a177-48d7-baca-51426d5ad53d'] has a different number of dimensions [768] than defined in the mapping [1024]"}}}}
2025-11-05 20:58:27,764 - WARNING - Failed item: {'index': {'_index': 'periodic-table-hybrid-search', '_id': '788a9100-9604-4c4e-ac3f-4df89c5eb4b4', 'status': 400, 'error': {'type': 'document_parsing_exception', 'reason': "[1:17160] failed to parse: The [dense_vector] field [embedding] in doc [document with id '788a9100-9604-4c4e-ac3f-4df89c5eb4b4'] has a different number of dimensions [768] than defined in the mapping [1024]", 'caused_by': {'type': 'illegal_argument_exception', 'reason': "The [dense_vector] field [embedding] in doc [document with id '788a9100-9604-4c4e-ac3f-4df89c5eb4b4'] has a different number of dimensions [768] than defined in the mapping [1024]"}}}}
2025-11-05 20:58:27,764 - WARNING - Failed item: {'index': {'_index': 'periodic-table-hybrid-search', '_id': '38c5de2e-c4b4-48b0-a0e9-8b46fc061ad5', 'status': 400, 'error': {'type': 'document_parsing_exception', 'reason': "[1:16707] failed to parse: The [dense_vector] field [embedding] in doc [document with id '38c5de2e-c4b4-48b0-a0e9-8b46fc061ad5'] has a different number of dimensions [768] than defined in the mapping [1024]", 'caused_by': {'type': 'illegal_argument_exception', 'reason': "The [dense_vector] field [embedding] in doc [document with id '38c5de2e-c4b4-48b0-a0e9-8b46fc061ad5'] has a different number of dimensions [768] than defined in the mapping [1024]"}}}}
2025-11-05 20:58:27,764 - WARNING - Failed item: {'index': {'_index': 'periodic-table-hybrid-search', '_id': '7d8dc83b-6b0d-4f26-b5dd-8089378d1d2c', 'status': 400, 'error': {'type': 'document_parsing_exception', 'reason': "[1:19298] failed to parse: The [dense_vector] field [embedding] in doc [document with id '7d8dc83b-6b0d-4f26-b5dd-8089378d1d2c'] has a different number of dimensions [768] than defined in the mapping [1024]", 'caused_by': {'type': 'illegal_argument_exception', 'reason': "The [dense_vector] field [embedding] in doc [document with id '7d8dc83b-6b0d-4f26-b5dd-8089378d1d2c'] has a different number of dimensions [768] than defined in the mapping [1024]"}}}}
2025-11-05 20:58:27,764 - WARNING - Failed item: {'index': {'_index': 'periodic-table-hybrid-search', '_id': '1e44f4fc-c840-4c7d-a607-651420f19518', 'status': 400, 'error': {'type': 'document_parsing_exception', 'reason': "[1:17179] failed to parse: The [dense_vector] field [embedding] in doc [document with id '1e44f4fc-c840-4c7d-a607-651420f19518'] has a different number of dimensions [768] than defined in the mapping [1024]", 'caused_by': {'type': 'illegal_argument_exception', 'reason': "The [dense_vector] field [embedding] in doc [document with id '1e44f4fc-c840-4c7d-a607-651420f19518'] has a different number of dimensions [768] than defined in the mapping [1024]"}}}}
2025-11-05 20:58:27,764 - WARNING - Failed item: {'index': {'_index': 'periodic-table-hybrid-search', '_id': 'ad329f1d-6826-45bd-8461-8261949a658e', 'status': 400, 'error': {'type': 'document_parsing_exception', 'reason': "[1:17171] failed to parse: The [dense_vector] field [embedding] in doc [document with id 'ad329f1d-6826-45bd-8461-8261949a658e'] has a different number of dimensions [768] than defined in the mapping [1024]", 'caused_by': {'type': 'illegal_argument_exception', 'reason': "The [dense_vector] field [embedding] in doc [document with id 'ad329f1d-6826-45bd-8461-8261949a658e'] has a different number of dimensions [768] than defined in the mapping [1024]"}}}}
2025-11-05 20:58:27,764 - WARNING - Failed item: {'index': {'_index': 'periodic-table-hybrid-search', '_id': '086c076a-1a1b-4ffd-81c0-1cc13ae66918', 'status': 400, 'error': {'type': 'document_parsing_exception', 'reason': "[1:17195] failed to parse: The [dense_vector] field [embedding] in doc [document with id '086c076a-1a1b-4ffd-81c0-1cc13ae66918'] has a different number of dimensions [768] than defined in the mapping [1024]", 'caused_by': {'type': 'illegal_argument_exception', 'reason': "The [dense_vector] field [embedding] in doc [document with id '086c076a-1a1b-4ffd-81c0-1cc13ae66918'] has a different number of dimensions [768] than defined in the mapping [1024]"}}}}
2025-11-05 20:58:27,764 - WARNING - Failed item: {'index': {'_index': 'periodic-table-hybrid-search', '_id': '19ce5711-657c-4e39-9a67-2c73c1d37e9f', 'status': 400, 'error': {'type': 'document_parsing_exception', 'reason': "[1:17160] failed to parse: The [dense_vector] field [embedding] in doc [document with id '19ce5711-657c-4e39-9a67-2c73c1d37e9f'] has a different number of dimensions [768] than defined in the mapping [1024]", 'caused_by': {'type': 'illegal_argument_exception', 'reason': "The [dense_vector] field [embedding] in doc [document with id '19ce5711-657c-4e39-9a67-2c73c1d37e9f'] has a different number of dimensions [768] than defined in the mapping [1024]"}}}}
2025-11-05 20:58:27,764 - WARNING - Failed item: {'index': {'_index': 'periodic-table-hybrid-search', '_id': 'f5499367-72be-46b4-b52a-6356ff8d0460', 'status': 400, 'error': {'type': 'document_parsing_exception', 'reason': "[1:16735] failed to parse: The [dense_vector] field [embedding] in doc [document with id 'f5499367-72be-46b4-b52a-6356ff8d0460'] has a different number of dimensions [768] than defined in the mapping [1024]", 'caused_by': {'type': 'illegal_argument_exception', 'reason': "The [dense_vector] field [embedding] in doc [document with id 'f5499367-72be-46b4-b52a-6356ff8d0460'] has a different number of dimensions [768] than defined in the mapping [1024]"}}}}
2025-11-05 20:58:27,764 - WARNING - Failed item: {'index': {'_index': 'periodic-table-hybrid-search', '_id': '4f0ca78e-c78b-4262-bd2c-566f1a46cc25', 'status': 400, 'error': {'type': 'document_parsing_exception', 'reason': "[1:17579] failed to parse: The [dense_vector] field [embedding] in doc [document with id '4f0ca78e-c78b-4262-bd2c-566f1a46cc25'] has a different number of dimensions [768] than defined in the mapping [1024]", 'caused_by': {'type': 'illegal_argument_exception', 'reason': "The [dense_vector] field [embedding] in doc [document with id '4f0ca78e-c78b-4262-bd2c-566f1a46cc25'] has a different number of dimensions [768] than defined in the mapping [1024]"}}}}
2025-11-05 20:58:27,764 - WARNING - Failed item: {'index': {'_index': 'periodic-table-hybrid-search', '_id': '940134ce-0249-4cbb-8805-0c08df01b04b', 'status': 400, 'error': {'type': 'document_parsing_exception', 'reason': "[1:17139] failed to parse: The [dense_vector] field [embedding] in doc [document with id '940134ce-0249-4cbb-8805-0c08df01b04b'] has a different number of dimensions [768] than defined in the mapping [1024]", 'caused_by': {'type': 'illegal_argument_exception', 'reason': "The [dense_vector] field [embedding] in doc [document with id '940134ce-0249-4cbb-8805-0c08df01b04b'] has a different number of dimensions [768] than defined in the mapping [1024]"}}}}
2025-11-05 20:58:27,764 - WARNING - Failed item: {'index': {'_index': 'periodic-table-hybrid-search', '_id': 'd1890338-29c8-447a-a12b-0ddded7720b3', 'status': 400, 'error': {'type': 'document_parsing_exception', 'reason': "[1:16940] failed to parse: The [dense_vector] field [embedding] in doc [document with id 'd1890338-29c8-447a-a12b-0ddded7720b3'] has a different number of dimensions [768] than defined in the mapping [1024]", 'caused_by': {'type': 'illegal_argument_exception', 'reason': "The [dense_vector] field [embedding] in doc [document with id 'd1890338-29c8-447a-a12b-0ddded7720b3'] has a different number of dimensions [768] than defined in the mapping [1024]"}}}}
2025-11-05 20:58:27,764 - WARNING - Failed item: {'index': {'_index': 'periodic-table-hybrid-search', '_id': 'a3cfe28e-27e6-41fb-ab61-ba7e20ec2144', 'status': 400, 'error': {'type': 'document_parsing_exception', 'reason': "[1:27613] failed to parse: The [dense_vector] field [embedding] in doc [document with id 'a3cfe28e-27e6-41fb-ab61-ba7e20ec2144'] has a different number of dimensions [768] than defined in the mapping [1024]", 'caused_by': {'type': 'illegal_argument_exception', 'reason': "The [dense_vector] field [embedding] in doc [document with id 'a3cfe28e-27e6-41fb-ab61-ba7e20ec2144'] has a different number of dimensions [768] than defined in the mapping [1024]"}}}}
2025-11-05 20:58:27,764 - WARNING - Failed item: {'index': {'_index': 'periodic-table-hybrid-search', '_id': '04b7872b-9bc7-4b7c-9235-791bdfc0b650', 'status': 400, 'error': {'type': 'document_parsing_exception', 'reason': "[1:19217] failed to parse: The [dense_vector] field [embedding] in doc [document with id '04b7872b-9bc7-4b7c-9235-791bdfc0b650'] has a different number of dimensions [768] than defined in the mapping [1024]", 'caused_by': {'type': 'illegal_argument_exception', 'reason': "The [dense_vector] field [embedding] in doc [document with id '04b7872b-9bc7-4b7c-9235-791bdfc0b650'] has a different number of dimensions [768] than defined in the mapping [1024]"}}}}
2025-11-05 20:58:27,764 - WARNING - Failed item: {'index': {'_index': 'periodic-table-hybrid-search', '_id': '3b8c409e-0a04-4435-bab8-31baf29b9a1f', 'status': 400, 'error': {'type': 'document_parsing_exception', 'reason': "[1:17139] failed to parse: The [dense_vector] field [embedding] in doc [document with id '3b8c409e-0a04-4435-bab8-31baf29b9a1f'] has a different number of dimensions [768] than defined in the mapping [1024]", 'caused_by': {'type': 'illegal_argument_exception', 'reason': "The [dense_vector] field [embedding] in doc [document with id '3b8c409e-0a04-4435-bab8-31baf29b9a1f'] has a different number of dimensions [768] than defined in the mapping [1024]"}}}}
2025-11-05 20:58:27,764 - WARNING - Failed item: {'index': {'_index': 'periodic-table-hybrid-search', '_id': '0ac43be2-d838-4a8c-b478-4e23a71ef641', 'status': 400, 'error': {'type': 'document_parsing_exception', 'reason': "[1:17072] failed to parse: The [dense_vector] field [embedding] in doc [document with id '0ac43be2-d838-4a8c-b478-4e23a71ef641'] has a different number of dimensions [768] than defined in the mapping [1024]", 'caused_by': {'type': 'illegal_argument_exception', 'reason': "The [dense_vector] field [embedding] in doc [document with id '0ac43be2-d838-4a8c-b478-4e23a71ef641'] has a different number of dimensions [768] than defined in the mapping [1024]"}}}}
2025-11-05 20:58:27,764 - WARNING - Failed item: {'index': {'_index': 'periodic-table-hybrid-search', '_id': '16558a81-e711-4b1e-9e9f-169021e8172f', 'status': 400, 'error': {'type': 'document_parsing_exception', 'reason': "[1:17160] failed to parse: The [dense_vector] field [embedding] in doc [document with id '16558a81-e711-4b1e-9e9f-169021e8172f'] has a different number of dimensions [768] than defined in the mapping [1024]", 'caused_by': {'type': 'illegal_argument_exception', 'reason': "The [dense_vector] field [embedding] in doc [document with id '16558a81-e711-4b1e-9e9f-169021e8172f'] has a different number of dimensions [768] than defined in the mapping [1024]"}}}}
2025-11-05 20:58:27,764 - WARNING - Failed item: {'index': {'_index': 'periodic-table-hybrid-search', '_id': '8dad82db-0221-4575-af36-79269e05616c', 'status': 400, 'error': {'type': 'document_parsing_exception', 'reason': "[1:17197] failed to parse: The [dense_vector] field [embedding] in doc [document with id '8dad82db-0221-4575-af36-79269e05616c'] has a different number of dimensions [768] than defined in the mapping [1024]", 'caused_by': {'type': 'illegal_argument_exception', 'reason': "The [dense_vector] field [embedding] in doc [document with id '8dad82db-0221-4575-af36-79269e05616c'] has a different number of dimensions [768] than defined in the mapping [1024]"}}}}
2025-11-05 20:58:27,764 - WARNING - Failed item: {'index': {'_index': 'periodic-table-hybrid-search', '_id': '79ac3085-7511-474f-afee-2cbca49bdd1d', 'status': 400, 'error': {'type': 'document_parsing_exception', 'reason': "[1:16705] failed to parse: The [dense_vector] field [embedding] in doc [document with id '79ac3085-7511-474f-afee-2cbca49bdd1d'] has a different number of dimensions [768] than defined in the mapping [1024]", 'caused_by': {'type': 'illegal_argument_exception', 'reason': "The [dense_vector] field [embedding] in doc [document with id '79ac3085-7511-474f-afee-2cbca49bdd1d'] has a different number of dimensions [768] than defined in the mapping [1024]"}}}}
2025-11-05 20:58:27,764 - WARNING - Failed item: {'index': {'_index': 'periodic-table-hybrid-search', '_id': '00a10638-1fcf-4785-8724-7de410c41794', 'status': 400, 'error': {'type': 'document_parsing_exception', 'reason': "[1:19227] failed to parse: The [dense_vector] field [embedding] in doc [document with id '00a10638-1fcf-4785-8724-7de410c41794'] has a different number of dimensions [768] than defined in the mapping [1024]", 'caused_by': {'type': 'illegal_argument_exception', 'reason': "The [dense_vector] field [embedding] in doc [document with id '00a10638-1fcf-4785-8724-7de410c41794'] has a different number of dimensions [768] than defined in the mapping [1024]"}}}}
2025-11-05 20:58:27,764 - WARNING - Failed item: {'index': {'_index': 'periodic-table-hybrid-search', '_id': 'a8015717-fc53-400d-b58b-fa7c4a83f770', 'status': 400, 'error': {'type': 'document_parsing_exception', 'reason': "[1:17066] failed to parse: The [dense_vector] field [embedding] in doc [document with id 'a8015717-fc53-400d-b58b-fa7c4a83f770'] has a different number of dimensions [768] than defined in the mapping [1024]", 'caused_by': {'type': 'illegal_argument_exception', 'reason': "The [dense_vector] field [embedding] in doc [document with id 'a8015717-fc53-400d-b58b-fa7c4a83f770'] has a different number of dimensions [768] than defined in the mapping [1024]"}}}}
2025-11-05 20:58:27,764 - WARNING - Failed item: {'index': {'_index': 'periodic-table-hybrid-search', '_id': '9f485bd0-b895-4dc4-840e-98021d879eb6', 'status': 400, 'error': {'type': 'document_parsing_exception', 'reason': "[1:17199] failed to parse: The [dense_vector] field [embedding] in doc [document with id '9f485bd0-b895-4dc4-840e-98021d879eb6'] has a different number of dimensions [768] than defined in the mapping [1024]", 'caused_by': {'type': 'illegal_argument_exception', 'reason': "The [dense_vector] field [embedding] in doc [document with id '9f485bd0-b895-4dc4-840e-98021d879eb6'] has a different number of dimensions [768] than defined in the mapping [1024]"}}}}
2025-11-05 20:58:27,764 - WARNING - Failed item: {'index': {'_index': 'periodic-table-hybrid-search', '_id': '54021bc0-d26d-4c2f-958e-a4a93d2f9b4b', 'status': 400, 'error': {'type': 'document_parsing_exception', 'reason': "[1:17179] failed to parse: The [dense_vector] field [embedding] in doc [document with id '54021bc0-d26d-4c2f-958e-a4a93d2f9b4b'] has a different number of dimensions [768] than defined in the mapping [1024]", 'caused_by': {'type': 'illegal_argument_exception', 'reason': "The [dense_vector] field [embedding] in doc [document with id '54021bc0-d26d-4c2f-958e-a4a93d2f9b4b'] has a different number of dimensions [768] than defined in the mapping [1024]"}}}}
2025-11-05 20:58:27,764 - WARNING - Failed item: {'index': {'_index': 'periodic-table-hybrid-search', '_id': '0444dc6c-2134-459d-be7b-bdeeae9662e1', 'status': 400, 'error': {'type': 'document_parsing_exception', 'reason': "[1:17138] failed to parse: The [dense_vector] field [embedding] in doc [document with id '0444dc6c-2134-459d-be7b-bdeeae9662e1'] has a different number of dimensions [768] than defined in the mapping [1024]", 'caused_by': {'type': 'illegal_argument_exception', 'reason': "The [dense_vector] field [embedding] in doc [document with id '0444dc6c-2134-459d-be7b-bdeeae9662e1'] has a different number of dimensions [768] than defined in the mapping [1024]"}}}}
2025-11-05 20:58:27,764 - WARNING - Failed item: {'index': {'_index': 'periodic-table-hybrid-search', '_id': '9f0ea35a-bfb6-4f21-9494-53fde880ad2a', 'status': 400, 'error': {'type': 'document_parsing_exception', 'reason': "[1:16718] failed to parse: The [dense_vector] field [embedding] in doc [document with id '9f0ea35a-bfb6-4f21-9494-53fde880ad2a'] has a different number of dimensions [768] than defined in the mapping [1024]", 'caused_by': {'type': 'illegal_argument_exception', 'reason': "The [dense_vector] field [embedding] in doc [document with id '9f0ea35a-bfb6-4f21-9494-53fde880ad2a'] has a different number of dimensions [768] than defined in the mapping [1024]"}}}}
2025-11-05 20:58:27,764 - WARNING - Failed item: {'index': {'_index': 'periodic-table-hybrid-search', '_id': '3d3dd348-ab73-4db6-96c8-f3476b78f19e', 'status': 400, 'error': {'type': 'document_parsing_exception', 'reason': "[1:19245] failed to parse: The [dense_vector] field [embedding] in doc [document with id '3d3dd348-ab73-4db6-96c8-f3476b78f19e'] has a different number of dimensions [768] than defined in the mapping [1024]", 'caused_by': {'type': 'illegal_argument_exception', 'reason': "The [dense_vector] field [embedding] in doc [document with id '3d3dd348-ab73-4db6-96c8-f3476b78f19e'] has a different number of dimensions [768] than defined in the mapping [1024]"}}}}
2025-11-05 20:58:27,765 - WARNING - Failed item: {'index': {'_index': 'periodic-table-hybrid-search', '_id': '63509731-5256-41f0-9c61-5bc65404d8a3', 'status': 400, 'error': {'type': 'document_parsing_exception', 'reason': "[1:17161] failed to parse: The [dense_vector] field [embedding] in doc [document with id '63509731-5256-41f0-9c61-5bc65404d8a3'] has a different number of dimensions [768] than defined in the mapping [1024]", 'caused_by': {'type': 'illegal_argument_exception', 'reason': "The [dense_vector] field [embedding] in doc [document with id '63509731-5256-41f0-9c61-5bc65404d8a3'] has a different number of dimensions [768] than defined in the mapping [1024]"}}}}
2025-11-05 20:58:27,765 - WARNING - Failed item: {'index': {'_index': 'periodic-table-hybrid-search', '_id': '96363339-278a-4809-923f-70b92f2a7508', 'status': 400, 'error': {'type': 'document_parsing_exception', 'reason': "[1:17163] failed to parse: The [dense_vector] field [embedding] in doc [document with id '96363339-278a-4809-923f-70b92f2a7508'] has a different number of dimensions [768] than defined in the mapping [1024]", 'caused_by': {'type': 'illegal_argument_exception', 'reason': "The [dense_vector] field [embedding] in doc [document with id '96363339-278a-4809-923f-70b92f2a7508'] has a different number of dimensions [768] than defined in the mapping [1024]"}}}}
2025-11-05 20:58:27,765 - WARNING - Failed item: {'index': {'_index': 'periodic-table-hybrid-search', '_id': '6de146ce-6f67-4554-97bb-0847763127db', 'status': 400, 'error': {'type': 'document_parsing_exception', 'reason': "[1:17159] failed to parse: The [dense_vector] field [embedding] in doc [document with id '6de146ce-6f67-4554-97bb-0847763127db'] has a different number of dimensions [768] than defined in the mapping [1024]", 'caused_by': {'type': 'illegal_argument_exception', 'reason': "The [dense_vector] field [embedding] in doc [document with id '6de146ce-6f67-4554-97bb-0847763127db'] has a different number of dimensions [768] than defined in the mapping [1024]"}}}}
2025-11-05 20:58:27,765 - WARNING - Failed item: {'index': {'_index': 'periodic-table-hybrid-search', '_id': '18c637ea-33cd-451c-a1bc-8fe55c4bc227', 'status': 400, 'error': {'type': 'document_parsing_exception', 'reason': "[1:17105] failed to parse: The [dense_vector] field [embedding] in doc [document with id '18c637ea-33cd-451c-a1bc-8fe55c4bc227'] has a different number of dimensions [768] than defined in the mapping [1024]", 'caused_by': {'type': 'illegal_argument_exception', 'reason': "The [dense_vector] field [embedding] in doc [document with id '18c637ea-33cd-451c-a1bc-8fe55c4bc227'] has a different number of dimensions [768] than defined in the mapping [1024]"}}}}
2025-11-05 20:58:27,765 - WARNING - Failed item: {'index': {'_index': 'periodic-table-hybrid-search', '_id': '0fecb8a0-6c9f-4a02-a365-963afe1545a2', 'status': 400, 'error': {'type': 'document_parsing_exception', 'reason': "[1:16715] failed to parse: The [dense_vector] field [embedding] in doc [document with id '0fecb8a0-6c9f-4a02-a365-963afe1545a2'] has a different number of dimensions [768] than defined in the mapping [1024]", 'caused_by': {'type': 'illegal_argument_exception', 'reason': "The [dense_vector] field [embedding] in doc [document with id '0fecb8a0-6c9f-4a02-a365-963afe1545a2'] has a different number of dimensions [768] than defined in the mapping [1024]"}}}}
2025-11-05 20:58:27,765 - WARNING - Failed item: {'index': {'_index': 'periodic-table-hybrid-search', '_id': '8fed4cd8-c4a4-47ca-bd9b-504aedba7d12', 'status': 400, 'error': {'type': 'document_parsing_exception', 'reason': "[1:19276] failed to parse: The [dense_vector] field [embedding] in doc [document with id '8fed4cd8-c4a4-47ca-bd9b-504aedba7d12'] has a different number of dimensions [768] than defined in the mapping [1024]", 'caused_by': {'type': 'illegal_argument_exception', 'reason': "The [dense_vector] field [embedding] in doc [document with id '8fed4cd8-c4a4-47ca-bd9b-504aedba7d12'] has a different number of dimensions [768] than defined in the mapping [1024]"}}}}
2025-11-05 20:58:27,765 - WARNING - Failed item: {'index': {'_index': 'periodic-table-hybrid-search', '_id': '5749be4c-d87d-4f96-bdb5-5951e24222a8', 'status': 400, 'error': {'type': 'document_parsing_exception', 'reason': "[1:17106] failed to parse: The [dense_vector] field [embedding] in doc [document with id '5749be4c-d87d-4f96-bdb5-5951e24222a8'] has a different number of dimensions [768] than defined in the mapping [1024]", 'caused_by': {'type': 'illegal_argument_exception', 'reason': "The [dense_vector] field [embedding] in doc [document with id '5749be4c-d87d-4f96-bdb5-5951e24222a8'] has a different number of dimensions [768] than defined in the mapping [1024]"}}}}
2025-11-05 20:58:27,765 - WARNING - Failed item: {'index': {'_index': 'periodic-table-hybrid-search', '_id': 'fd092248-db5c-4aa6-8b9f-cf0fac392cbc', 'status': 400, 'error': {'type': 'document_parsing_exception', 'reason': "[1:17201] failed to parse: The [dense_vector] field [embedding] in doc [document with id 'fd092248-db5c-4aa6-8b9f-cf0fac392cbc'] has a different number of dimensions [768] than defined in the mapping [1024]", 'caused_by': {'type': 'illegal_argument_exception', 'reason': "The [dense_vector] field [embedding] in doc [document with id 'fd092248-db5c-4aa6-8b9f-cf0fac392cbc'] has a different number of dimensions [768] than defined in the mapping [1024]"}}}}
2025-11-05 20:58:27,765 - WARNING - Failed item: {'index': {'_index': 'periodic-table-hybrid-search', '_id': 'cd3b7f78-1a47-4c4b-8b13-400babd06a2c', 'status': 400, 'error': {'type': 'document_parsing_exception', 'reason': "[1:17225] failed to parse: The [dense_vector] field [embedding] in doc [document with id 'cd3b7f78-1a47-4c4b-8b13-400babd06a2c'] has a different number of dimensions [768] than defined in the mapping [1024]", 'caused_by': {'type': 'illegal_argument_exception', 'reason': "The [dense_vector] field [embedding] in doc [document with id 'cd3b7f78-1a47-4c4b-8b13-400babd06a2c'] has a different number of dimensions [768] than defined in the mapping [1024]"}}}}
2025-11-05 20:58:27,765 - WARNING - Failed item: {'index': {'_index': 'periodic-table-hybrid-search', '_id': 'c8d934c8-0031-4d25-8e7e-191ecec9b3b6', 'status': 400, 'error': {'type': 'document_parsing_exception', 'reason': "[1:17263] failed to parse: The [dense_vector] field [embedding] in doc [document with id 'c8d934c8-0031-4d25-8e7e-191ecec9b3b6'] has a different number of dimensions [768] than defined in the mapping [1024]", 'caused_by': {'type': 'illegal_argument_exception', 'reason': "The [dense_vector] field [embedding] in doc [document with id 'c8d934c8-0031-4d25-8e7e-191ecec9b3b6'] has a different number of dimensions [768] than defined in the mapping [1024]"}}}}
2025-11-05 20:58:27,765 - WARNING - Failed item: {'index': {'_index': 'periodic-table-hybrid-search', '_id': '834d1a4e-55e3-47a9-aeae-4e2e9bd3240c', 'status': 400, 'error': {'type': 'document_parsing_exception', 'reason': "[1:16739] failed to parse: The [dense_vector] field [embedding] in doc [document with id '834d1a4e-55e3-47a9-aeae-4e2e9bd3240c'] has a different number of dimensions [768] than defined in the mapping [1024]", 'caused_by': {'type': 'illegal_argument_exception', 'reason': "The [dense_vector] field [embedding] in doc [document with id '834d1a4e-55e3-47a9-aeae-4e2e9bd3240c'] has a different number of dimensions [768] than defined in the mapping [1024]"}}}}
2025-11-05 20:58:27,765 - WARNING - Failed item: {'index': {'_index': 'periodic-table-hybrid-search', '_id': 'ac9d5fd0-edce-4a69-8a9a-408bc88384ff', 'status': 400, 'error': {'type': 'document_parsing_exception', 'reason': "[1:17593] failed to parse: The [dense_vector] field [embedding] in doc [document with id 'ac9d5fd0-edce-4a69-8a9a-408bc88384ff'] has a different number of dimensions [768] than defined in the mapping [1024]", 'caused_by': {'type': 'illegal_argument_exception', 'reason': "The [dense_vector] field [embedding] in doc [document with id 'ac9d5fd0-edce-4a69-8a9a-408bc88384ff'] has a different number of dimensions [768] than defined in the mapping [1024]"}}}}
2025-11-05 20:58:27,765 - WARNING - Failed item: {'index': {'_index': 'periodic-table-hybrid-search', '_id': 'cf14e8ef-0592-44b5-8b9b-f0781d53f011', 'status': 400, 'error': {'type': 'document_parsing_exception', 'reason': "[1:17198] failed to parse: The [dense_vector] field [embedding] in doc [document with id 'cf14e8ef-0592-44b5-8b9b-f0781d53f011'] has a different number of dimensions [768] than defined in the mapping [1024]", 'caused_by': {'type': 'illegal_argument_exception', 'reason': "The [dense_vector] field [embedding] in doc [document with id 'cf14e8ef-0592-44b5-8b9b-f0781d53f011'] has a different number of dimensions [768] than defined in the mapping [1024]"}}}}
2025-11-05 20:58:27,765 - WARNING - Failed item: {'index': {'_index': 'periodic-table-hybrid-search', '_id': '68def9b3-66c4-4521-b3c2-ddb0ac8f6710', 'status': 400, 'error': {'type': 'document_parsing_exception', 'reason': "[1:16940] failed to parse: The [dense_vector] field [embedding] in doc [document with id '68def9b3-66c4-4521-b3c2-ddb0ac8f6710'] has a different number of dimensions [768] than defined in the mapping [1024]", 'caused_by': {'type': 'illegal_argument_exception', 'reason': "The [dense_vector] field [embedding] in doc [document with id '68def9b3-66c4-4521-b3c2-ddb0ac8f6710'] has a different number of dimensions [768] than defined in the mapping [1024]"}}}}
2025-11-05 20:58:27,765 - WARNING - Failed item: {'index': {'_index': 'periodic-table-hybrid-search', '_id': '0d44279f-1a7a-4f9b-97d9-9a918e2697a9', 'status': 400, 'error': {'type': 'document_parsing_exception', 'reason': "[1:27763] failed to parse: The [dense_vector] field [embedding] in doc [document with id '0d44279f-1a7a-4f9b-97d9-9a918e2697a9'] has a different number of dimensions [768] than defined in the mapping [1024]", 'caused_by': {'type': 'illegal_argument_exception', 'reason': "The [dense_vector] field [embedding] in doc [document with id '0d44279f-1a7a-4f9b-97d9-9a918e2697a9'] has a different number of dimensions [768] than defined in the mapping [1024]"}}}}
2025-11-05 20:58:27,765 - WARNING - Failed item: {'index': {'_index': 'periodic-table-hybrid-search', '_id': '09b215d2-99bc-4e4f-8d4f-ca420eafedb2', 'status': 400, 'error': {'type': 'document_parsing_exception', 'reason': "[1:19348] failed to parse: The [dense_vector] field [embedding] in doc [document with id '09b215d2-99bc-4e4f-8d4f-ca420eafedb2'] has a different number of dimensions [768] than defined in the mapping [1024]", 'caused_by': {'type': 'illegal_argument_exception', 'reason': "The [dense_vector] field [embedding] in doc [document with id '09b215d2-99bc-4e4f-8d4f-ca420eafedb2'] has a different number of dimensions [768] than defined in the mapping [1024]"}}}}
2025-11-05 20:58:27,765 - WARNING - Failed item: {'index': {'_index': 'periodic-table-hybrid-search', '_id': 'a3d4387d-742b-49c7-ad04-9f3796464923', 'status': 400, 'error': {'type': 'document_parsing_exception', 'reason': "[1:17198] failed to parse: The [dense_vector] field [embedding] in doc [document with id 'a3d4387d-742b-49c7-ad04-9f3796464923'] has a different number of dimensions [768] than defined in the mapping [1024]", 'caused_by': {'type': 'illegal_argument_exception', 'reason': "The [dense_vector] field [embedding] in doc [document with id 'a3d4387d-742b-49c7-ad04-9f3796464923'] has a different number of dimensions [768] than defined in the mapping [1024]"}}}}
2025-11-05 20:58:27,765 - WARNING - Failed item: {'index': {'_index': 'periodic-table-hybrid-search', '_id': '9e0c5445-2633-40b0-a34a-5ee4b73e868c', 'status': 400, 'error': {'type': 'document_parsing_exception', 'reason': "[1:17246] failed to parse: The [dense_vector] field [embedding] in doc [document with id '9e0c5445-2633-40b0-a34a-5ee4b73e868c'] has a different number of dimensions [768] than defined in the mapping [1024]", 'caused_by': {'type': 'illegal_argument_exception', 'reason': "The [dense_vector] field [embedding] in doc [document with id '9e0c5445-2633-40b0-a34a-5ee4b73e868c'] has a different number of dimensions [768] than defined in the mapping [1024]"}}}}
2025-11-05 20:58:27,765 - WARNING - Failed item: {'index': {'_index': 'periodic-table-hybrid-search', '_id': '43a5039b-7ffb-4b7a-9bfd-2fde984fa733', 'status': 400, 'error': {'type': 'document_parsing_exception', 'reason': "[1:17259] failed to parse: The [dense_vector] field [embedding] in doc [document with id '43a5039b-7ffb-4b7a-9bfd-2fde984fa733'] has a different number of dimensions [768] than defined in the mapping [1024]", 'caused_by': {'type': 'illegal_argument_exception', 'reason': "The [dense_vector] field [embedding] in doc [document with id '43a5039b-7ffb-4b7a-9bfd-2fde984fa733'] has a different number of dimensions [768] than defined in the mapping [1024]"}}}}
2025-11-05 20:58:27,765 - WARNING - Failed item: {'index': {'_index': 'periodic-table-hybrid-search', '_id': '026b0436-a2ff-4c18-b3fd-71601fa28d85', 'status': 400, 'error': {'type': 'document_parsing_exception', 'reason': "[1:17136] failed to parse: The [dense_vector] field [embedding] in doc [document with id '026b0436-a2ff-4c18-b3fd-71601fa28d85'] has a different number of dimensions [768] than defined in the mapping [1024]", 'caused_by': {'type': 'illegal_argument_exception', 'reason': "The [dense_vector] field [embedding] in doc [document with id '026b0436-a2ff-4c18-b3fd-71601fa28d85'] has a different number of dimensions [768] than defined in the mapping [1024]"}}}}
2025-11-05 20:58:27,765 - WARNING - Failed item: {'index': {'_index': 'periodic-table-hybrid-search', '_id': 'd1518b00-af70-4735-a61f-1378e49c597e', 'status': 400, 'error': {'type': 'document_parsing_exception', 'reason': "[1:16720] failed to parse: The [dense_vector] field [embedding] in doc [document with id 'd1518b00-af70-4735-a61f-1378e49c597e'] has a different number of dimensions [768] than defined in the mapping [1024]", 'caused_by': {'type': 'illegal_argument_exception', 'reason': "The [dense_vector] field [embedding] in doc [document with id 'd1518b00-af70-4735-a61f-1378e49c597e'] has a different number of dimensions [768] than defined in the mapping [1024]"}}}}
2025-11-05 20:58:27,765 - WARNING - Failed item: {'index': {'_index': 'periodic-table-hybrid-search', '_id': '4bbdb010-39b2-43b7-ba20-08081aad92ab', 'status': 400, 'error': {'type': 'document_parsing_exception', 'reason': "[1:19341] failed to parse: The [dense_vector] field [embedding] in doc [document with id '4bbdb010-39b2-43b7-ba20-08081aad92ab'] has a different number of dimensions [768] than defined in the mapping [1024]", 'caused_by': {'type': 'illegal_argument_exception', 'reason': "The [dense_vector] field [embedding] in doc [document with id '4bbdb010-39b2-43b7-ba20-08081aad92ab'] has a different number of dimensions [768] than defined in the mapping [1024]"}}}}
2025-11-05 20:58:27,765 - WARNING - Failed item: {'index': {'_index': 'periodic-table-hybrid-search', '_id': '122ce283-700d-4250-a79f-3b9702fd1e2e', 'status': 400, 'error': {'type': 'document_parsing_exception', 'reason': "[1:17142] failed to parse: The [dense_vector] field [embedding] in doc [document with id '122ce283-700d-4250-a79f-3b9702fd1e2e'] has a different number of dimensions [768] than defined in the mapping [1024]", 'caused_by': {'type': 'illegal_argument_exception', 'reason': "The [dense_vector] field [embedding] in doc [document with id '122ce283-700d-4250-a79f-3b9702fd1e2e'] has a different number of dimensions [768] than defined in the mapping [1024]"}}}}
2025-11-05 20:58:27,765 - WARNING - Failed item: {'index': {'_index': 'periodic-table-hybrid-search', '_id': 'a11d2bfd-7eb1-4f6f-9db2-b4190774175b', 'status': 400, 'error': {'type': 'document_parsing_exception', 'reason': "[1:17271] failed to parse: The [dense_vector] field [embedding] in doc [document with id 'a11d2bfd-7eb1-4f6f-9db2-b4190774175b'] has a different number of dimensions [768] than defined in the mapping [1024]", 'caused_by': {'type': 'illegal_argument_exception', 'reason': "The [dense_vector] field [embedding] in doc [document with id 'a11d2bfd-7eb1-4f6f-9db2-b4190774175b'] has a different number of dimensions [768] than defined in the mapping [1024]"}}}}
2025-11-05 20:58:27,765 - WARNING - Failed item: {'index': {'_index': 'periodic-table-hybrid-search', '_id': 'd8b59014-6b35-4aa9-873f-5a8edae5f9b6', 'status': 400, 'error': {'type': 'document_parsing_exception', 'reason': "[1:17220] failed to parse: The [dense_vector] field [embedding] in doc [document with id 'd8b59014-6b35-4aa9-873f-5a8edae5f9b6'] has a different number of dimensions [768] than defined in the mapping [1024]", 'caused_by': {'type': 'illegal_argument_exception', 'reason': "The [dense_vector] field [embedding] in doc [document with id 'd8b59014-6b35-4aa9-873f-5a8edae5f9b6'] has a different number of dimensions [768] than defined in the mapping [1024]"}}}}
2025-11-05 20:58:27,765 - WARNING - Failed item: {'index': {'_index': 'periodic-table-hybrid-search', '_id': 'b42ce87a-b3bf-4372-91e4-2681758ba992', 'status': 400, 'error': {'type': 'document_parsing_exception', 'reason': "[1:17159] failed to parse: The [dense_vector] field [embedding] in doc [document with id 'b42ce87a-b3bf-4372-91e4-2681758ba992'] has a different number of dimensions [768] than defined in the mapping [1024]", 'caused_by': {'type': 'illegal_argument_exception', 'reason': "The [dense_vector] field [embedding] in doc [document with id 'b42ce87a-b3bf-4372-91e4-2681758ba992'] has a different number of dimensions [768] than defined in the mapping [1024]"}}}}
2025-11-05 20:58:27,765 - WARNING - Failed item: {'index': {'_index': 'periodic-table-hybrid-search', '_id': '4d463c2b-6e4c-43c8-83b7-59afa61204c8', 'status': 400, 'error': {'type': 'document_parsing_exception', 'reason': "[1:16665] failed to parse: The [dense_vector] field [embedding] in doc [document with id '4d463c2b-6e4c-43c8-83b7-59afa61204c8'] has a different number of dimensions [768] than defined in the mapping [1024]", 'caused_by': {'type': 'illegal_argument_exception', 'reason': "The [dense_vector] field [embedding] in doc [document with id '4d463c2b-6e4c-43c8-83b7-59afa61204c8'] has a different number of dimensions [768] than defined in the mapping [1024]"}}}}
2025-11-05 20:58:27,765 - WARNING - Failed item: {'index': {'_index': 'periodic-table-hybrid-search', '_id': '5951bba5-2d00-4fe9-ab6b-852e171eabbc', 'status': 400, 'error': {'type': 'document_parsing_exception', 'reason': "[1:19217] failed to parse: The [dense_vector] field [embedding] in doc [document with id '5951bba5-2d00-4fe9-ab6b-852e171eabbc'] has a different number of dimensions [768] than defined in the mapping [1024]", 'caused_by': {'type': 'illegal_argument_exception', 'reason': "The [dense_vector] field [embedding] in doc [document with id '5951bba5-2d00-4fe9-ab6b-852e171eabbc'] has a different number of dimensions [768] than defined in the mapping [1024]"}}}}
2025-11-05 20:58:27,765 - WARNING - Failed item: {'index': {'_index': 'periodic-table-hybrid-search', '_id': '57a6f9aa-5a40-416d-82de-df295bb26e44', 'status': 400, 'error': {'type': 'document_parsing_exception', 'reason': "[1:17112] failed to parse: The [dense_vector] field [embedding] in doc [document with id '57a6f9aa-5a40-416d-82de-df295bb26e44'] has a different number of dimensions [768] than defined in the mapping [1024]", 'caused_by': {'type': 'illegal_argument_exception', 'reason': "The [dense_vector] field [embedding] in doc [document with id '57a6f9aa-5a40-416d-82de-df295bb26e44'] has a different number of dimensions [768] than defined in the mapping [1024]"}}}}
2025-11-05 20:58:27,765 - WARNING - Failed item: {'index': {'_index': 'periodic-table-hybrid-search', '_id': 'b9c79a2f-81e9-4e55-a6b7-52f6120f0a67', 'status': 400, 'error': {'type': 'document_parsing_exception', 'reason': "[1:17170] failed to parse: The [dense_vector] field [embedding] in doc [document with id 'b9c79a2f-81e9-4e55-a6b7-52f6120f0a67'] has a different number of dimensions [768] than defined in the mapping [1024]", 'caused_by': {'type': 'illegal_argument_exception', 'reason': "The [dense_vector] field [embedding] in doc [document with id 'b9c79a2f-81e9-4e55-a6b7-52f6120f0a67'] has a different number of dimensions [768] than defined in the mapping [1024]"}}}}
2025-11-05 20:58:27,765 - WARNING - Failed item: {'index': {'_index': 'periodic-table-hybrid-search', '_id': '344875be-c828-4e0e-99b1-5a1109681ebc', 'status': 400, 'error': {'type': 'document_parsing_exception', 'reason': "[1:17120] failed to parse: The [dense_vector] field [embedding] in doc [document with id '344875be-c828-4e0e-99b1-5a1109681ebc'] has a different number of dimensions [768] than defined in the mapping [1024]", 'caused_by': {'type': 'illegal_argument_exception', 'reason': "The [dense_vector] field [embedding] in doc [document with id '344875be-c828-4e0e-99b1-5a1109681ebc'] has a different number of dimensions [768] than defined in the mapping [1024]"}}}}
2025-11-05 20:58:27,765 - WARNING - Failed item: {'index': {'_index': 'periodic-table-hybrid-search', '_id': '1d96e99a-5a36-4a2e-85bf-69e3cb429888', 'status': 400, 'error': {'type': 'document_parsing_exception', 'reason': "[1:17196] failed to parse: The [dense_vector] field [embedding] in doc [document with id '1d96e99a-5a36-4a2e-85bf-69e3cb429888'] has a different number of dimensions [768] than defined in the mapping [1024]", 'caused_by': {'type': 'illegal_argument_exception', 'reason': "The [dense_vector] field [embedding] in doc [document with id '1d96e99a-5a36-4a2e-85bf-69e3cb429888'] has a different number of dimensions [768] than defined in the mapping [1024]"}}}}
2025-11-05 20:58:27,765 - WARNING - Failed item: {'index': {'_index': 'periodic-table-hybrid-search', '_id': '0343ddc4-f2ea-4930-9f63-8eef3e1af913', 'status': 400, 'error': {'type': 'document_parsing_exception', 'reason': "[1:16741] failed to parse: The [dense_vector] field [embedding] in doc [document with id '0343ddc4-f2ea-4930-9f63-8eef3e1af913'] has a different number of dimensions [768] than defined in the mapping [1024]", 'caused_by': {'type': 'illegal_argument_exception', 'reason': "The [dense_vector] field [embedding] in doc [document with id '0343ddc4-f2ea-4930-9f63-8eef3e1af913'] has a different number of dimensions [768] than defined in the mapping [1024]"}}}}
2025-11-05 20:58:27,765 - WARNING - Failed item: {'index': {'_index': 'periodic-table-hybrid-search', '_id': 'fe5b550a-2e56-4184-8e76-1910fe2951d7', 'status': 400, 'error': {'type': 'document_parsing_exception', 'reason': "[1:19324] failed to parse: The [dense_vector] field [embedding] in doc [document with id 'fe5b550a-2e56-4184-8e76-1910fe2951d7'] has a different number of dimensions [768] than defined in the mapping [1024]", 'caused_by': {'type': 'illegal_argument_exception', 'reason': "The [dense_vector] field [embedding] in doc [document with id 'fe5b550a-2e56-4184-8e76-1910fe2951d7'] has a different number of dimensions [768] than defined in the mapping [1024]"}}}}
2025-11-05 20:58:27,766 - WARNING - Failed item: {'index': {'_index': 'periodic-table-hybrid-search', '_id': '303e5a45-fd2d-4cdf-8865-bbf0f83f3efa', 'status': 400, 'error': {'type': 'document_parsing_exception', 'reason': "[1:17163] failed to parse: The [dense_vector] field [embedding] in doc [document with id '303e5a45-fd2d-4cdf-8865-bbf0f83f3efa'] has a different number of dimensions [768] than defined in the mapping [1024]", 'caused_by': {'type': 'illegal_argument_exception', 'reason': "The [dense_vector] field [embedding] in doc [document with id '303e5a45-fd2d-4cdf-8865-bbf0f83f3efa'] has a different number of dimensions [768] than defined in the mapping [1024]"}}}}
2025-11-05 20:58:27,766 - WARNING - Failed item: {'index': {'_index': 'periodic-table-hybrid-search', '_id': 'ae581203-d471-4e11-bf1b-fe6b5afcfe7c', 'status': 400, 'error': {'type': 'document_parsing_exception', 'reason': "[1:17147] failed to parse: The [dense_vector] field [embedding] in doc [document with id 'ae581203-d471-4e11-bf1b-fe6b5afcfe7c'] has a different number of dimensions [768] than defined in the mapping [1024]", 'caused_by': {'type': 'illegal_argument_exception', 'reason': "The [dense_vector] field [embedding] in doc [document with id 'ae581203-d471-4e11-bf1b-fe6b5afcfe7c'] has a different number of dimensions [768] than defined in the mapping [1024]"}}}}
2025-11-05 20:58:27,766 - WARNING - Failed item: {'index': {'_index': 'periodic-table-hybrid-search', '_id': 'fc32e05e-7ea8-45a5-92a1-6450ad1c0495', 'status': 400, 'error': {'type': 'document_parsing_exception', 'reason': "[1:17187] failed to parse: The [dense_vector] field [embedding] in doc [document with id 'fc32e05e-7ea8-45a5-92a1-6450ad1c0495'] has a different number of dimensions [768] than defined in the mapping [1024]", 'caused_by': {'type': 'illegal_argument_exception', 'reason': "The [dense_vector] field [embedding] in doc [document with id 'fc32e05e-7ea8-45a5-92a1-6450ad1c0495'] has a different number of dimensions [768] than defined in the mapping [1024]"}}}}
2025-11-05 20:58:27,766 - WARNING - Failed item: {'index': {'_index': 'periodic-table-hybrid-search', '_id': '5c6def83-f0ae-4c1b-9d15-b741844f22be', 'status': 400, 'error': {'type': 'document_parsing_exception', 'reason': "[1:17186] failed to parse: The [dense_vector] field [embedding] in doc [document with id '5c6def83-f0ae-4c1b-9d15-b741844f22be'] has a different number of dimensions [768] than defined in the mapping [1024]", 'caused_by': {'type': 'illegal_argument_exception', 'reason': "The [dense_vector] field [embedding] in doc [document with id '5c6def83-f0ae-4c1b-9d15-b741844f22be'] has a different number of dimensions [768] than defined in the mapping [1024]"}}}}
2025-11-05 20:58:27,766 - WARNING - Failed item: {'index': {'_index': 'periodic-table-hybrid-search', '_id': 'c6b7428a-c2fc-4d23-8a31-1bdc200b9b0c', 'status': 400, 'error': {'type': 'document_parsing_exception', 'reason': "[1:16682] failed to parse: The [dense_vector] field [embedding] in doc [document with id 'c6b7428a-c2fc-4d23-8a31-1bdc200b9b0c'] has a different number of dimensions [768] than defined in the mapping [1024]", 'caused_by': {'type': 'illegal_argument_exception', 'reason': "The [dense_vector] field [embedding] in doc [document with id 'c6b7428a-c2fc-4d23-8a31-1bdc200b9b0c'] has a different number of dimensions [768] than defined in the mapping [1024]"}}}}
2025-11-05 20:58:27,766 - WARNING - Failed item: {'index': {'_index': 'periodic-table-hybrid-search', '_id': '4e8e9c1e-3a83-47e8-81fe-bbc9476970ce', 'status': 400, 'error': {'type': 'document_parsing_exception', 'reason': "[1:17546] failed to parse: The [dense_vector] field [embedding] in doc [document with id '4e8e9c1e-3a83-47e8-81fe-bbc9476970ce'] has a different number of dimensions [768] than defined in the mapping [1024]", 'caused_by': {'type': 'illegal_argument_exception', 'reason': "The [dense_vector] field [embedding] in doc [document with id '4e8e9c1e-3a83-47e8-81fe-bbc9476970ce'] has a different number of dimensions [768] than defined in the mapping [1024]"}}}}
2025-11-05 20:58:30,985 - WARNING - Failed item: {'index': {'_index': 'periodic-table-hybrid-search', '_id': '2ada26da-6812-436f-b464-dec95f1f3126', 'status': 400, 'error': {'type': 'document_parsing_exception', 'reason': "[1:17186] failed to parse: The [dense_vector] field [embedding] in doc [document with id '2ada26da-6812-436f-b464-dec95f1f3126'] has a different number of dimensions [768] than defined in the mapping [1024]", 'caused_by': {'type': 'illegal_argument_exception', 'reason': "The [dense_vector] field [embedding] in doc [document with id '2ada26da-6812-436f-b464-dec95f1f3126'] has a different number of dimensions [768] than defined in the mapping [1024]"}}}}
2025-11-05 20:58:30,985 - WARNING - Failed item: {'index': {'_index': 'periodic-table-hybrid-search', '_id': 'e2306436-8ab3-4cbd-b880-17aaaf360d06', 'status': 400, 'error': {'type': 'document_parsing_exception', 'reason': "[1:16931] failed to parse: The [dense_vector] field [embedding] in doc [document with id 'e2306436-8ab3-4cbd-b880-17aaaf360d06'] has a different number of dimensions [768] than defined in the mapping [1024]", 'caused_by': {'type': 'illegal_argument_exception', 'reason': "The [dense_vector] field [embedding] in doc [document with id 'e2306436-8ab3-4cbd-b880-17aaaf360d06'] has a different number of dimensions [768] than defined in the mapping [1024]"}}}}
2025-11-05 20:58:30,985 - WARNING - Failed item: {'index': {'_index': 'periodic-table-hybrid-search', '_id': '12b50b4b-52ea-46f7-85e7-16e016ed9635', 'status': 400, 'error': {'type': 'document_parsing_exception', 'reason': "[1:21050] failed to parse: The [dense_vector] field [embedding] in doc [document with id '12b50b4b-52ea-46f7-85e7-16e016ed9635'] has a different number of dimensions [768] than defined in the mapping [1024]", 'caused_by': {'type': 'illegal_argument_exception', 'reason': "The [dense_vector] field [embedding] in doc [document with id '12b50b4b-52ea-46f7-85e7-16e016ed9635'] has a different number of dimensions [768] than defined in the mapping [1024]"}}}}
2025-11-05 20:58:30,985 - WARNING - Failed item: {'index': {'_index': 'periodic-table-hybrid-search', '_id': '792a1f98-36a8-41ad-bc95-f32c5aafd776', 'status': 400, 'error': {'type': 'document_parsing_exception', 'reason': "[1:19291] failed to parse: The [dense_vector] field [embedding] in doc [document with id '792a1f98-36a8-41ad-bc95-f32c5aafd776'] has a different number of dimensions [768] than defined in the mapping [1024]", 'caused_by': {'type': 'illegal_argument_exception', 'reason': "The [dense_vector] field [embedding] in doc [document with id '792a1f98-36a8-41ad-bc95-f32c5aafd776'] has a different number of dimensions [768] than defined in the mapping [1024]"}}}}
2025-11-05 20:58:30,985 - WARNING - Failed item: {'index': {'_index': 'periodic-table-hybrid-search', '_id': '6ee25439-ca83-4d02-943e-342f23304e01', 'status': 400, 'error': {'type': 'document_parsing_exception', 'reason': "[1:17186] failed to parse: The [dense_vector] field [embedding] in doc [document with id '6ee25439-ca83-4d02-943e-342f23304e01'] has a different number of dimensions [768] than defined in the mapping [1024]", 'caused_by': {'type': 'illegal_argument_exception', 'reason': "The [dense_vector] field [embedding] in doc [document with id '6ee25439-ca83-4d02-943e-342f23304e01'] has a different number of dimensions [768] than defined in the mapping [1024]"}}}}
2025-11-05 20:58:30,985 - WARNING - Failed item: {'index': {'_index': 'periodic-table-hybrid-search', '_id': '2a3f31ff-2137-46ae-8fa4-a0887c79e890', 'status': 400, 'error': {'type': 'document_parsing_exception', 'reason': "[1:17133] failed to parse: The [dense_vector] field [embedding] in doc [document with id '2a3f31ff-2137-46ae-8fa4-a0887c79e890'] has a different number of dimensions [768] than defined in the mapping [1024]", 'caused_by': {'type': 'illegal_argument_exception', 'reason': "The [dense_vector] field [embedding] in doc [document with id '2a3f31ff-2137-46ae-8fa4-a0887c79e890'] has a different number of dimensions [768] than defined in the mapping [1024]"}}}}
2025-11-05 20:58:30,985 - WARNING - Failed item: {'index': {'_index': 'periodic-table-hybrid-search', '_id': 'd2c8628c-8907-482a-8bab-cf71d642b569', 'status': 400, 'error': {'type': 'document_parsing_exception', 'reason': "[1:17208] failed to parse: The [dense_vector] field [embedding] in doc [document with id 'd2c8628c-8907-482a-8bab-cf71d642b569'] has a different number of dimensions [768] than defined in the mapping [1024]", 'caused_by': {'type': 'illegal_argument_exception', 'reason': "The [dense_vector] field [embedding] in doc [document with id 'd2c8628c-8907-482a-8bab-cf71d642b569'] has a different number of dimensions [768] than defined in the mapping [1024]"}}}}
2025-11-05 20:58:30,985 - WARNING - Failed item: {'index': {'_index': 'periodic-table-hybrid-search', '_id': '11dca0a7-70b6-4c48-b154-70d5688b0afd', 'status': 400, 'error': {'type': 'document_parsing_exception', 'reason': "[1:17213] failed to parse: The [dense_vector] field [embedding] in doc [document with id '11dca0a7-70b6-4c48-b154-70d5688b0afd'] has a different number of dimensions [768] than defined in the mapping [1024]", 'caused_by': {'type': 'illegal_argument_exception', 'reason': "The [dense_vector] field [embedding] in doc [document with id '11dca0a7-70b6-4c48-b154-70d5688b0afd'] has a different number of dimensions [768] than defined in the mapping [1024]"}}}}
2025-11-05 20:58:30,985 - WARNING - Failed item: {'index': {'_index': 'periodic-table-hybrid-search', '_id': '92b02f4a-9b52-405c-9b0c-857735735b92', 'status': 400, 'error': {'type': 'document_parsing_exception', 'reason': "[1:16688] failed to parse: The [dense_vector] field [embedding] in doc [document with id '92b02f4a-9b52-405c-9b0c-857735735b92'] has a different number of dimensions [768] than defined in the mapping [1024]", 'caused_by': {'type': 'illegal_argument_exception', 'reason': "The [dense_vector] field [embedding] in doc [document with id '92b02f4a-9b52-405c-9b0c-857735735b92'] has a different number of dimensions [768] than defined in the mapping [1024]"}}}}
2025-11-05 20:58:30,985 - WARNING - Failed item: {'index': {'_index': 'periodic-table-hybrid-search', '_id': '6ba93a3d-0d77-48e8-aa75-07d7bf3009a8', 'status': 400, 'error': {'type': 'document_parsing_exception', 'reason': "[1:18525] failed to parse: The [dense_vector] field [embedding] in doc [document with id '6ba93a3d-0d77-48e8-aa75-07d7bf3009a8'] has a different number of dimensions [768] than defined in the mapping [1024]", 'caused_by': {'type': 'illegal_argument_exception', 'reason': "The [dense_vector] field [embedding] in doc [document with id '6ba93a3d-0d77-48e8-aa75-07d7bf3009a8'] has a different number of dimensions [768] than defined in the mapping [1024]"}}}}
2025-11-05 20:58:30,985 - WARNING - Failed item: {'index': {'_index': 'periodic-table-hybrid-search', '_id': 'bc9023a7-1460-4ef7-ae83-fb050d21bace', 'status': 400, 'error': {'type': 'document_parsing_exception', 'reason': "[1:17107] failed to parse: The [dense_vector] field [embedding] in doc [document with id 'bc9023a7-1460-4ef7-ae83-fb050d21bace'] has a different number of dimensions [768] than defined in the mapping [1024]", 'caused_by': {'type': 'illegal_argument_exception', 'reason': "The [dense_vector] field [embedding] in doc [document with id 'bc9023a7-1460-4ef7-ae83-fb050d21bace'] has a different number of dimensions [768] than defined in the mapping [1024]"}}}}
2025-11-05 20:58:30,985 - WARNING - Failed item: {'index': {'_index': 'periodic-table-hybrid-search', '_id': 'c2eed85c-7f53-426e-af61-c835303a0aa9', 'status': 400, 'error': {'type': 'document_parsing_exception', 'reason': "[1:17201] failed to parse: The [dense_vector] field [embedding] in doc [document with id 'c2eed85c-7f53-426e-af61-c835303a0aa9'] has a different number of dimensions [768] than defined in the mapping [1024]", 'caused_by': {'type': 'illegal_argument_exception', 'reason': "The [dense_vector] field [embedding] in doc [document with id 'c2eed85c-7f53-426e-af61-c835303a0aa9'] has a different number of dimensions [768] than defined in the mapping [1024]"}}}}
2025-11-05 20:58:30,985 - WARNING - Failed item: {'index': {'_index': 'periodic-table-hybrid-search', '_id': 'e090e8cf-425c-420c-bd31-d9607a944ab3', 'status': 400, 'error': {'type': 'document_parsing_exception', 'reason': "[1:17264] failed to parse: The [dense_vector] field [embedding] in doc [document with id 'e090e8cf-425c-420c-bd31-d9607a944ab3'] has a different number of dimensions [768] than defined in the mapping [1024]", 'caused_by': {'type': 'illegal_argument_exception', 'reason': "The [dense_vector] field [embedding] in doc [document with id 'e090e8cf-425c-420c-bd31-d9607a944ab3'] has a different number of dimensions [768] than defined in the mapping [1024]"}}}}
2025-11-05 20:58:30,985 - WARNING - Failed item: {'index': {'_index': 'periodic-table-hybrid-search', '_id': '1d8d270d-1b15-4a84-a53f-005d98c8af8c', 'status': 400, 'error': {'type': 'document_parsing_exception', 'reason': "[1:17672] failed to parse: The [dense_vector] field [embedding] in doc [document with id '1d8d270d-1b15-4a84-a53f-005d98c8af8c'] has a different number of dimensions [768] than defined in the mapping [1024]", 'caused_by': {'type': 'illegal_argument_exception', 'reason': "The [dense_vector] field [embedding] in doc [document with id '1d8d270d-1b15-4a84-a53f-005d98c8af8c'] has a different number of dimensions [768] than defined in the mapping [1024]"}}}}
2025-11-05 20:58:30,985 - WARNING - Failed item: {'index': {'_index': 'periodic-table-hybrid-search', '_id': '069e4f43-9c8d-4c11-a1d1-c72b2faf9e4f', 'status': 400, 'error': {'type': 'document_parsing_exception', 'reason': "[1:17707] failed to parse: The [dense_vector] field [embedding] in doc [document with id '069e4f43-9c8d-4c11-a1d1-c72b2faf9e4f'] has a different number of dimensions [768] than defined in the mapping [1024]", 'caused_by': {'type': 'illegal_argument_exception', 'reason': "The [dense_vector] field [embedding] in doc [document with id '069e4f43-9c8d-4c11-a1d1-c72b2faf9e4f'] has a different number of dimensions [768] than defined in the mapping [1024]"}}}}
2025-11-05 20:58:30,985 - WARNING - Failed item: {'index': {'_index': 'periodic-table-hybrid-search', '_id': 'a27eeda3-2d82-4101-b961-a50841bf8fa2', 'status': 400, 'error': {'type': 'document_parsing_exception', 'reason': "[1:17185] failed to parse: The [dense_vector] field [embedding] in doc [document with id 'a27eeda3-2d82-4101-b961-a50841bf8fa2'] has a different number of dimensions [768] than defined in the mapping [1024]", 'caused_by': {'type': 'illegal_argument_exception', 'reason': "The [dense_vector] field [embedding] in doc [document with id 'a27eeda3-2d82-4101-b961-a50841bf8fa2'] has a different number of dimensions [768] than defined in the mapping [1024]"}}}}
2025-11-05 20:58:30,985 - WARNING - Failed item: {'index': {'_index': 'periodic-table-hybrid-search', '_id': 'fb3b2f3d-3704-47b5-9a11-ca590bc710b6', 'status': 400, 'error': {'type': 'document_parsing_exception', 'reason': "[1:17018] failed to parse: The [dense_vector] field [embedding] in doc [document with id 'fb3b2f3d-3704-47b5-9a11-ca590bc710b6'] has a different number of dimensions [768] than defined in the mapping [1024]", 'caused_by': {'type': 'illegal_argument_exception', 'reason': "The [dense_vector] field [embedding] in doc [document with id 'fb3b2f3d-3704-47b5-9a11-ca590bc710b6'] has a different number of dimensions [768] than defined in the mapping [1024]"}}}}
2025-11-05 20:58:30,985 - WARNING - Failed item: {'index': {'_index': 'periodic-table-hybrid-search', '_id': '65982bcc-680f-45f9-960d-a453e00053b7', 'status': 400, 'error': {'type': 'document_parsing_exception', 'reason': "[1:28645] failed to parse: The [dense_vector] field [embedding] in doc [document with id '65982bcc-680f-45f9-960d-a453e00053b7'] has a different number of dimensions [768] than defined in the mapping [1024]", 'caused_by': {'type': 'illegal_argument_exception', 'reason': "The [dense_vector] field [embedding] in doc [document with id '65982bcc-680f-45f9-960d-a453e00053b7'] has a different number of dimensions [768] than defined in the mapping [1024]"}}}}
2025-11-05 20:58:30,985 - WARNING - Failed item: {'index': {'_index': 'periodic-table-hybrid-search', '_id': '91bb068b-0333-4f14-8844-cda49d44a57f', 'status': 400, 'error': {'type': 'document_parsing_exception', 'reason': "[1:19722] failed to parse: The [dense_vector] field [embedding] in doc [document with id '91bb068b-0333-4f14-8844-cda49d44a57f'] has a different number of dimensions [768] than defined in the mapping [1024]", 'caused_by': {'type': 'illegal_argument_exception', 'reason': "The [dense_vector] field [embedding] in doc [document with id '91bb068b-0333-4f14-8844-cda49d44a57f'] has a different number of dimensions [768] than defined in the mapping [1024]"}}}}
2025-11-05 20:58:30,985 - WARNING - Failed item: {'index': {'_index': 'periodic-table-hybrid-search', '_id': '316ce7f5-4032-4010-9a99-d4744dd162d9', 'status': 400, 'error': {'type': 'document_parsing_exception', 'reason': "[1:17309] failed to parse: The [dense_vector] field [embedding] in doc [document with id '316ce7f5-4032-4010-9a99-d4744dd162d9'] has a different number of dimensions [768] than defined in the mapping [1024]", 'caused_by': {'type': 'illegal_argument_exception', 'reason': "The [dense_vector] field [embedding] in doc [document with id '316ce7f5-4032-4010-9a99-d4744dd162d9'] has a different number of dimensions [768] than defined in the mapping [1024]"}}}}
2025-11-05 20:58:30,985 - WARNING - Failed item: {'index': {'_index': 'periodic-table-hybrid-search', '_id': '1a049ac9-371a-458e-8338-4fe80283a20a', 'status': 400, 'error': {'type': 'document_parsing_exception', 'reason': "[1:17273] failed to parse: The [dense_vector] field [embedding] in doc [document with id '1a049ac9-371a-458e-8338-4fe80283a20a'] has a different number of dimensions [768] than defined in the mapping [1024]", 'caused_by': {'type': 'illegal_argument_exception', 'reason': "The [dense_vector] field [embedding] in doc [document with id '1a049ac9-371a-458e-8338-4fe80283a20a'] has a different number of dimensions [768] than defined in the mapping [1024]"}}}}
2025-11-05 20:58:30,985 - WARNING - Failed item: {'index': {'_index': 'periodic-table-hybrid-search', '_id': '20fd0d4c-c95c-4fc7-bfee-32764c5df2da', 'status': 400, 'error': {'type': 'document_parsing_exception', 'reason': "[1:17264] failed to parse: The [dense_vector] field [embedding] in doc [document with id '20fd0d4c-c95c-4fc7-bfee-32764c5df2da'] has a different number of dimensions [768] than defined in the mapping [1024]", 'caused_by': {'type': 'illegal_argument_exception', 'reason': "The [dense_vector] field [embedding] in doc [document with id '20fd0d4c-c95c-4fc7-bfee-32764c5df2da'] has a different number of dimensions [768] than defined in the mapping [1024]"}}}}
2025-11-05 20:58:30,985 - WARNING - Failed item: {'index': {'_index': 'periodic-table-hybrid-search', '_id': '577be784-ce5a-4082-9b77-ed9ee36731d1', 'status': 400, 'error': {'type': 'document_parsing_exception', 'reason': "[1:17243] failed to parse: The [dense_vector] field [embedding] in doc [document with id '577be784-ce5a-4082-9b77-ed9ee36731d1'] has a different number of dimensions [768] than defined in the mapping [1024]", 'caused_by': {'type': 'illegal_argument_exception', 'reason': "The [dense_vector] field [embedding] in doc [document with id '577be784-ce5a-4082-9b77-ed9ee36731d1'] has a different number of dimensions [768] than defined in the mapping [1024]"}}}}
2025-11-05 20:58:30,985 - WARNING - Failed item: {'index': {'_index': 'periodic-table-hybrid-search', '_id': 'e70fff6f-a668-446b-84f5-09244d3492eb', 'status': 400, 'error': {'type': 'document_parsing_exception', 'reason': "[1:16772] failed to parse: The [dense_vector] field [embedding] in doc [document with id 'e70fff6f-a668-446b-84f5-09244d3492eb'] has a different number of dimensions [768] than defined in the mapping [1024]", 'caused_by': {'type': 'illegal_argument_exception', 'reason': "The [dense_vector] field [embedding] in doc [document with id 'e70fff6f-a668-446b-84f5-09244d3492eb'] has a different number of dimensions [768] than defined in the mapping [1024]"}}}}
2025-11-05 20:58:30,985 - WARNING - Failed item: {'index': {'_index': 'periodic-table-hybrid-search', '_id': '0e4d5868-97fd-4c00-b12d-58e7166699f3', 'status': 400, 'error': {'type': 'document_parsing_exception', 'reason': "[1:19417] failed to parse: The [dense_vector] field [embedding] in doc [document with id '0e4d5868-97fd-4c00-b12d-58e7166699f3'] has a different number of dimensions [768] than defined in the mapping [1024]", 'caused_by': {'type': 'illegal_argument_exception', 'reason': "The [dense_vector] field [embedding] in doc [document with id '0e4d5868-97fd-4c00-b12d-58e7166699f3'] has a different number of dimensions [768] than defined in the mapping [1024]"}}}}
2025-11-05 20:58:30,985 - WARNING - Failed item: {'index': {'_index': 'periodic-table-hybrid-search', '_id': '59a36457-6e8e-43a4-9ba2-46c3695984e9', 'status': 400, 'error': {'type': 'document_parsing_exception', 'reason': "[1:17271] failed to parse: The [dense_vector] field [embedding] in doc [document with id '59a36457-6e8e-43a4-9ba2-46c3695984e9'] has a different number of dimensions [768] than defined in the mapping [1024]", 'caused_by': {'type': 'illegal_argument_exception', 'reason': "The [dense_vector] field [embedding] in doc [document with id '59a36457-6e8e-43a4-9ba2-46c3695984e9'] has a different number of dimensions [768] than defined in the mapping [1024]"}}}}
2025-11-05 20:58:30,985 - WARNING - Failed item: {'index': {'_index': 'periodic-table-hybrid-search', '_id': '10f4954c-a244-43c4-89e8-550622caf7de', 'status': 400, 'error': {'type': 'document_parsing_exception', 'reason': "[1:17228] failed to parse: The [dense_vector] field [embedding] in doc [document with id '10f4954c-a244-43c4-89e8-550622caf7de'] has a different number of dimensions [768] than defined in the mapping [1024]", 'caused_by': {'type': 'illegal_argument_exception', 'reason': "The [dense_vector] field [embedding] in doc [document with id '10f4954c-a244-43c4-89e8-550622caf7de'] has a different number of dimensions [768] than defined in the mapping [1024]"}}}}
2025-11-05 20:58:30,985 - WARNING - Failed item: {'index': {'_index': 'periodic-table-hybrid-search', '_id': 'd733cd97-d0ee-402c-a6c9-b3d25a0f13b6', 'status': 400, 'error': {'type': 'document_parsing_exception', 'reason': "[1:17153] failed to parse: The [dense_vector] field [embedding] in doc [document with id 'd733cd97-d0ee-402c-a6c9-b3d25a0f13b6'] has a different number of dimensions [768] than defined in the mapping [1024]", 'caused_by': {'type': 'illegal_argument_exception', 'reason': "The [dense_vector] field [embedding] in doc [document with id 'd733cd97-d0ee-402c-a6c9-b3d25a0f13b6'] has a different number of dimensions [768] than defined in the mapping [1024]"}}}}
2025-11-05 20:58:30,985 - WARNING - Failed item: {'index': {'_index': 'periodic-table-hybrid-search', '_id': 'a46782e4-7006-4708-a9ce-921030e69525', 'status': 400, 'error': {'type': 'document_parsing_exception', 'reason': "[1:17156] failed to parse: The [dense_vector] field [embedding] in doc [document with id 'a46782e4-7006-4708-a9ce-921030e69525'] has a different number of dimensions [768] than defined in the mapping [1024]", 'caused_by': {'type': 'illegal_argument_exception', 'reason': "The [dense_vector] field [embedding] in doc [document with id 'a46782e4-7006-4708-a9ce-921030e69525'] has a different number of dimensions [768] than defined in the mapping [1024]"}}}}
2025-11-05 20:58:30,985 - WARNING - Failed item: {'index': {'_index': 'periodic-table-hybrid-search', '_id': 'dba7f60f-4819-41da-835d-460a0c89c41a', 'status': 400, 'error': {'type': 'document_parsing_exception', 'reason': "[1:16747] failed to parse: The [dense_vector] field [embedding] in doc [document with id 'dba7f60f-4819-41da-835d-460a0c89c41a'] has a different number of dimensions [768] than defined in the mapping [1024]", 'caused_by': {'type': 'illegal_argument_exception', 'reason': "The [dense_vector] field [embedding] in doc [document with id 'dba7f60f-4819-41da-835d-460a0c89c41a'] has a different number of dimensions [768] than defined in the mapping [1024]"}}}}
2025-11-05 20:58:30,986 - WARNING - Failed item: {'index': {'_index': 'periodic-table-hybrid-search', '_id': 'dd1694a6-2c09-48dc-a1f7-2a2524389cca', 'status': 400, 'error': {'type': 'document_parsing_exception', 'reason': "[1:19501] failed to parse: The [dense_vector] field [embedding] in doc [document with id 'dd1694a6-2c09-48dc-a1f7-2a2524389cca'] has a different number of dimensions [768] than defined in the mapping [1024]", 'caused_by': {'type': 'illegal_argument_exception', 'reason': "The [dense_vector] field [embedding] in doc [document with id 'dd1694a6-2c09-48dc-a1f7-2a2524389cca'] has a different number of dimensions [768] than defined in the mapping [1024]"}}}}
2025-11-05 20:58:30,986 - WARNING - Failed item: {'index': {'_index': 'periodic-table-hybrid-search', '_id': 'c444f9ac-9113-4292-a744-03ad6bcfdffc', 'status': 400, 'error': {'type': 'document_parsing_exception', 'reason': "[1:17209] failed to parse: The [dense_vector] field [embedding] in doc [document with id 'c444f9ac-9113-4292-a744-03ad6bcfdffc'] has a different number of dimensions [768] than defined in the mapping [1024]", 'caused_by': {'type': 'illegal_argument_exception', 'reason': "The [dense_vector] field [embedding] in doc [document with id 'c444f9ac-9113-4292-a744-03ad6bcfdffc'] has a different number of dimensions [768] than defined in the mapping [1024]"}}}}
2025-11-05 20:58:30,986 - WARNING - Failed item: {'index': {'_index': 'periodic-table-hybrid-search', '_id': '34581eba-6b66-4abc-812f-1c1a305785b5', 'status': 400, 'error': {'type': 'document_parsing_exception', 'reason': "[1:17254] failed to parse: The [dense_vector] field [embedding] in doc [document with id '34581eba-6b66-4abc-812f-1c1a305785b5'] has a different number of dimensions [768] than defined in the mapping [1024]", 'caused_by': {'type': 'illegal_argument_exception', 'reason': "The [dense_vector] field [embedding] in doc [document with id '34581eba-6b66-4abc-812f-1c1a305785b5'] has a different number of dimensions [768] than defined in the mapping [1024]"}}}}
2025-11-05 20:58:30,986 - WARNING - Failed item: {'index': {'_index': 'periodic-table-hybrid-search', '_id': '29ec5045-018a-421e-86be-4d14f50745b8', 'status': 400, 'error': {'type': 'document_parsing_exception', 'reason': "[1:17256] failed to parse: The [dense_vector] field [embedding] in doc [document with id '29ec5045-018a-421e-86be-4d14f50745b8'] has a different number of dimensions [768] than defined in the mapping [1024]", 'caused_by': {'type': 'illegal_argument_exception', 'reason': "The [dense_vector] field [embedding] in doc [document with id '29ec5045-018a-421e-86be-4d14f50745b8'] has a different number of dimensions [768] than defined in the mapping [1024]"}}}}
2025-11-05 20:58:30,986 - WARNING - Failed item: {'index': {'_index': 'periodic-table-hybrid-search', '_id': 'f8816dda-3b70-4596-9786-a94dd27e64f7', 'status': 400, 'error': {'type': 'document_parsing_exception', 'reason': "[1:17223] failed to parse: The [dense_vector] field [embedding] in doc [document with id 'f8816dda-3b70-4596-9786-a94dd27e64f7'] has a different number of dimensions [768] than defined in the mapping [1024]", 'caused_by': {'type': 'illegal_argument_exception', 'reason': "The [dense_vector] field [embedding] in doc [document with id 'f8816dda-3b70-4596-9786-a94dd27e64f7'] has a different number of dimensions [768] than defined in the mapping [1024]"}}}}
2025-11-05 20:58:30,986 - WARNING - Failed item: {'index': {'_index': 'periodic-table-hybrid-search', '_id': '7bab3aa0-effa-4313-9eb1-e9b85fd6c3d0', 'status': 400, 'error': {'type': 'document_parsing_exception', 'reason': "[1:16752] failed to parse: The [dense_vector] field [embedding] in doc [document with id '7bab3aa0-effa-4313-9eb1-e9b85fd6c3d0'] has a different number of dimensions [768] than defined in the mapping [1024]", 'caused_by': {'type': 'illegal_argument_exception', 'reason': "The [dense_vector] field [embedding] in doc [document with id '7bab3aa0-effa-4313-9eb1-e9b85fd6c3d0'] has a different number of dimensions [768] than defined in the mapping [1024]"}}}}
2025-11-05 20:58:30,986 - WARNING - Failed item: {'index': {'_index': 'periodic-table-hybrid-search', '_id': 'fbd1ee94-ef90-4f2b-8187-e8c2a0b3aeef', 'status': 400, 'error': {'type': 'document_parsing_exception', 'reason': "[1:19476] failed to parse: The [dense_vector] field [embedding] in doc [document with id 'fbd1ee94-ef90-4f2b-8187-e8c2a0b3aeef'] has a different number of dimensions [768] than defined in the mapping [1024]", 'caused_by': {'type': 'illegal_argument_exception', 'reason': "The [dense_vector] field [embedding] in doc [document with id 'fbd1ee94-ef90-4f2b-8187-e8c2a0b3aeef'] has a different number of dimensions [768] than defined in the mapping [1024]"}}}}
2025-11-05 20:58:30,986 - WARNING - Failed item: {'index': {'_index': 'periodic-table-hybrid-search', '_id': 'a398ef10-4716-41d3-897b-ad8207bc17ea', 'status': 400, 'error': {'type': 'document_parsing_exception', 'reason': "[1:17233] failed to parse: The [dense_vector] field [embedding] in doc [document with id 'a398ef10-4716-41d3-897b-ad8207bc17ea'] has a different number of dimensions [768] than defined in the mapping [1024]", 'caused_by': {'type': 'illegal_argument_exception', 'reason': "The [dense_vector] field [embedding] in doc [document with id 'a398ef10-4716-41d3-897b-ad8207bc17ea'] has a different number of dimensions [768] than defined in the mapping [1024]"}}}}
2025-11-05 20:58:30,986 - WARNING - Failed item: {'index': {'_index': 'periodic-table-hybrid-search', '_id': '817869fc-0e5c-456c-843b-6644128e0514', 'status': 400, 'error': {'type': 'document_parsing_exception', 'reason': "[1:17190] failed to parse: The [dense_vector] field [embedding] in doc [document with id '817869fc-0e5c-456c-843b-6644128e0514'] has a different number of dimensions [768] than defined in the mapping [1024]", 'caused_by': {'type': 'illegal_argument_exception', 'reason': "The [dense_vector] field [embedding] in doc [document with id '817869fc-0e5c-456c-843b-6644128e0514'] has a different number of dimensions [768] than defined in the mapping [1024]"}}}}
2025-11-05 20:58:30,986 - WARNING - Failed item: {'index': {'_index': 'periodic-table-hybrid-search', '_id': 'f2b43bd2-28e6-4b82-a412-b5983fda777b', 'status': 400, 'error': {'type': 'document_parsing_exception', 'reason': "[1:17206] failed to parse: The [dense_vector] field [embedding] in doc [document with id 'f2b43bd2-28e6-4b82-a412-b5983fda777b'] has a different number of dimensions [768] than defined in the mapping [1024]", 'caused_by': {'type': 'illegal_argument_exception', 'reason': "The [dense_vector] field [embedding] in doc [document with id 'f2b43bd2-28e6-4b82-a412-b5983fda777b'] has a different number of dimensions [768] than defined in the mapping [1024]"}}}}
2025-11-05 20:58:30,986 - WARNING - Failed item: {'index': {'_index': 'periodic-table-hybrid-search', '_id': '38228b51-9f7c-441b-9506-ca0c4ba777d8', 'status': 400, 'error': {'type': 'document_parsing_exception', 'reason': "[1:17216] failed to parse: The [dense_vector] field [embedding] in doc [document with id '38228b51-9f7c-441b-9506-ca0c4ba777d8'] has a different number of dimensions [768] than defined in the mapping [1024]", 'caused_by': {'type': 'illegal_argument_exception', 'reason': "The [dense_vector] field [embedding] in doc [document with id '38228b51-9f7c-441b-9506-ca0c4ba777d8'] has a different number of dimensions [768] than defined in the mapping [1024]"}}}}
2025-11-05 20:58:30,986 - WARNING - Failed item: {'index': {'_index': 'periodic-table-hybrid-search', '_id': 'c8ace33c-64db-450f-a4f6-ec1bf081e412', 'status': 400, 'error': {'type': 'document_parsing_exception', 'reason': "[1:16713] failed to parse: The [dense_vector] field [embedding] in doc [document with id 'c8ace33c-64db-450f-a4f6-ec1bf081e412'] has a different number of dimensions [768] than defined in the mapping [1024]", 'caused_by': {'type': 'illegal_argument_exception', 'reason': "The [dense_vector] field [embedding] in doc [document with id 'c8ace33c-64db-450f-a4f6-ec1bf081e412'] has a different number of dimensions [768] than defined in the mapping [1024]"}}}}
2025-11-05 20:58:30,986 - WARNING - Failed item: {'index': {'_index': 'periodic-table-hybrid-search', '_id': '14d35b3e-2658-4df2-8305-abff6f0d7d10', 'status': 400, 'error': {'type': 'document_parsing_exception', 'reason': "[1:17608] failed to parse: The [dense_vector] field [embedding] in doc [document with id '14d35b3e-2658-4df2-8305-abff6f0d7d10'] has a different number of dimensions [768] than defined in the mapping [1024]", 'caused_by': {'type': 'illegal_argument_exception', 'reason': "The [dense_vector] field [embedding] in doc [document with id '14d35b3e-2658-4df2-8305-abff6f0d7d10'] has a different number of dimensions [768] than defined in the mapping [1024]"}}}}
2025-11-05 20:58:30,986 - WARNING - Failed item: {'index': {'_index': 'periodic-table-hybrid-search', '_id': 'c6f95ddd-bbba-4424-95b4-970a29441aa3', 'status': 400, 'error': {'type': 'document_parsing_exception', 'reason': "[1:17231] failed to parse: The [dense_vector] field [embedding] in doc [document with id 'c6f95ddd-bbba-4424-95b4-970a29441aa3'] has a different number of dimensions [768] than defined in the mapping [1024]", 'caused_by': {'type': 'illegal_argument_exception', 'reason': "The [dense_vector] field [embedding] in doc [document with id 'c6f95ddd-bbba-4424-95b4-970a29441aa3'] has a different number of dimensions [768] than defined in the mapping [1024]"}}}}
2025-11-05 20:58:30,986 - WARNING - Failed item: {'index': {'_index': 'periodic-table-hybrid-search', '_id': 'd5014aca-db63-48bd-92c4-526c2c225625', 'status': 400, 'error': {'type': 'document_parsing_exception', 'reason': "[1:16930] failed to parse: The [dense_vector] field [embedding] in doc [document with id 'd5014aca-db63-48bd-92c4-526c2c225625'] has a different number of dimensions [768] than defined in the mapping [1024]", 'caused_by': {'type': 'illegal_argument_exception', 'reason': "The [dense_vector] field [embedding] in doc [document with id 'd5014aca-db63-48bd-92c4-526c2c225625'] has a different number of dimensions [768] than defined in the mapping [1024]"}}}}
2025-11-05 20:58:30,986 - WARNING - Failed item: {'index': {'_index': 'periodic-table-hybrid-search', '_id': '0cedec19-746d-4458-832b-4326131c6e44', 'status': 400, 'error': {'type': 'document_parsing_exception', 'reason': "[1:27859] failed to parse: The [dense_vector] field [embedding] in doc [document with id '0cedec19-746d-4458-832b-4326131c6e44'] has a different number of dimensions [768] than defined in the mapping [1024]", 'caused_by': {'type': 'illegal_argument_exception', 'reason': "The [dense_vector] field [embedding] in doc [document with id '0cedec19-746d-4458-832b-4326131c6e44'] has a different number of dimensions [768] than defined in the mapping [1024]"}}}}
2025-11-05 20:58:30,986 - WARNING - Failed item: {'index': {'_index': 'periodic-table-hybrid-search', '_id': '83ed0007-2ee4-44da-ba84-79d8315f9a09', 'status': 400, 'error': {'type': 'document_parsing_exception', 'reason': "[1:19250] failed to parse: The [dense_vector] field [embedding] in doc [document with id '83ed0007-2ee4-44da-ba84-79d8315f9a09'] has a different number of dimensions [768] than defined in the mapping [1024]", 'caused_by': {'type': 'illegal_argument_exception', 'reason': "The [dense_vector] field [embedding] in doc [document with id '83ed0007-2ee4-44da-ba84-79d8315f9a09'] has a different number of dimensions [768] than defined in the mapping [1024]"}}}}
2025-11-05 20:58:30,986 - WARNING - Failed item: {'index': {'_index': 'periodic-table-hybrid-search', '_id': 'a744c820-6c7b-42c0-ba56-98ab9f919c0b', 'status': 400, 'error': {'type': 'document_parsing_exception', 'reason': "[1:17231] failed to parse: The [dense_vector] field [embedding] in doc [document with id 'a744c820-6c7b-42c0-ba56-98ab9f919c0b'] has a different number of dimensions [768] than defined in the mapping [1024]", 'caused_by': {'type': 'illegal_argument_exception', 'reason': "The [dense_vector] field [embedding] in doc [document with id 'a744c820-6c7b-42c0-ba56-98ab9f919c0b'] has a different number of dimensions [768] than defined in the mapping [1024]"}}}}
2025-11-05 20:58:30,986 - WARNING - Failed item: {'index': {'_index': 'periodic-table-hybrid-search', '_id': 'b214039f-ab4c-4805-9cec-96dc28e5a0ee', 'status': 400, 'error': {'type': 'document_parsing_exception', 'reason': "[1:17126] failed to parse: The [dense_vector] field [embedding] in doc [document with id 'b214039f-ab4c-4805-9cec-96dc28e5a0ee'] has a different number of dimensions [768] than defined in the mapping [1024]", 'caused_by': {'type': 'illegal_argument_exception', 'reason': "The [dense_vector] field [embedding] in doc [document with id 'b214039f-ab4c-4805-9cec-96dc28e5a0ee'] has a different number of dimensions [768] than defined in the mapping [1024]"}}}}
2025-11-05 20:58:30,986 - WARNING - Failed item: {'index': {'_index': 'periodic-table-hybrid-search', '_id': 'c651a0bd-8fe7-4656-ba1f-76abdd8a8f2c', 'status': 400, 'error': {'type': 'document_parsing_exception', 'reason': "[1:17117] failed to parse: The [dense_vector] field [embedding] in doc [document with id 'c651a0bd-8fe7-4656-ba1f-76abdd8a8f2c'] has a different number of dimensions [768] than defined in the mapping [1024]", 'caused_by': {'type': 'illegal_argument_exception', 'reason': "The [dense_vector] field [embedding] in doc [document with id 'c651a0bd-8fe7-4656-ba1f-76abdd8a8f2c'] has a different number of dimensions [768] than defined in the mapping [1024]"}}}}
2025-11-05 20:58:30,986 - WARNING - Failed item: {'index': {'_index': 'periodic-table-hybrid-search', '_id': '348af3fa-efd9-4091-951d-27261784a33d', 'status': 400, 'error': {'type': 'document_parsing_exception', 'reason': "[1:17147] failed to parse: The [dense_vector] field [embedding] in doc [document with id '348af3fa-efd9-4091-951d-27261784a33d'] has a different number of dimensions [768] than defined in the mapping [1024]", 'caused_by': {'type': 'illegal_argument_exception', 'reason': "The [dense_vector] field [embedding] in doc [document with id '348af3fa-efd9-4091-951d-27261784a33d'] has a different number of dimensions [768] than defined in the mapping [1024]"}}}}
2025-11-05 20:58:30,986 - WARNING - Failed item: {'index': {'_index': 'periodic-table-hybrid-search', '_id': '8e0fbb18-cf7d-48a7-843d-4dcb41a62bea', 'status': 400, 'error': {'type': 'document_parsing_exception', 'reason': "[1:16726] failed to parse: The [dense_vector] field [embedding] in doc [document with id '8e0fbb18-cf7d-48a7-843d-4dcb41a62bea'] has a different number of dimensions [768] than defined in the mapping [1024]", 'caused_by': {'type': 'illegal_argument_exception', 'reason': "The [dense_vector] field [embedding] in doc [document with id '8e0fbb18-cf7d-48a7-843d-4dcb41a62bea'] has a different number of dimensions [768] than defined in the mapping [1024]"}}}}
2025-11-05 20:58:30,986 - WARNING - Failed item: {'index': {'_index': 'periodic-table-hybrid-search', '_id': '5f620f28-bc0d-4590-b2af-9130b6948cbc', 'status': 400, 'error': {'type': 'document_parsing_exception', 'reason': "[1:19244] failed to parse: The [dense_vector] field [embedding] in doc [document with id '5f620f28-bc0d-4590-b2af-9130b6948cbc'] has a different number of dimensions [768] than defined in the mapping [1024]", 'caused_by': {'type': 'illegal_argument_exception', 'reason': "The [dense_vector] field [embedding] in doc [document with id '5f620f28-bc0d-4590-b2af-9130b6948cbc'] has a different number of dimensions [768] than defined in the mapping [1024]"}}}}
2025-11-05 20:58:30,986 - WARNING - Failed item: {'index': {'_index': 'periodic-table-hybrid-search', '_id': '2dd68442-425b-40f0-bc46-d7d98b490ad9', 'status': 400, 'error': {'type': 'document_parsing_exception', 'reason': "[1:17164] failed to parse: The [dense_vector] field [embedding] in doc [document with id '2dd68442-425b-40f0-bc46-d7d98b490ad9'] has a different number of dimensions [768] than defined in the mapping [1024]", 'caused_by': {'type': 'illegal_argument_exception', 'reason': "The [dense_vector] field [embedding] in doc [document with id '2dd68442-425b-40f0-bc46-d7d98b490ad9'] has a different number of dimensions [768] than defined in the mapping [1024]"}}}}
2025-11-05 20:58:30,986 - WARNING - Failed item: {'index': {'_index': 'periodic-table-hybrid-search', '_id': 'd4b3c251-2b99-45d2-8701-0904e0824523', 'status': 400, 'error': {'type': 'document_parsing_exception', 'reason': "[1:17006] failed to parse: The [dense_vector] field [embedding] in doc [document with id 'd4b3c251-2b99-45d2-8701-0904e0824523'] has a different number of dimensions [768] than defined in the mapping [1024]", 'caused_by': {'type': 'illegal_argument_exception', 'reason': "The [dense_vector] field [embedding] in doc [document with id 'd4b3c251-2b99-45d2-8701-0904e0824523'] has a different number of dimensions [768] than defined in the mapping [1024]"}}}}
2025-11-05 20:58:30,986 - WARNING - Failed item: {'index': {'_index': 'periodic-table-hybrid-search', '_id': 'aa61e902-6b0a-45e5-ad18-5649e6f31148', 'status': 400, 'error': {'type': 'document_parsing_exception', 'reason': "[1:17170] failed to parse: The [dense_vector] field [embedding] in doc [document with id 'aa61e902-6b0a-45e5-ad18-5649e6f31148'] has a different number of dimensions [768] than defined in the mapping [1024]", 'caused_by': {'type': 'illegal_argument_exception', 'reason': "The [dense_vector] field [embedding] in doc [document with id 'aa61e902-6b0a-45e5-ad18-5649e6f31148'] has a different number of dimensions [768] than defined in the mapping [1024]"}}}}
2025-11-05 20:58:30,986 - WARNING - Failed item: {'index': {'_index': 'periodic-table-hybrid-search', '_id': 'de7093aa-da44-4fe6-b051-6176df43a1f3', 'status': 400, 'error': {'type': 'document_parsing_exception', 'reason': "[1:17196] failed to parse: The [dense_vector] field [embedding] in doc [document with id 'de7093aa-da44-4fe6-b051-6176df43a1f3'] has a different number of dimensions [768] than defined in the mapping [1024]", 'caused_by': {'type': 'illegal_argument_exception', 'reason': "The [dense_vector] field [embedding] in doc [document with id 'de7093aa-da44-4fe6-b051-6176df43a1f3'] has a different number of dimensions [768] than defined in the mapping [1024]"}}}}
2025-11-05 20:58:30,986 - WARNING - Failed item: {'index': {'_index': 'periodic-table-hybrid-search', '_id': 'c281f4c3-1b85-4ceb-ad74-fa20182060b7', 'status': 400, 'error': {'type': 'document_parsing_exception', 'reason': "[1:16790] failed to parse: The [dense_vector] field [embedding] in doc [document with id 'c281f4c3-1b85-4ceb-ad74-fa20182060b7'] has a different number of dimensions [768] than defined in the mapping [1024]", 'caused_by': {'type': 'illegal_argument_exception', 'reason': "The [dense_vector] field [embedding] in doc [document with id 'c281f4c3-1b85-4ceb-ad74-fa20182060b7'] has a different number of dimensions [768] than defined in the mapping [1024]"}}}}
2025-11-05 20:58:30,986 - WARNING - Failed item: {'index': {'_index': 'periodic-table-hybrid-search', '_id': 'd849195b-13ad-4ac4-a847-352e9184f81a', 'status': 400, 'error': {'type': 'document_parsing_exception', 'reason': "[1:19550] failed to parse: The [dense_vector] field [embedding] in doc [document with id 'd849195b-13ad-4ac4-a847-352e9184f81a'] has a different number of dimensions [768] than defined in the mapping [1024]", 'caused_by': {'type': 'illegal_argument_exception', 'reason': "The [dense_vector] field [embedding] in doc [document with id 'd849195b-13ad-4ac4-a847-352e9184f81a'] has a different number of dimensions [768] than defined in the mapping [1024]"}}}}
2025-11-05 20:58:30,986 - WARNING - Failed item: {'index': {'_index': 'periodic-table-hybrid-search', '_id': '9b4e4f4c-4271-41ea-a988-c98baf3d2006', 'status': 400, 'error': {'type': 'document_parsing_exception', 'reason': "[1:17256] failed to parse: The [dense_vector] field [embedding] in doc [document with id '9b4e4f4c-4271-41ea-a988-c98baf3d2006'] has a different number of dimensions [768] than defined in the mapping [1024]", 'caused_by': {'type': 'illegal_argument_exception', 'reason': "The [dense_vector] field [embedding] in doc [document with id '9b4e4f4c-4271-41ea-a988-c98baf3d2006'] has a different number of dimensions [768] than defined in the mapping [1024]"}}}}
2025-11-05 20:58:30,986 - WARNING - Failed item: {'index': {'_index': 'periodic-table-hybrid-search', '_id': '4ed948f2-489b-468c-aec0-4e77d51b8508', 'status': 400, 'error': {'type': 'document_parsing_exception', 'reason': "[1:17224] failed to parse: The [dense_vector] field [embedding] in doc [document with id '4ed948f2-489b-468c-aec0-4e77d51b8508'] has a different number of dimensions [768] than defined in the mapping [1024]", 'caused_by': {'type': 'illegal_argument_exception', 'reason': "The [dense_vector] field [embedding] in doc [document with id '4ed948f2-489b-468c-aec0-4e77d51b8508'] has a different number of dimensions [768] than defined in the mapping [1024]"}}}}
2025-11-05 20:58:30,986 - WARNING - Failed item: {'index': {'_index': 'periodic-table-hybrid-search', '_id': '4d3c5c04-827f-46bc-ad80-32681a1715fe', 'status': 400, 'error': {'type': 'document_parsing_exception', 'reason': "[1:17219] failed to parse: The [dense_vector] field [embedding] in doc [document with id '4d3c5c04-827f-46bc-ad80-32681a1715fe'] has a different number of dimensions [768] than defined in the mapping [1024]", 'caused_by': {'type': 'illegal_argument_exception', 'reason': "The [dense_vector] field [embedding] in doc [document with id '4d3c5c04-827f-46bc-ad80-32681a1715fe'] has a different number of dimensions [768] than defined in the mapping [1024]"}}}}
2025-11-05 20:58:30,986 - WARNING - Failed item: {'index': {'_index': 'periodic-table-hybrid-search', '_id': 'e53af7a2-6640-4650-a7c4-79310a90cc14', 'status': 400, 'error': {'type': 'document_parsing_exception', 'reason': "[1:17205] failed to parse: The [dense_vector] field [embedding] in doc [document with id 'e53af7a2-6640-4650-a7c4-79310a90cc14'] has a different number of dimensions [768] than defined in the mapping [1024]", 'caused_by': {'type': 'illegal_argument_exception', 'reason': "The [dense_vector] field [embedding] in doc [document with id 'e53af7a2-6640-4650-a7c4-79310a90cc14'] has a different number of dimensions [768] than defined in the mapping [1024]"}}}}
2025-11-05 20:58:30,987 - WARNING - Failed item: {'index': {'_index': 'periodic-table-hybrid-search', '_id': '898a23b5-9245-405e-a940-9a44945e78f7', 'status': 400, 'error': {'type': 'document_parsing_exception', 'reason': "[1:16757] failed to parse: The [dense_vector] field [embedding] in doc [document with id '898a23b5-9245-405e-a940-9a44945e78f7'] has a different number of dimensions [768] than defined in the mapping [1024]", 'caused_by': {'type': 'illegal_argument_exception', 'reason': "The [dense_vector] field [embedding] in doc [document with id '898a23b5-9245-405e-a940-9a44945e78f7'] has a different number of dimensions [768] than defined in the mapping [1024]"}}}}
2025-11-05 20:58:30,987 - WARNING - Failed item: {'index': {'_index': 'periodic-table-hybrid-search', '_id': 'b4ba3953-497b-420c-b473-9949248964d0', 'status': 400, 'error': {'type': 'document_parsing_exception', 'reason': "[1:19399] failed to parse: The [dense_vector] field [embedding] in doc [document with id 'b4ba3953-497b-420c-b473-9949248964d0'] has a different number of dimensions [768] than defined in the mapping [1024]", 'caused_by': {'type': 'illegal_argument_exception', 'reason': "The [dense_vector] field [embedding] in doc [document with id 'b4ba3953-497b-420c-b473-9949248964d0'] has a different number of dimensions [768] than defined in the mapping [1024]"}}}}
2025-11-05 20:58:30,987 - WARNING - Failed item: {'index': {'_index': 'periodic-table-hybrid-search', '_id': 'c6c36198-2ef5-4dac-98c8-4005ba8b3486', 'status': 400, 'error': {'type': 'document_parsing_exception', 'reason': "[1:17244] failed to parse: The [dense_vector] field [embedding] in doc [document with id 'c6c36198-2ef5-4dac-98c8-4005ba8b3486'] has a different number of dimensions [768] than defined in the mapping [1024]", 'caused_by': {'type': 'illegal_argument_exception', 'reason': "The [dense_vector] field [embedding] in doc [document with id 'c6c36198-2ef5-4dac-98c8-4005ba8b3486'] has a different number of dimensions [768] than defined in the mapping [1024]"}}}}
2025-11-05 20:58:30,987 - WARNING - Failed item: {'index': {'_index': 'periodic-table-hybrid-search', '_id': '05306b15-46be-459a-8a03-d63fc51918a5', 'status': 400, 'error': {'type': 'document_parsing_exception', 'reason': "[1:17142] failed to parse: The [dense_vector] field [embedding] in doc [document with id '05306b15-46be-459a-8a03-d63fc51918a5'] has a different number of dimensions [768] than defined in the mapping [1024]", 'caused_by': {'type': 'illegal_argument_exception', 'reason': "The [dense_vector] field [embedding] in doc [document with id '05306b15-46be-459a-8a03-d63fc51918a5'] has a different number of dimensions [768] than defined in the mapping [1024]"}}}}
2025-11-05 20:58:30,987 - WARNING - Failed item: {'index': {'_index': 'periodic-table-hybrid-search', '_id': 'cc14ea6c-a64b-40ee-a369-4841f4acf812', 'status': 400, 'error': {'type': 'document_parsing_exception', 'reason': "[1:17277] failed to parse: The [dense_vector] field [embedding] in doc [document with id 'cc14ea6c-a64b-40ee-a369-4841f4acf812'] has a different number of dimensions [768] than defined in the mapping [1024]", 'caused_by': {'type': 'illegal_argument_exception', 'reason': "The [dense_vector] field [embedding] in doc [document with id 'cc14ea6c-a64b-40ee-a369-4841f4acf812'] has a different number of dimensions [768] than defined in the mapping [1024]"}}}}
2025-11-05 20:58:30,987 - WARNING - Failed item: {'index': {'_index': 'periodic-table-hybrid-search', '_id': '1441a753-9a97-43ee-905e-ea522c03eeb8', 'status': 400, 'error': {'type': 'document_parsing_exception', 'reason': "[1:17177] failed to parse: The [dense_vector] field [embedding] in doc [document with id '1441a753-9a97-43ee-905e-ea522c03eeb8'] has a different number of dimensions [768] than defined in the mapping [1024]", 'caused_by': {'type': 'illegal_argument_exception', 'reason': "The [dense_vector] field [embedding] in doc [document with id '1441a753-9a97-43ee-905e-ea522c03eeb8'] has a different number of dimensions [768] than defined in the mapping [1024]"}}}}
2025-11-05 20:58:30,987 - WARNING - Failed item: {'index': {'_index': 'periodic-table-hybrid-search', '_id': '1b3fec8e-3e94-46ac-8915-8af041bfb1b2', 'status': 400, 'error': {'type': 'document_parsing_exception', 'reason': "[1:16728] failed to parse: The [dense_vector] field [embedding] in doc [document with id '1b3fec8e-3e94-46ac-8915-8af041bfb1b2'] has a different number of dimensions [768] than defined in the mapping [1024]", 'caused_by': {'type': 'illegal_argument_exception', 'reason': "The [dense_vector] field [embedding] in doc [document with id '1b3fec8e-3e94-46ac-8915-8af041bfb1b2'] has a different number of dimensions [768] than defined in the mapping [1024]"}}}}
2025-11-05 20:58:30,987 - WARNING - Failed item: {'index': {'_index': 'periodic-table-hybrid-search', '_id': '03dead99-35dd-4f17-94ec-11089a9fce2d', 'status': 400, 'error': {'type': 'document_parsing_exception', 'reason': "[1:17608] failed to parse: The [dense_vector] field [embedding] in doc [document with id '03dead99-35dd-4f17-94ec-11089a9fce2d'] has a different number of dimensions [768] than defined in the mapping [1024]", 'caused_by': {'type': 'illegal_argument_exception', 'reason': "The [dense_vector] field [embedding] in doc [document with id '03dead99-35dd-4f17-94ec-11089a9fce2d'] has a different number of dimensions [768] than defined in the mapping [1024]"}}}}
2025-11-05 20:58:30,987 - WARNING - Failed item: {'index': {'_index': 'periodic-table-hybrid-search', '_id': '678bf315-b788-476a-bbe5-7600eeac522c', 'status': 400, 'error': {'type': 'document_parsing_exception', 'reason': "[1:17257] failed to parse: The [dense_vector] field [embedding] in doc [document with id '678bf315-b788-476a-bbe5-7600eeac522c'] has a different number of dimensions [768] than defined in the mapping [1024]", 'caused_by': {'type': 'illegal_argument_exception', 'reason': "The [dense_vector] field [embedding] in doc [document with id '678bf315-b788-476a-bbe5-7600eeac522c'] has a different number of dimensions [768] than defined in the mapping [1024]"}}}}
2025-11-05 20:58:30,987 - WARNING - Failed item: {'index': {'_index': 'periodic-table-hybrid-search', '_id': 'f16abb4a-92a9-4a69-b2d8-af3e07671305', 'status': 400, 'error': {'type': 'document_parsing_exception', 'reason': "[1:16901] failed to parse: The [dense_vector] field [embedding] in doc [document with id 'f16abb4a-92a9-4a69-b2d8-af3e07671305'] has a different number of dimensions [768] than defined in the mapping [1024]", 'caused_by': {'type': 'illegal_argument_exception', 'reason': "The [dense_vector] field [embedding] in doc [document with id 'f16abb4a-92a9-4a69-b2d8-af3e07671305'] has a different number of dimensions [768] than defined in the mapping [1024]"}}}}
2025-11-05 20:58:30,987 - WARNING - Failed item: {'index': {'_index': 'periodic-table-hybrid-search', '_id': '29e0d3d5-f90f-45a1-8b07-7089c39f33fc', 'status': 400, 'error': {'type': 'document_parsing_exception', 'reason': "[1:27725] failed to parse: The [dense_vector] field [embedding] in doc [document with id '29e0d3d5-f90f-45a1-8b07-7089c39f33fc'] has a different number of dimensions [768] than defined in the mapping [1024]", 'caused_by': {'type': 'illegal_argument_exception', 'reason': "The [dense_vector] field [embedding] in doc [document with id '29e0d3d5-f90f-45a1-8b07-7089c39f33fc'] has a different number of dimensions [768] than defined in the mapping [1024]"}}}}
2025-11-05 20:58:30,987 - WARNING - Failed item: {'index': {'_index': 'periodic-table-hybrid-search', '_id': 'a1bba294-4b6f-4ae0-ab3d-f6d4d8da5ab1', 'status': 400, 'error': {'type': 'document_parsing_exception', 'reason': "[1:19120] failed to parse: The [dense_vector] field [embedding] in doc [document with id 'a1bba294-4b6f-4ae0-ab3d-f6d4d8da5ab1'] has a different number of dimensions [768] than defined in the mapping [1024]", 'caused_by': {'type': 'illegal_argument_exception', 'reason': "The [dense_vector] field [embedding] in doc [document with id 'a1bba294-4b6f-4ae0-ab3d-f6d4d8da5ab1'] has a different number of dimensions [768] than defined in the mapping [1024]"}}}}
2025-11-05 20:58:30,987 - WARNING - Failed item: {'index': {'_index': 'periodic-table-hybrid-search', '_id': '537f6085-480c-4636-952c-a7b4b6c3bf60', 'status': 400, 'error': {'type': 'document_parsing_exception', 'reason': "[1:17257] failed to parse: The [dense_vector] field [embedding] in doc [document with id '537f6085-480c-4636-952c-a7b4b6c3bf60'] has a different number of dimensions [768] than defined in the mapping [1024]", 'caused_by': {'type': 'illegal_argument_exception', 'reason': "The [dense_vector] field [embedding] in doc [document with id '537f6085-480c-4636-952c-a7b4b6c3bf60'] has a different number of dimensions [768] than defined in the mapping [1024]"}}}}
2025-11-05 20:58:30,987 - WARNING - Failed item: {'index': {'_index': 'periodic-table-hybrid-search', '_id': '3f33b261-f2d3-4fdf-a3f7-65ba15397db4', 'status': 400, 'error': {'type': 'document_parsing_exception', 'reason': "[1:17090] failed to parse: The [dense_vector] field [embedding] in doc [document with id '3f33b261-f2d3-4fdf-a3f7-65ba15397db4'] has a different number of dimensions [768] than defined in the mapping [1024]", 'caused_by': {'type': 'illegal_argument_exception', 'reason': "The [dense_vector] field [embedding] in doc [document with id '3f33b261-f2d3-4fdf-a3f7-65ba15397db4'] has a different number of dimensions [768] than defined in the mapping [1024]"}}}}
2025-11-05 20:58:30,987 - WARNING - Failed item: {'index': {'_index': 'periodic-table-hybrid-search', '_id': '7d37f83a-52e2-4037-ac85-a6eebe0ce3b9', 'status': 400, 'error': {'type': 'document_parsing_exception', 'reason': "[1:17036] failed to parse: The [dense_vector] field [embedding] in doc [document with id '7d37f83a-52e2-4037-ac85-a6eebe0ce3b9'] has a different number of dimensions [768] than defined in the mapping [1024]", 'caused_by': {'type': 'illegal_argument_exception', 'reason': "The [dense_vector] field [embedding] in doc [document with id '7d37f83a-52e2-4037-ac85-a6eebe0ce3b9'] has a different number of dimensions [768] than defined in the mapping [1024]"}}}}
2025-11-05 20:58:30,987 - WARNING - Failed item: {'index': {'_index': 'periodic-table-hybrid-search', '_id': '5352ff0f-c15f-4b16-849d-392b1ca36169', 'status': 400, 'error': {'type': 'document_parsing_exception', 'reason': "[1:17102] failed to parse: The [dense_vector] field [embedding] in doc [document with id '5352ff0f-c15f-4b16-849d-392b1ca36169'] has a different number of dimensions [768] than defined in the mapping [1024]", 'caused_by': {'type': 'illegal_argument_exception', 'reason': "The [dense_vector] field [embedding] in doc [document with id '5352ff0f-c15f-4b16-849d-392b1ca36169'] has a different number of dimensions [768] than defined in the mapping [1024]"}}}}
2025-11-05 20:58:30,987 - WARNING - Failed item: {'index': {'_index': 'periodic-table-hybrid-search', '_id': 'abcd2f7c-d737-47b2-bc9b-ca767f714836', 'status': 400, 'error': {'type': 'document_parsing_exception', 'reason': "[1:16725] failed to parse: The [dense_vector] field [embedding] in doc [document with id 'abcd2f7c-d737-47b2-bc9b-ca767f714836'] has a different number of dimensions [768] than defined in the mapping [1024]", 'caused_by': {'type': 'illegal_argument_exception', 'reason': "The [dense_vector] field [embedding] in doc [document with id 'abcd2f7c-d737-47b2-bc9b-ca767f714836'] has a different number of dimensions [768] than defined in the mapping [1024]"}}}}
2025-11-05 20:58:30,987 - WARNING - Failed item: {'index': {'_index': 'periodic-table-hybrid-search', '_id': '43b39172-673a-4d2e-b35a-bfd1cdfc02d3', 'status': 400, 'error': {'type': 'document_parsing_exception', 'reason': "[1:19401] failed to parse: The [dense_vector] field [embedding] in doc [document with id '43b39172-673a-4d2e-b35a-bfd1cdfc02d3'] has a different number of dimensions [768] than defined in the mapping [1024]", 'caused_by': {'type': 'illegal_argument_exception', 'reason': "The [dense_vector] field [embedding] in doc [document with id '43b39172-673a-4d2e-b35a-bfd1cdfc02d3'] has a different number of dimensions [768] than defined in the mapping [1024]"}}}}
2025-11-05 20:58:30,987 - WARNING - Failed item: {'index': {'_index': 'periodic-table-hybrid-search', '_id': '08734ef4-db12-4b1a-8bba-240418d7dc40', 'status': 400, 'error': {'type': 'document_parsing_exception', 'reason': "[1:17139] failed to parse: The [dense_vector] field [embedding] in doc [document with id '08734ef4-db12-4b1a-8bba-240418d7dc40'] has a different number of dimensions [768] than defined in the mapping [1024]", 'caused_by': {'type': 'illegal_argument_exception', 'reason': "The [dense_vector] field [embedding] in doc [document with id '08734ef4-db12-4b1a-8bba-240418d7dc40'] has a different number of dimensions [768] than defined in the mapping [1024]"}}}}
2025-11-05 20:58:30,987 - WARNING - Failed item: {'index': {'_index': 'periodic-table-hybrid-search', '_id': 'efae4e14-54cc-421f-8fdc-d8ed2fe0c032', 'status': 400, 'error': {'type': 'document_parsing_exception', 'reason': "[1:17157] failed to parse: The [dense_vector] field [embedding] in doc [document with id 'efae4e14-54cc-421f-8fdc-d8ed2fe0c032'] has a different number of dimensions [768] than defined in the mapping [1024]", 'caused_by': {'type': 'illegal_argument_exception', 'reason': "The [dense_vector] field [embedding] in doc [document with id 'efae4e14-54cc-421f-8fdc-d8ed2fe0c032'] has a different number of dimensions [768] than defined in the mapping [1024]"}}}}
2025-11-05 20:58:30,987 - WARNING - Failed item: {'index': {'_index': 'periodic-table-hybrid-search', '_id': '3b12a136-6f20-4d7f-a70b-ccd566fe39ea', 'status': 400, 'error': {'type': 'document_parsing_exception', 'reason': "[1:17162] failed to parse: The [dense_vector] field [embedding] in doc [document with id '3b12a136-6f20-4d7f-a70b-ccd566fe39ea'] has a different number of dimensions [768] than defined in the mapping [1024]", 'caused_by': {'type': 'illegal_argument_exception', 'reason': "The [dense_vector] field [embedding] in doc [document with id '3b12a136-6f20-4d7f-a70b-ccd566fe39ea'] has a different number of dimensions [768] than defined in the mapping [1024]"}}}}
2025-11-05 20:58:30,987 - WARNING - Failed item: {'index': {'_index': 'periodic-table-hybrid-search', '_id': '6027e0d0-86bc-47a2-b9fe-1ffb0a9e0b0c', 'status': 400, 'error': {'type': 'document_parsing_exception', 'reason': "[1:17289] failed to parse: The [dense_vector] field [embedding] in doc [document with id '6027e0d0-86bc-47a2-b9fe-1ffb0a9e0b0c'] has a different number of dimensions [768] than defined in the mapping [1024]", 'caused_by': {'type': 'illegal_argument_exception', 'reason': "The [dense_vector] field [embedding] in doc [document with id '6027e0d0-86bc-47a2-b9fe-1ffb0a9e0b0c'] has a different number of dimensions [768] than defined in the mapping [1024]"}}}}
2025-11-05 20:58:30,987 - WARNING - Failed item: {'index': {'_index': 'periodic-table-hybrid-search', '_id': 'd42c29a3-997e-4885-89d8-89a13f5faaab', 'status': 400, 'error': {'type': 'document_parsing_exception', 'reason': "[1:16735] failed to parse: The [dense_vector] field [embedding] in doc [document with id 'd42c29a3-997e-4885-89d8-89a13f5faaab'] has a different number of dimensions [768] than defined in the mapping [1024]", 'caused_by': {'type': 'illegal_argument_exception', 'reason': "The [dense_vector] field [embedding] in doc [document with id 'd42c29a3-997e-4885-89d8-89a13f5faaab'] has a different number of dimensions [768] than defined in the mapping [1024]"}}}}
2025-11-05 20:58:30,987 - WARNING - Failed item: {'index': {'_index': 'periodic-table-hybrid-search', '_id': '68a2d8ba-e2d9-42be-9c4d-288ccd62a52a', 'status': 400, 'error': {'type': 'document_parsing_exception', 'reason': "[1:19443] failed to parse: The [dense_vector] field [embedding] in doc [document with id '68a2d8ba-e2d9-42be-9c4d-288ccd62a52a'] has a different number of dimensions [768] than defined in the mapping [1024]", 'caused_by': {'type': 'illegal_argument_exception', 'reason': "The [dense_vector] field [embedding] in doc [document with id '68a2d8ba-e2d9-42be-9c4d-288ccd62a52a'] has a different number of dimensions [768] than defined in the mapping [1024]"}}}}
2025-11-05 20:58:30,987 - WARNING - Failed item: {'index': {'_index': 'periodic-table-hybrid-search', '_id': '347afe33-567b-4b35-b782-3454fcc10a07', 'status': 400, 'error': {'type': 'document_parsing_exception', 'reason': "[1:17241] failed to parse: The [dense_vector] field [embedding] in doc [document with id '347afe33-567b-4b35-b782-3454fcc10a07'] has a different number of dimensions [768] than defined in the mapping [1024]", 'caused_by': {'type': 'illegal_argument_exception', 'reason': "The [dense_vector] field [embedding] in doc [document with id '347afe33-567b-4b35-b782-3454fcc10a07'] has a different number of dimensions [768] than defined in the mapping [1024]"}}}}
2025-11-05 20:58:30,987 - WARNING - Failed item: {'index': {'_index': 'periodic-table-hybrid-search', '_id': 'd5228860-04f5-49d9-a959-9459bd35f036', 'status': 400, 'error': {'type': 'document_parsing_exception', 'reason': "[1:17245] failed to parse: The [dense_vector] field [embedding] in doc [document with id 'd5228860-04f5-49d9-a959-9459bd35f036'] has a different number of dimensions [768] than defined in the mapping [1024]", 'caused_by': {'type': 'illegal_argument_exception', 'reason': "The [dense_vector] field [embedding] in doc [document with id 'd5228860-04f5-49d9-a959-9459bd35f036'] has a different number of dimensions [768] than defined in the mapping [1024]"}}}}
2025-11-05 20:58:30,987 - WARNING - Failed item: {'index': {'_index': 'periodic-table-hybrid-search', '_id': '57592cf0-5d66-47f8-9535-a16cbe0766ff', 'status': 400, 'error': {'type': 'document_parsing_exception', 'reason': "[1:17194] failed to parse: The [dense_vector] field [embedding] in doc [document with id '57592cf0-5d66-47f8-9535-a16cbe0766ff'] has a different number of dimensions [768] than defined in the mapping [1024]", 'caused_by': {'type': 'illegal_argument_exception', 'reason': "The [dense_vector] field [embedding] in doc [document with id '57592cf0-5d66-47f8-9535-a16cbe0766ff'] has a different number of dimensions [768] than defined in the mapping [1024]"}}}}
2025-11-05 20:58:30,987 - WARNING - Failed item: {'index': {'_index': 'periodic-table-hybrid-search', '_id': 'e9efa5d5-2eb3-49b1-b0b7-1bdbf9d09aee', 'status': 400, 'error': {'type': 'document_parsing_exception', 'reason': "[1:17182] failed to parse: The [dense_vector] field [embedding] in doc [document with id 'e9efa5d5-2eb3-49b1-b0b7-1bdbf9d09aee'] has a different number of dimensions [768] than defined in the mapping [1024]", 'caused_by': {'type': 'illegal_argument_exception', 'reason': "The [dense_vector] field [embedding] in doc [document with id 'e9efa5d5-2eb3-49b1-b0b7-1bdbf9d09aee'] has a different number of dimensions [768] than defined in the mapping [1024]"}}}}
2025-11-05 20:58:30,987 - WARNING - Failed item: {'index': {'_index': 'periodic-table-hybrid-search', '_id': '6bda98f6-5da5-4db5-9fd9-90b6db23a2ea', 'status': 400, 'error': {'type': 'document_parsing_exception', 'reason': "[1:16733] failed to parse: The [dense_vector] field [embedding] in doc [document with id '6bda98f6-5da5-4db5-9fd9-90b6db23a2ea'] has a different number of dimensions [768] than defined in the mapping [1024]", 'caused_by': {'type': 'illegal_argument_exception', 'reason': "The [dense_vector] field [embedding] in doc [document with id '6bda98f6-5da5-4db5-9fd9-90b6db23a2ea'] has a different number of dimensions [768] than defined in the mapping [1024]"}}}}
2025-11-05 20:58:30,987 - WARNING - Failed item: {'index': {'_index': 'periodic-table-hybrid-search', '_id': '90b28850-6807-4769-9dfa-89505d18e9a5', 'status': 400, 'error': {'type': 'document_parsing_exception', 'reason': "[1:19236] failed to parse: The [dense_vector] field [embedding] in doc [document with id '90b28850-6807-4769-9dfa-89505d18e9a5'] has a different number of dimensions [768] than defined in the mapping [1024]", 'caused_by': {'type': 'illegal_argument_exception', 'reason': "The [dense_vector] field [embedding] in doc [document with id '90b28850-6807-4769-9dfa-89505d18e9a5'] has a different number of dimensions [768] than defined in the mapping [1024]"}}}}
2025-11-05 20:58:30,988 - WARNING - Failed item: {'index': {'_index': 'periodic-table-hybrid-search', '_id': 'b9329603-fb97-4f09-b3b5-0bb701b39982', 'status': 400, 'error': {'type': 'document_parsing_exception', 'reason': "[1:17138] failed to parse: The [dense_vector] field [embedding] in doc [document with id 'b9329603-fb97-4f09-b3b5-0bb701b39982'] has a different number of dimensions [768] than defined in the mapping [1024]", 'caused_by': {'type': 'illegal_argument_exception', 'reason': "The [dense_vector] field [embedding] in doc [document with id 'b9329603-fb97-4f09-b3b5-0bb701b39982'] has a different number of dimensions [768] than defined in the mapping [1024]"}}}}
2025-11-05 20:58:30,988 - WARNING - Failed item: {'index': {'_index': 'periodic-table-hybrid-search', '_id': '81d76e41-fc93-4e06-ad64-da9b9d15b4d8', 'status': 400, 'error': {'type': 'document_parsing_exception', 'reason': "[1:17190] failed to parse: The [dense_vector] field [embedding] in doc [document with id '81d76e41-fc93-4e06-ad64-da9b9d15b4d8'] has a different number of dimensions [768] than defined in the mapping [1024]", 'caused_by': {'type': 'illegal_argument_exception', 'reason': "The [dense_vector] field [embedding] in doc [document with id '81d76e41-fc93-4e06-ad64-da9b9d15b4d8'] has a different number of dimensions [768] than defined in the mapping [1024]"}}}}
2025-11-05 20:58:30,988 - WARNING - Failed item: {'index': {'_index': 'periodic-table-hybrid-search', '_id': 'c625bec3-ebd7-4e0c-b5d2-e3438ce8451b', 'status': 400, 'error': {'type': 'document_parsing_exception', 'reason': "[1:17135] failed to parse: The [dense_vector] field [embedding] in doc [document with id 'c625bec3-ebd7-4e0c-b5d2-e3438ce8451b'] has a different number of dimensions [768] than defined in the mapping [1024]", 'caused_by': {'type': 'illegal_argument_exception', 'reason': "The [dense_vector] field [embedding] in doc [document with id 'c625bec3-ebd7-4e0c-b5d2-e3438ce8451b'] has a different number of dimensions [768] than defined in the mapping [1024]"}}}}
2025-11-05 20:58:30,988 - WARNING - Failed item: {'index': {'_index': 'periodic-table-hybrid-search', '_id': '637f5132-a9ac-4d70-9b0e-47d384d377b3', 'status': 400, 'error': {'type': 'document_parsing_exception', 'reason': "[1:17147] failed to parse: The [dense_vector] field [embedding] in doc [document with id '637f5132-a9ac-4d70-9b0e-47d384d377b3'] has a different number of dimensions [768] than defined in the mapping [1024]", 'caused_by': {'type': 'illegal_argument_exception', 'reason': "The [dense_vector] field [embedding] in doc [document with id '637f5132-a9ac-4d70-9b0e-47d384d377b3'] has a different number of dimensions [768] than defined in the mapping [1024]"}}}}
2025-11-05 20:58:30,988 - WARNING - Failed item: {'index': {'_index': 'periodic-table-hybrid-search', '_id': '58e54ee9-32c9-4114-82ea-aee13f292f35', 'status': 400, 'error': {'type': 'document_parsing_exception', 'reason': "[1:16676] failed to parse: The [dense_vector] field [embedding] in doc [document with id '58e54ee9-32c9-4114-82ea-aee13f292f35'] has a different number of dimensions [768] than defined in the mapping [1024]", 'caused_by': {'type': 'illegal_argument_exception', 'reason': "The [dense_vector] field [embedding] in doc [document with id '58e54ee9-32c9-4114-82ea-aee13f292f35'] has a different number of dimensions [768] than defined in the mapping [1024]"}}}}
2025-11-05 20:58:30,988 - WARNING - Failed item: {'index': {'_index': 'periodic-table-hybrid-search', '_id': '04cccac0-5d32-4ded-947e-80689730a468', 'status': 400, 'error': {'type': 'document_parsing_exception', 'reason': "[1:17537] failed to parse: The [dense_vector] field [embedding] in doc [document with id '04cccac0-5d32-4ded-947e-80689730a468'] has a different number of dimensions [768] than defined in the mapping [1024]", 'caused_by': {'type': 'illegal_argument_exception', 'reason': "The [dense_vector] field [embedding] in doc [document with id '04cccac0-5d32-4ded-947e-80689730a468'] has a different number of dimensions [768] than defined in the mapping [1024]"}}}}
2025-11-05 20:58:30,988 - WARNING - Failed item: {'index': {'_index': 'periodic-table-hybrid-search', '_id': 'c40e3bc8-522d-4833-88eb-6ecf30c1f571', 'status': 400, 'error': {'type': 'document_parsing_exception', 'reason': "[1:17100] failed to parse: The [dense_vector] field [embedding] in doc [document with id 'c40e3bc8-522d-4833-88eb-6ecf30c1f571'] has a different number of dimensions [768] than defined in the mapping [1024]", 'caused_by': {'type': 'illegal_argument_exception', 'reason': "The [dense_vector] field [embedding] in doc [document with id 'c40e3bc8-522d-4833-88eb-6ecf30c1f571'] has a different number of dimensions [768] than defined in the mapping [1024]"}}}}
2025-11-05 20:58:34,220 - WARNING - Failed item: {'index': {'_index': 'periodic-table-hybrid-search', '_id': '6c08bdbf-0da3-46f0-81a7-c7096f5ef103', 'status': 400, 'error': {'type': 'document_parsing_exception', 'reason': "[1:16939] failed to parse: The [dense_vector] field [embedding] in doc [document with id '6c08bdbf-0da3-46f0-81a7-c7096f5ef103'] has a different number of dimensions [768] than defined in the mapping [1024]", 'caused_by': {'type': 'illegal_argument_exception', 'reason': "The [dense_vector] field [embedding] in doc [document with id '6c08bdbf-0da3-46f0-81a7-c7096f5ef103'] has a different number of dimensions [768] than defined in the mapping [1024]"}}}}
2025-11-05 20:58:34,220 - WARNING - Failed item: {'index': {'_index': 'periodic-table-hybrid-search', '_id': '37e16c9b-db54-4c32-accd-b5f907da7e25', 'status': 400, 'error': {'type': 'document_parsing_exception', 'reason': "[1:27905] failed to parse: The [dense_vector] field [embedding] in doc [document with id '37e16c9b-db54-4c32-accd-b5f907da7e25'] has a different number of dimensions [768] than defined in the mapping [1024]", 'caused_by': {'type': 'illegal_argument_exception', 'reason': "The [dense_vector] field [embedding] in doc [document with id '37e16c9b-db54-4c32-accd-b5f907da7e25'] has a different number of dimensions [768] than defined in the mapping [1024]"}}}}
2025-11-05 20:58:34,220 - WARNING - Failed item: {'index': {'_index': 'periodic-table-hybrid-search', '_id': '86898168-ffa9-4483-a7f6-fbc6dcc5bbde', 'status': 400, 'error': {'type': 'document_parsing_exception', 'reason': "[1:19340] failed to parse: The [dense_vector] field [embedding] in doc [document with id '86898168-ffa9-4483-a7f6-fbc6dcc5bbde'] has a different number of dimensions [768] than defined in the mapping [1024]", 'caused_by': {'type': 'illegal_argument_exception', 'reason': "The [dense_vector] field [embedding] in doc [document with id '86898168-ffa9-4483-a7f6-fbc6dcc5bbde'] has a different number of dimensions [768] than defined in the mapping [1024]"}}}}
2025-11-05 20:58:34,220 - WARNING - Failed item: {'index': {'_index': 'periodic-table-hybrid-search', '_id': 'ccf21cbc-6e6f-4a0b-9569-3da528825da7', 'status': 400, 'error': {'type': 'document_parsing_exception', 'reason': "[1:17100] failed to parse: The [dense_vector] field [embedding] in doc [document with id 'ccf21cbc-6e6f-4a0b-9569-3da528825da7'] has a different number of dimensions [768] than defined in the mapping [1024]", 'caused_by': {'type': 'illegal_argument_exception', 'reason': "The [dense_vector] field [embedding] in doc [document with id 'ccf21cbc-6e6f-4a0b-9569-3da528825da7'] has a different number of dimensions [768] than defined in the mapping [1024]"}}}}
2025-11-05 20:58:34,220 - WARNING - Failed item: {'index': {'_index': 'periodic-table-hybrid-search', '_id': '2668e4a4-368c-46e0-84a7-6d8f274565c9', 'status': 400, 'error': {'type': 'document_parsing_exception', 'reason': "[1:17123] failed to parse: The [dense_vector] field [embedding] in doc [document with id '2668e4a4-368c-46e0-84a7-6d8f274565c9'] has a different number of dimensions [768] than defined in the mapping [1024]", 'caused_by': {'type': 'illegal_argument_exception', 'reason': "The [dense_vector] field [embedding] in doc [document with id '2668e4a4-368c-46e0-84a7-6d8f274565c9'] has a different number of dimensions [768] than defined in the mapping [1024]"}}}}
2025-11-05 20:58:34,220 - WARNING - Failed item: {'index': {'_index': 'periodic-table-hybrid-search', '_id': '12cf3ec9-22dc-45db-8db2-e8c0b23a88bc', 'status': 400, 'error': {'type': 'document_parsing_exception', 'reason': "[1:17152] failed to parse: The [dense_vector] field [embedding] in doc [document with id '12cf3ec9-22dc-45db-8db2-e8c0b23a88bc'] has a different number of dimensions [768] than defined in the mapping [1024]", 'caused_by': {'type': 'illegal_argument_exception', 'reason': "The [dense_vector] field [embedding] in doc [document with id '12cf3ec9-22dc-45db-8db2-e8c0b23a88bc'] has a different number of dimensions [768] than defined in the mapping [1024]"}}}}
2025-11-05 20:58:34,220 - WARNING - Failed item: {'index': {'_index': 'periodic-table-hybrid-search', '_id': 'ba51b6a4-ef0a-41be-a9d3-801ca0ec0df7', 'status': 400, 'error': {'type': 'document_parsing_exception', 'reason': "[1:17325] failed to parse: The [dense_vector] field [embedding] in doc [document with id 'ba51b6a4-ef0a-41be-a9d3-801ca0ec0df7'] has a different number of dimensions [768] than defined in the mapping [1024]", 'caused_by': {'type': 'illegal_argument_exception', 'reason': "The [dense_vector] field [embedding] in doc [document with id 'ba51b6a4-ef0a-41be-a9d3-801ca0ec0df7'] has a different number of dimensions [768] than defined in the mapping [1024]"}}}}
2025-11-05 20:58:34,220 - WARNING - Failed item: {'index': {'_index': 'periodic-table-hybrid-search', '_id': '367fc2d5-fc05-4382-94c1-00fa500bc9d7', 'status': 400, 'error': {'type': 'document_parsing_exception', 'reason': "[1:16773] failed to parse: The [dense_vector] field [embedding] in doc [document with id '367fc2d5-fc05-4382-94c1-00fa500bc9d7'] has a different number of dimensions [768] than defined in the mapping [1024]", 'caused_by': {'type': 'illegal_argument_exception', 'reason': "The [dense_vector] field [embedding] in doc [document with id '367fc2d5-fc05-4382-94c1-00fa500bc9d7'] has a different number of dimensions [768] than defined in the mapping [1024]"}}}}
2025-11-05 20:58:34,220 - WARNING - Failed item: {'index': {'_index': 'periodic-table-hybrid-search', '_id': '4781fc98-f8de-46e1-96aa-dc9a4777b0c2', 'status': 400, 'error': {'type': 'document_parsing_exception', 'reason': "[1:19373] failed to parse: The [dense_vector] field [embedding] in doc [document with id '4781fc98-f8de-46e1-96aa-dc9a4777b0c2'] has a different number of dimensions [768] than defined in the mapping [1024]", 'caused_by': {'type': 'illegal_argument_exception', 'reason': "The [dense_vector] field [embedding] in doc [document with id '4781fc98-f8de-46e1-96aa-dc9a4777b0c2'] has a different number of dimensions [768] than defined in the mapping [1024]"}}}}
2025-11-05 20:58:34,220 - WARNING - Failed item: {'index': {'_index': 'periodic-table-hybrid-search', '_id': 'd6da06bd-a6c2-4ff3-a5b3-7a41194d4897', 'status': 400, 'error': {'type': 'document_parsing_exception', 'reason': "[1:17262] failed to parse: The [dense_vector] field [embedding] in doc [document with id 'd6da06bd-a6c2-4ff3-a5b3-7a41194d4897'] has a different number of dimensions [768] than defined in the mapping [1024]", 'caused_by': {'type': 'illegal_argument_exception', 'reason': "The [dense_vector] field [embedding] in doc [document with id 'd6da06bd-a6c2-4ff3-a5b3-7a41194d4897'] has a different number of dimensions [768] than defined in the mapping [1024]"}}}}
2025-11-05 20:58:34,220 - WARNING - Failed item: {'index': {'_index': 'periodic-table-hybrid-search', '_id': '538bbab1-a099-4b98-8d7b-4a708d0b3eac', 'status': 400, 'error': {'type': 'document_parsing_exception', 'reason': "[1:17203] failed to parse: The [dense_vector] field [embedding] in doc [document with id '538bbab1-a099-4b98-8d7b-4a708d0b3eac'] has a different number of dimensions [768] than defined in the mapping [1024]", 'caused_by': {'type': 'illegal_argument_exception', 'reason': "The [dense_vector] field [embedding] in doc [document with id '538bbab1-a099-4b98-8d7b-4a708d0b3eac'] has a different number of dimensions [768] than defined in the mapping [1024]"}}}}
2025-11-05 20:58:34,220 - WARNING - Failed item: {'index': {'_index': 'periodic-table-hybrid-search', '_id': 'c20300fd-4f34-49a9-b6c4-4524e42c0cd6', 'status': 400, 'error': {'type': 'document_parsing_exception', 'reason': "[1:17218] failed to parse: The [dense_vector] field [embedding] in doc [document with id 'c20300fd-4f34-49a9-b6c4-4524e42c0cd6'] has a different number of dimensions [768] than defined in the mapping [1024]", 'caused_by': {'type': 'illegal_argument_exception', 'reason': "The [dense_vector] field [embedding] in doc [document with id 'c20300fd-4f34-49a9-b6c4-4524e42c0cd6'] has a different number of dimensions [768] than defined in the mapping [1024]"}}}}
2025-11-05 20:58:34,220 - WARNING - Failed item: {'index': {'_index': 'periodic-table-hybrid-search', '_id': '791d1f6a-882f-4aa5-b0dc-823a67cdabd0', 'status': 400, 'error': {'type': 'document_parsing_exception', 'reason': "[1:17145] failed to parse: The [dense_vector] field [embedding] in doc [document with id '791d1f6a-882f-4aa5-b0dc-823a67cdabd0'] has a different number of dimensions [768] than defined in the mapping [1024]", 'caused_by': {'type': 'illegal_argument_exception', 'reason': "The [dense_vector] field [embedding] in doc [document with id '791d1f6a-882f-4aa5-b0dc-823a67cdabd0'] has a different number of dimensions [768] than defined in the mapping [1024]"}}}}
2025-11-05 20:58:34,220 - WARNING - Failed item: {'index': {'_index': 'periodic-table-hybrid-search', '_id': '5da6e6be-ce2f-426a-8916-52aeec3a1597', 'status': 400, 'error': {'type': 'document_parsing_exception', 'reason': "[1:16668] failed to parse: The [dense_vector] field [embedding] in doc [document with id '5da6e6be-ce2f-426a-8916-52aeec3a1597'] has a different number of dimensions [768] than defined in the mapping [1024]", 'caused_by': {'type': 'illegal_argument_exception', 'reason': "The [dense_vector] field [embedding] in doc [document with id '5da6e6be-ce2f-426a-8916-52aeec3a1597'] has a different number of dimensions [768] than defined in the mapping [1024]"}}}}
2025-11-05 20:58:34,220 - WARNING - Failed item: {'index': {'_index': 'periodic-table-hybrid-search', '_id': 'be69cc86-4ed9-4ff5-82a3-23bdcc051bab', 'status': 400, 'error': {'type': 'document_parsing_exception', 'reason': "[1:19305] failed to parse: The [dense_vector] field [embedding] in doc [document with id 'be69cc86-4ed9-4ff5-82a3-23bdcc051bab'] has a different number of dimensions [768] than defined in the mapping [1024]", 'caused_by': {'type': 'illegal_argument_exception', 'reason': "The [dense_vector] field [embedding] in doc [document with id 'be69cc86-4ed9-4ff5-82a3-23bdcc051bab'] has a different number of dimensions [768] than defined in the mapping [1024]"}}}}
2025-11-05 20:58:34,220 - WARNING - Failed item: {'index': {'_index': 'periodic-table-hybrid-search', '_id': '212c99f6-9a84-4f9e-8c46-61adcaba24a4', 'status': 400, 'error': {'type': 'document_parsing_exception', 'reason': "[1:17138] failed to parse: The [dense_vector] field [embedding] in doc [document with id '212c99f6-9a84-4f9e-8c46-61adcaba24a4'] has a different number of dimensions [768] than defined in the mapping [1024]", 'caused_by': {'type': 'illegal_argument_exception', 'reason': "The [dense_vector] field [embedding] in doc [document with id '212c99f6-9a84-4f9e-8c46-61adcaba24a4'] has a different number of dimensions [768] than defined in the mapping [1024]"}}}}
2025-11-05 20:58:34,220 - WARNING - Failed item: {'index': {'_index': 'periodic-table-hybrid-search', '_id': '48325221-180b-4d12-9a6f-03bb6a882cd6', 'status': 400, 'error': {'type': 'document_parsing_exception', 'reason': "[1:17243] failed to parse: The [dense_vector] field [embedding] in doc [document with id '48325221-180b-4d12-9a6f-03bb6a882cd6'] has a different number of dimensions [768] than defined in the mapping [1024]", 'caused_by': {'type': 'illegal_argument_exception', 'reason': "The [dense_vector] field [embedding] in doc [document with id '48325221-180b-4d12-9a6f-03bb6a882cd6'] has a different number of dimensions [768] than defined in the mapping [1024]"}}}}
2025-11-05 20:58:34,220 - WARNING - Failed item: {'index': {'_index': 'periodic-table-hybrid-search', '_id': '2bf73b21-2b5f-430b-854e-d0b639aa69f1', 'status': 400, 'error': {'type': 'document_parsing_exception', 'reason': "[1:17197] failed to parse: The [dense_vector] field [embedding] in doc [document with id '2bf73b21-2b5f-430b-854e-d0b639aa69f1'] has a different number of dimensions [768] than defined in the mapping [1024]", 'caused_by': {'type': 'illegal_argument_exception', 'reason': "The [dense_vector] field [embedding] in doc [document with id '2bf73b21-2b5f-430b-854e-d0b639aa69f1'] has a different number of dimensions [768] than defined in the mapping [1024]"}}}}
2025-11-05 20:58:34,220 - WARNING - Failed item: {'index': {'_index': 'periodic-table-hybrid-search', '_id': '7558a5df-4db9-4595-821e-6ab1fd8f544f', 'status': 400, 'error': {'type': 'document_parsing_exception', 'reason': "[1:17135] failed to parse: The [dense_vector] field [embedding] in doc [document with id '7558a5df-4db9-4595-821e-6ab1fd8f544f'] has a different number of dimensions [768] than defined in the mapping [1024]", 'caused_by': {'type': 'illegal_argument_exception', 'reason': "The [dense_vector] field [embedding] in doc [document with id '7558a5df-4db9-4595-821e-6ab1fd8f544f'] has a different number of dimensions [768] than defined in the mapping [1024]"}}}}
2025-11-05 20:58:34,220 - WARNING - Failed item: {'index': {'_index': 'periodic-table-hybrid-search', '_id': '8e44e8f3-a832-4c97-8375-d7b0c2b9bf97', 'status': 400, 'error': {'type': 'document_parsing_exception', 'reason': "[1:16697] failed to parse: The [dense_vector] field [embedding] in doc [document with id '8e44e8f3-a832-4c97-8375-d7b0c2b9bf97'] has a different number of dimensions [768] than defined in the mapping [1024]", 'caused_by': {'type': 'illegal_argument_exception', 'reason': "The [dense_vector] field [embedding] in doc [document with id '8e44e8f3-a832-4c97-8375-d7b0c2b9bf97'] has a different number of dimensions [768] than defined in the mapping [1024]"}}}}
2025-11-05 20:58:34,220 - WARNING - Failed item: {'index': {'_index': 'periodic-table-hybrid-search', '_id': 'fba99313-0756-4d0b-a2e7-10fddbcac1bb', 'status': 400, 'error': {'type': 'document_parsing_exception', 'reason': "[1:19402] failed to parse: The [dense_vector] field [embedding] in doc [document with id 'fba99313-0756-4d0b-a2e7-10fddbcac1bb'] has a different number of dimensions [768] than defined in the mapping [1024]", 'caused_by': {'type': 'illegal_argument_exception', 'reason': "The [dense_vector] field [embedding] in doc [document with id 'fba99313-0756-4d0b-a2e7-10fddbcac1bb'] has a different number of dimensions [768] than defined in the mapping [1024]"}}}}
2025-11-05 20:58:34,220 - WARNING - Failed item: {'index': {'_index': 'periodic-table-hybrid-search', '_id': 'faf4c11e-6a81-4925-a778-4f72b9dec63b', 'status': 400, 'error': {'type': 'document_parsing_exception', 'reason': "[1:17199] failed to parse: The [dense_vector] field [embedding] in doc [document with id 'faf4c11e-6a81-4925-a778-4f72b9dec63b'] has a different number of dimensions [768] than defined in the mapping [1024]", 'caused_by': {'type': 'illegal_argument_exception', 'reason': "The [dense_vector] field [embedding] in doc [document with id 'faf4c11e-6a81-4925-a778-4f72b9dec63b'] has a different number of dimensions [768] than defined in the mapping [1024]"}}}}
2025-11-05 20:58:34,220 - WARNING - Failed item: {'index': {'_index': 'periodic-table-hybrid-search', '_id': '614da537-1557-4956-9052-88f7e6c6e3a6', 'status': 400, 'error': {'type': 'document_parsing_exception', 'reason': "[1:17206] failed to parse: The [dense_vector] field [embedding] in doc [document with id '614da537-1557-4956-9052-88f7e6c6e3a6'] has a different number of dimensions [768] than defined in the mapping [1024]", 'caused_by': {'type': 'illegal_argument_exception', 'reason': "The [dense_vector] field [embedding] in doc [document with id '614da537-1557-4956-9052-88f7e6c6e3a6'] has a different number of dimensions [768] than defined in the mapping [1024]"}}}}
2025-11-05 20:58:34,220 - WARNING - Failed item: {'index': {'_index': 'periodic-table-hybrid-search', '_id': '67d81789-de4c-4b1e-9f28-8ce9d8d06993', 'status': 400, 'error': {'type': 'document_parsing_exception', 'reason': "[1:17214] failed to parse: The [dense_vector] field [embedding] in doc [document with id '67d81789-de4c-4b1e-9f28-8ce9d8d06993'] has a different number of dimensions [768] than defined in the mapping [1024]", 'caused_by': {'type': 'illegal_argument_exception', 'reason': "The [dense_vector] field [embedding] in doc [document with id '67d81789-de4c-4b1e-9f28-8ce9d8d06993'] has a different number of dimensions [768] than defined in the mapping [1024]"}}}}
2025-11-05 20:58:34,220 - WARNING - Failed item: {'index': {'_index': 'periodic-table-hybrid-search', '_id': '1f31a549-b41e-467c-809c-d15a5cd7deb3', 'status': 400, 'error': {'type': 'document_parsing_exception', 'reason': "[1:17284] failed to parse: The [dense_vector] field [embedding] in doc [document with id '1f31a549-b41e-467c-809c-d15a5cd7deb3'] has a different number of dimensions [768] than defined in the mapping [1024]", 'caused_by': {'type': 'illegal_argument_exception', 'reason': "The [dense_vector] field [embedding] in doc [document with id '1f31a549-b41e-467c-809c-d15a5cd7deb3'] has a different number of dimensions [768] than defined in the mapping [1024]"}}}}
2025-11-05 20:58:34,220 - WARNING - Failed item: {'index': {'_index': 'periodic-table-hybrid-search', '_id': '8a238028-86cd-4ad3-a5e8-7f0502b6cad8', 'status': 400, 'error': {'type': 'document_parsing_exception', 'reason': "[1:16707] failed to parse: The [dense_vector] field [embedding] in doc [document with id '8a238028-86cd-4ad3-a5e8-7f0502b6cad8'] has a different number of dimensions [768] than defined in the mapping [1024]", 'caused_by': {'type': 'illegal_argument_exception', 'reason': "The [dense_vector] field [embedding] in doc [document with id '8a238028-86cd-4ad3-a5e8-7f0502b6cad8'] has a different number of dimensions [768] than defined in the mapping [1024]"}}}}
2025-11-05 20:58:34,220 - WARNING - Failed item: {'index': {'_index': 'periodic-table-hybrid-search', '_id': '676ac39a-e59c-44a8-830e-d2b3db6dfe94', 'status': 400, 'error': {'type': 'document_parsing_exception', 'reason': "[1:17461] failed to parse: The [dense_vector] field [embedding] in doc [document with id '676ac39a-e59c-44a8-830e-d2b3db6dfe94'] has a different number of dimensions [768] than defined in the mapping [1024]", 'caused_by': {'type': 'illegal_argument_exception', 'reason': "The [dense_vector] field [embedding] in doc [document with id '676ac39a-e59c-44a8-830e-d2b3db6dfe94'] has a different number of dimensions [768] than defined in the mapping [1024]"}}}}
2025-11-05 20:58:34,220 - WARNING - Failed item: {'index': {'_index': 'periodic-table-hybrid-search', '_id': '3007e5a0-7f10-471c-8449-f82d529ad7f2', 'status': 400, 'error': {'type': 'document_parsing_exception', 'reason': "[1:17093] failed to parse: The [dense_vector] field [embedding] in doc [document with id '3007e5a0-7f10-471c-8449-f82d529ad7f2'] has a different number of dimensions [768] than defined in the mapping [1024]", 'caused_by': {'type': 'illegal_argument_exception', 'reason': "The [dense_vector] field [embedding] in doc [document with id '3007e5a0-7f10-471c-8449-f82d529ad7f2'] has a different number of dimensions [768] than defined in the mapping [1024]"}}}}
2025-11-05 20:58:34,220 - WARNING - Failed item: {'index': {'_index': 'periodic-table-hybrid-search', '_id': '4e76d720-6469-434e-be1d-67048348fecf', 'status': 400, 'error': {'type': 'document_parsing_exception', 'reason': "[1:16933] failed to parse: The [dense_vector] field [embedding] in doc [document with id '4e76d720-6469-434e-be1d-67048348fecf'] has a different number of dimensions [768] than defined in the mapping [1024]", 'caused_by': {'type': 'illegal_argument_exception', 'reason': "The [dense_vector] field [embedding] in doc [document with id '4e76d720-6469-434e-be1d-67048348fecf'] has a different number of dimensions [768] than defined in the mapping [1024]"}}}}
2025-11-05 20:58:34,220 - WARNING - Failed item: {'index': {'_index': 'periodic-table-hybrid-search', '_id': 'd431d374-9d50-4900-8b0d-66e3c0b0971f', 'status': 400, 'error': {'type': 'document_parsing_exception', 'reason': "[1:28284] failed to parse: The [dense_vector] field [embedding] in doc [document with id 'd431d374-9d50-4900-8b0d-66e3c0b0971f'] has a different number of dimensions [768] than defined in the mapping [1024]", 'caused_by': {'type': 'illegal_argument_exception', 'reason': "The [dense_vector] field [embedding] in doc [document with id 'd431d374-9d50-4900-8b0d-66e3c0b0971f'] has a different number of dimensions [768] than defined in the mapping [1024]"}}}}
2025-11-05 20:58:34,220 - WARNING - Failed item: {'index': {'_index': 'periodic-table-hybrid-search', '_id': 'e611010c-e703-416e-ab0b-3e57174645c0', 'status': 400, 'error': {'type': 'document_parsing_exception', 'reason': "[1:19308] failed to parse: The [dense_vector] field [embedding] in doc [document with id 'e611010c-e703-416e-ab0b-3e57174645c0'] has a different number of dimensions [768] than defined in the mapping [1024]", 'caused_by': {'type': 'illegal_argument_exception', 'reason': "The [dense_vector] field [embedding] in doc [document with id 'e611010c-e703-416e-ab0b-3e57174645c0'] has a different number of dimensions [768] than defined in the mapping [1024]"}}}}
2025-11-05 20:58:34,220 - WARNING - Failed item: {'index': {'_index': 'periodic-table-hybrid-search', '_id': 'd3448dc6-9cc8-47fc-83b5-ad077dcf5599', 'status': 400, 'error': {'type': 'document_parsing_exception', 'reason': "[1:17093] failed to parse: The [dense_vector] field [embedding] in doc [document with id 'd3448dc6-9cc8-47fc-83b5-ad077dcf5599'] has a different number of dimensions [768] than defined in the mapping [1024]", 'caused_by': {'type': 'illegal_argument_exception', 'reason': "The [dense_vector] field [embedding] in doc [document with id 'd3448dc6-9cc8-47fc-83b5-ad077dcf5599'] has a different number of dimensions [768] than defined in the mapping [1024]"}}}}
2025-11-05 20:58:34,220 - WARNING - Failed item: {'index': {'_index': 'periodic-table-hybrid-search', '_id': '0b7f7c52-35c9-43b9-bc72-7e6559cd4ab2', 'status': 400, 'error': {'type': 'document_parsing_exception', 'reason': "[1:17129] failed to parse: The [dense_vector] field [embedding] in doc [document with id '0b7f7c52-35c9-43b9-bc72-7e6559cd4ab2'] has a different number of dimensions [768] than defined in the mapping [1024]", 'caused_by': {'type': 'illegal_argument_exception', 'reason': "The [dense_vector] field [embedding] in doc [document with id '0b7f7c52-35c9-43b9-bc72-7e6559cd4ab2'] has a different number of dimensions [768] than defined in the mapping [1024]"}}}}
2025-11-05 20:58:34,220 - WARNING - Failed item: {'index': {'_index': 'periodic-table-hybrid-search', '_id': '38dc4fe8-d19a-402f-8562-854f497d9624', 'status': 400, 'error': {'type': 'document_parsing_exception', 'reason': "[1:17274] failed to parse: The [dense_vector] field [embedding] in doc [document with id '38dc4fe8-d19a-402f-8562-854f497d9624'] has a different number of dimensions [768] than defined in the mapping [1024]", 'caused_by': {'type': 'illegal_argument_exception', 'reason': "The [dense_vector] field [embedding] in doc [document with id '38dc4fe8-d19a-402f-8562-854f497d9624'] has a different number of dimensions [768] than defined in the mapping [1024]"}}}}
2025-11-05 20:58:34,220 - WARNING - Failed item: {'index': {'_index': 'periodic-table-hybrid-search', '_id': '17c20ea7-d56d-444c-aee4-7a408276a5ff', 'status': 400, 'error': {'type': 'document_parsing_exception', 'reason': "[1:17231] failed to parse: The [dense_vector] field [embedding] in doc [document with id '17c20ea7-d56d-444c-aee4-7a408276a5ff'] has a different number of dimensions [768] than defined in the mapping [1024]", 'caused_by': {'type': 'illegal_argument_exception', 'reason': "The [dense_vector] field [embedding] in doc [document with id '17c20ea7-d56d-444c-aee4-7a408276a5ff'] has a different number of dimensions [768] than defined in the mapping [1024]"}}}}
2025-11-05 20:58:34,220 - WARNING - Failed item: {'index': {'_index': 'periodic-table-hybrid-search', '_id': '9d6d270a-30a5-4cb4-ad67-c864670718cf', 'status': 400, 'error': {'type': 'document_parsing_exception', 'reason': "[1:16708] failed to parse: The [dense_vector] field [embedding] in doc [document with id '9d6d270a-30a5-4cb4-ad67-c864670718cf'] has a different number of dimensions [768] than defined in the mapping [1024]", 'caused_by': {'type': 'illegal_argument_exception', 'reason': "The [dense_vector] field [embedding] in doc [document with id '9d6d270a-30a5-4cb4-ad67-c864670718cf'] has a different number of dimensions [768] than defined in the mapping [1024]"}}}}
2025-11-05 20:58:34,220 - WARNING - Failed item: {'index': {'_index': 'periodic-table-hybrid-search', '_id': '814aac50-63fb-421f-944e-affdf03c4514', 'status': 400, 'error': {'type': 'document_parsing_exception', 'reason': "[1:19390] failed to parse: The [dense_vector] field [embedding] in doc [document with id '814aac50-63fb-421f-944e-affdf03c4514'] has a different number of dimensions [768] than defined in the mapping [1024]", 'caused_by': {'type': 'illegal_argument_exception', 'reason': "The [dense_vector] field [embedding] in doc [document with id '814aac50-63fb-421f-944e-affdf03c4514'] has a different number of dimensions [768] than defined in the mapping [1024]"}}}}
2025-11-05 20:58:34,220 - WARNING - Failed item: {'index': {'_index': 'periodic-table-hybrid-search', '_id': '397a9a29-78bb-423d-8a69-e039f00438f1', 'status': 400, 'error': {'type': 'document_parsing_exception', 'reason': "[1:17198] failed to parse: The [dense_vector] field [embedding] in doc [document with id '397a9a29-78bb-423d-8a69-e039f00438f1'] has a different number of dimensions [768] than defined in the mapping [1024]", 'caused_by': {'type': 'illegal_argument_exception', 'reason': "The [dense_vector] field [embedding] in doc [document with id '397a9a29-78bb-423d-8a69-e039f00438f1'] has a different number of dimensions [768] than defined in the mapping [1024]"}}}}
2025-11-05 20:58:34,220 - WARNING - Failed item: {'index': {'_index': 'periodic-table-hybrid-search', '_id': '30375816-e7f5-4af7-a7b2-6a5eddcbb187', 'status': 400, 'error': {'type': 'document_parsing_exception', 'reason': "[1:17215] failed to parse: The [dense_vector] field [embedding] in doc [document with id '30375816-e7f5-4af7-a7b2-6a5eddcbb187'] has a different number of dimensions [768] than defined in the mapping [1024]", 'caused_by': {'type': 'illegal_argument_exception', 'reason': "The [dense_vector] field [embedding] in doc [document with id '30375816-e7f5-4af7-a7b2-6a5eddcbb187'] has a different number of dimensions [768] than defined in the mapping [1024]"}}}}
2025-11-05 20:58:34,220 - WARNING - Failed item: {'index': {'_index': 'periodic-table-hybrid-search', '_id': '087cb250-e5a3-4282-81fc-d430fbb73f59', 'status': 400, 'error': {'type': 'document_parsing_exception', 'reason': "[1:17199] failed to parse: The [dense_vector] field [embedding] in doc [document with id '087cb250-e5a3-4282-81fc-d430fbb73f59'] has a different number of dimensions [768] than defined in the mapping [1024]", 'caused_by': {'type': 'illegal_argument_exception', 'reason': "The [dense_vector] field [embedding] in doc [document with id '087cb250-e5a3-4282-81fc-d430fbb73f59'] has a different number of dimensions [768] than defined in the mapping [1024]"}}}}
2025-11-05 20:58:34,220 - WARNING - Failed item: {'index': {'_index': 'periodic-table-hybrid-search', '_id': '1729eb11-0356-4112-8d98-1e044c657296', 'status': 400, 'error': {'type': 'document_parsing_exception', 'reason': "[1:17251] failed to parse: The [dense_vector] field [embedding] in doc [document with id '1729eb11-0356-4112-8d98-1e044c657296'] has a different number of dimensions [768] than defined in the mapping [1024]", 'caused_by': {'type': 'illegal_argument_exception', 'reason': "The [dense_vector] field [embedding] in doc [document with id '1729eb11-0356-4112-8d98-1e044c657296'] has a different number of dimensions [768] than defined in the mapping [1024]"}}}}
2025-11-05 20:58:34,221 - WARNING - Failed item: {'index': {'_index': 'periodic-table-hybrid-search', '_id': 'f70ab59d-96a5-4f1f-8c6d-540cfd1f34b5', 'status': 400, 'error': {'type': 'document_parsing_exception', 'reason': "[1:16751] failed to parse: The [dense_vector] field [embedding] in doc [document with id 'f70ab59d-96a5-4f1f-8c6d-540cfd1f34b5'] has a different number of dimensions [768] than defined in the mapping [1024]", 'caused_by': {'type': 'illegal_argument_exception', 'reason': "The [dense_vector] field [embedding] in doc [document with id 'f70ab59d-96a5-4f1f-8c6d-540cfd1f34b5'] has a different number of dimensions [768] than defined in the mapping [1024]"}}}}
2025-11-05 20:58:34,221 - WARNING - Failed item: {'index': {'_index': 'periodic-table-hybrid-search', '_id': '8cb0c312-ca73-488a-acfc-4c755e78f21e', 'status': 400, 'error': {'type': 'document_parsing_exception', 'reason': "[1:19430] failed to parse: The [dense_vector] field [embedding] in doc [document with id '8cb0c312-ca73-488a-acfc-4c755e78f21e'] has a different number of dimensions [768] than defined in the mapping [1024]", 'caused_by': {'type': 'illegal_argument_exception', 'reason': "The [dense_vector] field [embedding] in doc [document with id '8cb0c312-ca73-488a-acfc-4c755e78f21e'] has a different number of dimensions [768] than defined in the mapping [1024]"}}}}
2025-11-05 20:58:34,221 - WARNING - Failed item: {'index': {'_index': 'periodic-table-hybrid-search', '_id': 'da54c49f-d4e2-41d8-a232-c8a9f12c4306', 'status': 400, 'error': {'type': 'document_parsing_exception', 'reason': "[1:17133] failed to parse: The [dense_vector] field [embedding] in doc [document with id 'da54c49f-d4e2-41d8-a232-c8a9f12c4306'] has a different number of dimensions [768] than defined in the mapping [1024]", 'caused_by': {'type': 'illegal_argument_exception', 'reason': "The [dense_vector] field [embedding] in doc [document with id 'da54c49f-d4e2-41d8-a232-c8a9f12c4306'] has a different number of dimensions [768] than defined in the mapping [1024]"}}}}
2025-11-05 20:58:34,221 - WARNING - Failed item: {'index': {'_index': 'periodic-table-hybrid-search', '_id': 'e5c3a076-73e5-4ab7-9819-e79234f853d3', 'status': 400, 'error': {'type': 'document_parsing_exception', 'reason': "[1:17169] failed to parse: The [dense_vector] field [embedding] in doc [document with id 'e5c3a076-73e5-4ab7-9819-e79234f853d3'] has a different number of dimensions [768] than defined in the mapping [1024]", 'caused_by': {'type': 'illegal_argument_exception', 'reason': "The [dense_vector] field [embedding] in doc [document with id 'e5c3a076-73e5-4ab7-9819-e79234f853d3'] has a different number of dimensions [768] than defined in the mapping [1024]"}}}}
2025-11-05 20:58:34,221 - WARNING - Failed item: {'index': {'_index': 'periodic-table-hybrid-search', '_id': 'a0b4a097-764b-4878-b148-bed5f65e0fa2', 'status': 400, 'error': {'type': 'document_parsing_exception', 'reason': "[1:17218] failed to parse: The [dense_vector] field [embedding] in doc [document with id 'a0b4a097-764b-4878-b148-bed5f65e0fa2'] has a different number of dimensions [768] than defined in the mapping [1024]", 'caused_by': {'type': 'illegal_argument_exception', 'reason': "The [dense_vector] field [embedding] in doc [document with id 'a0b4a097-764b-4878-b148-bed5f65e0fa2'] has a different number of dimensions [768] than defined in the mapping [1024]"}}}}
2025-11-05 20:58:34,221 - WARNING - Failed item: {'index': {'_index': 'periodic-table-hybrid-search', '_id': 'f538546e-9508-4a57-96fb-94880fb1d335', 'status': 400, 'error': {'type': 'document_parsing_exception', 'reason': "[1:17221] failed to parse: The [dense_vector] field [embedding] in doc [document with id 'f538546e-9508-4a57-96fb-94880fb1d335'] has a different number of dimensions [768] than defined in the mapping [1024]", 'caused_by': {'type': 'illegal_argument_exception', 'reason': "The [dense_vector] field [embedding] in doc [document with id 'f538546e-9508-4a57-96fb-94880fb1d335'] has a different number of dimensions [768] than defined in the mapping [1024]"}}}}
2025-11-05 20:58:34,221 - WARNING - Failed item: {'index': {'_index': 'periodic-table-hybrid-search', '_id': '7e10cf4b-f2f9-4b3f-b6e7-717614ec38a5', 'status': 400, 'error': {'type': 'document_parsing_exception', 'reason': "[1:16789] failed to parse: The [dense_vector] field [embedding] in doc [document with id '7e10cf4b-f2f9-4b3f-b6e7-717614ec38a5'] has a different number of dimensions [768] than defined in the mapping [1024]", 'caused_by': {'type': 'illegal_argument_exception', 'reason': "The [dense_vector] field [embedding] in doc [document with id '7e10cf4b-f2f9-4b3f-b6e7-717614ec38a5'] has a different number of dimensions [768] than defined in the mapping [1024]"}}}}
2025-11-05 20:58:34,221 - WARNING - Failed item: {'index': {'_index': 'periodic-table-hybrid-search', '_id': 'b5e3dd7d-a2cd-4c1f-b74b-4cdf7e612b8a', 'status': 400, 'error': {'type': 'document_parsing_exception', 'reason': "[1:19626] failed to parse: The [dense_vector] field [embedding] in doc [document with id 'b5e3dd7d-a2cd-4c1f-b74b-4cdf7e612b8a'] has a different number of dimensions [768] than defined in the mapping [1024]", 'caused_by': {'type': 'illegal_argument_exception', 'reason': "The [dense_vector] field [embedding] in doc [document with id 'b5e3dd7d-a2cd-4c1f-b74b-4cdf7e612b8a'] has a different number of dimensions [768] than defined in the mapping [1024]"}}}}
2025-11-05 20:58:34,221 - WARNING - Failed item: {'index': {'_index': 'periodic-table-hybrid-search', '_id': 'f3da25f9-4070-413a-ab77-92ed6405d746', 'status': 400, 'error': {'type': 'document_parsing_exception', 'reason': "[1:17267] failed to parse: The [dense_vector] field [embedding] in doc [document with id 'f3da25f9-4070-413a-ab77-92ed6405d746'] has a different number of dimensions [768] than defined in the mapping [1024]", 'caused_by': {'type': 'illegal_argument_exception', 'reason': "The [dense_vector] field [embedding] in doc [document with id 'f3da25f9-4070-413a-ab77-92ed6405d746'] has a different number of dimensions [768] than defined in the mapping [1024]"}}}}
2025-11-05 20:58:34,221 - WARNING - Failed item: {'index': {'_index': 'periodic-table-hybrid-search', '_id': 'f4f0fa0c-4554-4194-a6e1-2a1a353d8302', 'status': 400, 'error': {'type': 'document_parsing_exception', 'reason': "[1:17316] failed to parse: The [dense_vector] field [embedding] in doc [document with id 'f4f0fa0c-4554-4194-a6e1-2a1a353d8302'] has a different number of dimensions [768] than defined in the mapping [1024]", 'caused_by': {'type': 'illegal_argument_exception', 'reason': "The [dense_vector] field [embedding] in doc [document with id 'f4f0fa0c-4554-4194-a6e1-2a1a353d8302'] has a different number of dimensions [768] than defined in the mapping [1024]"}}}}
2025-11-05 20:58:34,221 - WARNING - Failed item: {'index': {'_index': 'periodic-table-hybrid-search', '_id': 'ca99c3fc-118a-4291-a458-cd3ac32beb6a', 'status': 400, 'error': {'type': 'document_parsing_exception', 'reason': "[1:17289] failed to parse: The [dense_vector] field [embedding] in doc [document with id 'ca99c3fc-118a-4291-a458-cd3ac32beb6a'] has a different number of dimensions [768] than defined in the mapping [1024]", 'caused_by': {'type': 'illegal_argument_exception', 'reason': "The [dense_vector] field [embedding] in doc [document with id 'ca99c3fc-118a-4291-a458-cd3ac32beb6a'] has a different number of dimensions [768] than defined in the mapping [1024]"}}}}
2025-11-05 20:58:34,221 - WARNING - Failed item: {'index': {'_index': 'periodic-table-hybrid-search', '_id': '81513109-912f-4f60-a1f0-7db1ef49f5cb', 'status': 400, 'error': {'type': 'document_parsing_exception', 'reason': "[1:17233] failed to parse: The [dense_vector] field [embedding] in doc [document with id '81513109-912f-4f60-a1f0-7db1ef49f5cb'] has a different number of dimensions [768] than defined in the mapping [1024]", 'caused_by': {'type': 'illegal_argument_exception', 'reason': "The [dense_vector] field [embedding] in doc [document with id '81513109-912f-4f60-a1f0-7db1ef49f5cb'] has a different number of dimensions [768] than defined in the mapping [1024]"}}}}
2025-11-05 20:58:34,221 - WARNING - Failed item: {'index': {'_index': 'periodic-table-hybrid-search', '_id': '2420ba04-bbb1-4ed4-8beb-05a8d4475bb1', 'status': 400, 'error': {'type': 'document_parsing_exception', 'reason': "[1:16731] failed to parse: The [dense_vector] field [embedding] in doc [document with id '2420ba04-bbb1-4ed4-8beb-05a8d4475bb1'] has a different number of dimensions [768] than defined in the mapping [1024]", 'caused_by': {'type': 'illegal_argument_exception', 'reason': "The [dense_vector] field [embedding] in doc [document with id '2420ba04-bbb1-4ed4-8beb-05a8d4475bb1'] has a different number of dimensions [768] than defined in the mapping [1024]"}}}}
2025-11-05 20:58:34,221 - WARNING - Failed item: {'index': {'_index': 'periodic-table-hybrid-search', '_id': '8ec1d209-1769-47f6-83e9-6dc0d4a34ff2', 'status': 400, 'error': {'type': 'document_parsing_exception', 'reason': "[1:17636] failed to parse: The [dense_vector] field [embedding] in doc [document with id '8ec1d209-1769-47f6-83e9-6dc0d4a34ff2'] has a different number of dimensions [768] than defined in the mapping [1024]", 'caused_by': {'type': 'illegal_argument_exception', 'reason': "The [dense_vector] field [embedding] in doc [document with id '8ec1d209-1769-47f6-83e9-6dc0d4a34ff2'] has a different number of dimensions [768] than defined in the mapping [1024]"}}}}
2025-11-05 20:58:34,221 - WARNING - Failed item: {'index': {'_index': 'periodic-table-hybrid-search', '_id': '3659a7d7-88e1-4b9f-b3ca-7a5efc931814', 'status': 400, 'error': {'type': 'document_parsing_exception', 'reason': "[1:17209] failed to parse: The [dense_vector] field [embedding] in doc [document with id '3659a7d7-88e1-4b9f-b3ca-7a5efc931814'] has a different number of dimensions [768] than defined in the mapping [1024]", 'caused_by': {'type': 'illegal_argument_exception', 'reason': "The [dense_vector] field [embedding] in doc [document with id '3659a7d7-88e1-4b9f-b3ca-7a5efc931814'] has a different number of dimensions [768] than defined in the mapping [1024]"}}}}
2025-11-05 20:58:34,221 - WARNING - Failed item: {'index': {'_index': 'periodic-table-hybrid-search', '_id': '0d8a79a7-7931-4d37-a620-943ff246203f', 'status': 400, 'error': {'type': 'document_parsing_exception', 'reason': "[1:16960] failed to parse: The [dense_vector] field [embedding] in doc [document with id '0d8a79a7-7931-4d37-a620-943ff246203f'] has a different number of dimensions [768] than defined in the mapping [1024]", 'caused_by': {'type': 'illegal_argument_exception', 'reason': "The [dense_vector] field [embedding] in doc [document with id '0d8a79a7-7931-4d37-a620-943ff246203f'] has a different number of dimensions [768] than defined in the mapping [1024]"}}}}
2025-11-05 20:58:34,221 - WARNING - Failed item: {'index': {'_index': 'periodic-table-hybrid-search', '_id': '5274d419-19c8-41c4-a801-2dd47a539dc7', 'status': 400, 'error': {'type': 'document_parsing_exception', 'reason': "[1:28240] failed to parse: The [dense_vector] field [embedding] in doc [document with id '5274d419-19c8-41c4-a801-2dd47a539dc7'] has a different number of dimensions [768] than defined in the mapping [1024]", 'caused_by': {'type': 'illegal_argument_exception', 'reason': "The [dense_vector] field [embedding] in doc [document with id '5274d419-19c8-41c4-a801-2dd47a539dc7'] has a different number of dimensions [768] than defined in the mapping [1024]"}}}}
2025-11-05 20:58:34,221 - WARNING - Failed item: {'index': {'_index': 'periodic-table-hybrid-search', '_id': 'faa9872e-bf11-4c99-aad3-b3be4cf78772', 'status': 400, 'error': {'type': 'document_parsing_exception', 'reason': "[1:19318] failed to parse: The [dense_vector] field [embedding] in doc [document with id 'faa9872e-bf11-4c99-aad3-b3be4cf78772'] has a different number of dimensions [768] than defined in the mapping [1024]", 'caused_by': {'type': 'illegal_argument_exception', 'reason': "The [dense_vector] field [embedding] in doc [document with id 'faa9872e-bf11-4c99-aad3-b3be4cf78772'] has a different number of dimensions [768] than defined in the mapping [1024]"}}}}
2025-11-05 20:58:34,221 - WARNING - Failed item: {'index': {'_index': 'periodic-table-hybrid-search', '_id': '82380570-ec3e-4e0e-b6fa-c3e02ca13d9d', 'status': 400, 'error': {'type': 'document_parsing_exception', 'reason': "[1:17209] failed to parse: The [dense_vector] field [embedding] in doc [document with id '82380570-ec3e-4e0e-b6fa-c3e02ca13d9d'] has a different number of dimensions [768] than defined in the mapping [1024]", 'caused_by': {'type': 'illegal_argument_exception', 'reason': "The [dense_vector] field [embedding] in doc [document with id '82380570-ec3e-4e0e-b6fa-c3e02ca13d9d'] has a different number of dimensions [768] than defined in the mapping [1024]"}}}}
2025-11-05 20:58:34,221 - WARNING - Failed item: {'index': {'_index': 'periodic-table-hybrid-search', '_id': '024a8338-1c9c-40cf-9714-43517e2dfde3', 'status': 400, 'error': {'type': 'document_parsing_exception', 'reason': "[1:17208] failed to parse: The [dense_vector] field [embedding] in doc [document with id '024a8338-1c9c-40cf-9714-43517e2dfde3'] has a different number of dimensions [768] than defined in the mapping [1024]", 'caused_by': {'type': 'illegal_argument_exception', 'reason': "The [dense_vector] field [embedding] in doc [document with id '024a8338-1c9c-40cf-9714-43517e2dfde3'] has a different number of dimensions [768] than defined in the mapping [1024]"}}}}
2025-11-05 20:58:34,221 - WARNING - Failed item: {'index': {'_index': 'periodic-table-hybrid-search', '_id': 'aecfac61-b005-4b0a-b828-a0b40c05bc6f', 'status': 400, 'error': {'type': 'document_parsing_exception', 'reason': "[1:17181] failed to parse: The [dense_vector] field [embedding] in doc [document with id 'aecfac61-b005-4b0a-b828-a0b40c05bc6f'] has a different number of dimensions [768] than defined in the mapping [1024]", 'caused_by': {'type': 'illegal_argument_exception', 'reason': "The [dense_vector] field [embedding] in doc [document with id 'aecfac61-b005-4b0a-b828-a0b40c05bc6f'] has a different number of dimensions [768] than defined in the mapping [1024]"}}}}
2025-11-05 20:58:34,221 - WARNING - Failed item: {'index': {'_index': 'periodic-table-hybrid-search', '_id': 'e3f8f144-8607-49c0-8c73-5b6350d4c5cf', 'status': 400, 'error': {'type': 'document_parsing_exception', 'reason': "[1:17136] failed to parse: The [dense_vector] field [embedding] in doc [document with id 'e3f8f144-8607-49c0-8c73-5b6350d4c5cf'] has a different number of dimensions [768] than defined in the mapping [1024]", 'caused_by': {'type': 'illegal_argument_exception', 'reason': "The [dense_vector] field [embedding] in doc [document with id 'e3f8f144-8607-49c0-8c73-5b6350d4c5cf'] has a different number of dimensions [768] than defined in the mapping [1024]"}}}}
2025-11-05 20:58:34,221 - WARNING - Failed item: {'index': {'_index': 'periodic-table-hybrid-search', '_id': '2fc03e20-8daf-4e3c-bd48-97dbfee23776', 'status': 400, 'error': {'type': 'document_parsing_exception', 'reason': "[1:16727] failed to parse: The [dense_vector] field [embedding] in doc [document with id '2fc03e20-8daf-4e3c-bd48-97dbfee23776'] has a different number of dimensions [768] than defined in the mapping [1024]", 'caused_by': {'type': 'illegal_argument_exception', 'reason': "The [dense_vector] field [embedding] in doc [document with id '2fc03e20-8daf-4e3c-bd48-97dbfee23776'] has a different number of dimensions [768] than defined in the mapping [1024]"}}}}
2025-11-05 20:58:34,221 - WARNING - Failed item: {'index': {'_index': 'periodic-table-hybrid-search', '_id': 'e6b3b301-c209-4e65-a81d-49dc6a2645d4', 'status': 400, 'error': {'type': 'document_parsing_exception', 'reason': "[1:19321] failed to parse: The [dense_vector] field [embedding] in doc [document with id 'e6b3b301-c209-4e65-a81d-49dc6a2645d4'] has a different number of dimensions [768] than defined in the mapping [1024]", 'caused_by': {'type': 'illegal_argument_exception', 'reason': "The [dense_vector] field [embedding] in doc [document with id 'e6b3b301-c209-4e65-a81d-49dc6a2645d4'] has a different number of dimensions [768] than defined in the mapping [1024]"}}}}
2025-11-05 20:58:34,221 - WARNING - Failed item: {'index': {'_index': 'periodic-table-hybrid-search', '_id': 'c6401326-c13f-4b91-ba95-60e3a0fe4f8f', 'status': 400, 'error': {'type': 'document_parsing_exception', 'reason': "[1:17216] failed to parse: The [dense_vector] field [embedding] in doc [document with id 'c6401326-c13f-4b91-ba95-60e3a0fe4f8f'] has a different number of dimensions [768] than defined in the mapping [1024]", 'caused_by': {'type': 'illegal_argument_exception', 'reason': "The [dense_vector] field [embedding] in doc [document with id 'c6401326-c13f-4b91-ba95-60e3a0fe4f8f'] has a different number of dimensions [768] than defined in the mapping [1024]"}}}}
2025-11-05 20:58:34,221 - WARNING - Failed item: {'index': {'_index': 'periodic-table-hybrid-search', '_id': 'bc218736-9cfc-4393-9cd1-e4ff5c36b7b5', 'status': 400, 'error': {'type': 'document_parsing_exception', 'reason': "[1:17143] failed to parse: The [dense_vector] field [embedding] in doc [document with id 'bc218736-9cfc-4393-9cd1-e4ff5c36b7b5'] has a different number of dimensions [768] than defined in the mapping [1024]", 'caused_by': {'type': 'illegal_argument_exception', 'reason': "The [dense_vector] field [embedding] in doc [document with id 'bc218736-9cfc-4393-9cd1-e4ff5c36b7b5'] has a different number of dimensions [768] than defined in the mapping [1024]"}}}}
2025-11-05 20:58:34,221 - WARNING - Failed item: {'index': {'_index': 'periodic-table-hybrid-search', '_id': '58439e64-90f4-403a-9f9f-c033edb3856f', 'status': 400, 'error': {'type': 'document_parsing_exception', 'reason': "[1:17201] failed to parse: The [dense_vector] field [embedding] in doc [document with id '58439e64-90f4-403a-9f9f-c033edb3856f'] has a different number of dimensions [768] than defined in the mapping [1024]", 'caused_by': {'type': 'illegal_argument_exception', 'reason': "The [dense_vector] field [embedding] in doc [document with id '58439e64-90f4-403a-9f9f-c033edb3856f'] has a different number of dimensions [768] than defined in the mapping [1024]"}}}}
2025-11-05 20:58:34,221 - WARNING - Failed item: {'index': {'_index': 'periodic-table-hybrid-search', '_id': '382ea2e0-3244-419e-b3ac-6778700b5614', 'status': 400, 'error': {'type': 'document_parsing_exception', 'reason': "[1:17196] failed to parse: The [dense_vector] field [embedding] in doc [document with id '382ea2e0-3244-419e-b3ac-6778700b5614'] has a different number of dimensions [768] than defined in the mapping [1024]", 'caused_by': {'type': 'illegal_argument_exception', 'reason': "The [dense_vector] field [embedding] in doc [document with id '382ea2e0-3244-419e-b3ac-6778700b5614'] has a different number of dimensions [768] than defined in the mapping [1024]"}}}}
2025-11-05 20:58:34,221 - WARNING - Failed item: {'index': {'_index': 'periodic-table-hybrid-search', '_id': 'ca6d7b76-237d-4bda-8c74-5ee49440c87f', 'status': 400, 'error': {'type': 'document_parsing_exception', 'reason': "[1:16773] failed to parse: The [dense_vector] field [embedding] in doc [document with id 'ca6d7b76-237d-4bda-8c74-5ee49440c87f'] has a different number of dimensions [768] than defined in the mapping [1024]", 'caused_by': {'type': 'illegal_argument_exception', 'reason': "The [dense_vector] field [embedding] in doc [document with id 'ca6d7b76-237d-4bda-8c74-5ee49440c87f'] has a different number of dimensions [768] than defined in the mapping [1024]"}}}}
2025-11-05 20:58:34,221 - WARNING - Failed item: {'index': {'_index': 'periodic-table-hybrid-search', '_id': '0d9d8d91-e5a8-491c-a3d3-80f9472c58b6', 'status': 400, 'error': {'type': 'document_parsing_exception', 'reason': "[1:19501] failed to parse: The [dense_vector] field [embedding] in doc [document with id '0d9d8d91-e5a8-491c-a3d3-80f9472c58b6'] has a different number of dimensions [768] than defined in the mapping [1024]", 'caused_by': {'type': 'illegal_argument_exception', 'reason': "The [dense_vector] field [embedding] in doc [document with id '0d9d8d91-e5a8-491c-a3d3-80f9472c58b6'] has a different number of dimensions [768] than defined in the mapping [1024]"}}}}
2025-11-05 20:58:34,221 - WARNING - Failed item: {'index': {'_index': 'periodic-table-hybrid-search', '_id': '4ab4a6c1-955f-4141-82ca-e96551997637', 'status': 400, 'error': {'type': 'document_parsing_exception', 'reason': "[1:17270] failed to parse: The [dense_vector] field [embedding] in doc [document with id '4ab4a6c1-955f-4141-82ca-e96551997637'] has a different number of dimensions [768] than defined in the mapping [1024]", 'caused_by': {'type': 'illegal_argument_exception', 'reason': "The [dense_vector] field [embedding] in doc [document with id '4ab4a6c1-955f-4141-82ca-e96551997637'] has a different number of dimensions [768] than defined in the mapping [1024]"}}}}
2025-11-05 20:58:34,221 - WARNING - Failed item: {'index': {'_index': 'periodic-table-hybrid-search', '_id': 'a9c56095-bc72-43b7-9fa9-fc6131e73a1b', 'status': 400, 'error': {'type': 'document_parsing_exception', 'reason': "[1:17229] failed to parse: The [dense_vector] field [embedding] in doc [document with id 'a9c56095-bc72-43b7-9fa9-fc6131e73a1b'] has a different number of dimensions [768] than defined in the mapping [1024]", 'caused_by': {'type': 'illegal_argument_exception', 'reason': "The [dense_vector] field [embedding] in doc [document with id 'a9c56095-bc72-43b7-9fa9-fc6131e73a1b'] has a different number of dimensions [768] than defined in the mapping [1024]"}}}}
2025-11-05 20:58:34,221 - WARNING - Failed item: {'index': {'_index': 'periodic-table-hybrid-search', '_id': '69529b97-ea2e-4f90-8fc9-a13098ba2129', 'status': 400, 'error': {'type': 'document_parsing_exception', 'reason': "[1:17200] failed to parse: The [dense_vector] field [embedding] in doc [document with id '69529b97-ea2e-4f90-8fc9-a13098ba2129'] has a different number of dimensions [768] than defined in the mapping [1024]", 'caused_by': {'type': 'illegal_argument_exception', 'reason': "The [dense_vector] field [embedding] in doc [document with id '69529b97-ea2e-4f90-8fc9-a13098ba2129'] has a different number of dimensions [768] than defined in the mapping [1024]"}}}}
2025-11-05 20:58:34,221 - WARNING - Failed item: {'index': {'_index': 'periodic-table-hybrid-search', '_id': '442018a6-de9a-417e-a3bb-d4fa3f407ea5', 'status': 400, 'error': {'type': 'document_parsing_exception', 'reason': "[1:17236] failed to parse: The [dense_vector] field [embedding] in doc [document with id '442018a6-de9a-417e-a3bb-d4fa3f407ea5'] has a different number of dimensions [768] than defined in the mapping [1024]", 'caused_by': {'type': 'illegal_argument_exception', 'reason': "The [dense_vector] field [embedding] in doc [document with id '442018a6-de9a-417e-a3bb-d4fa3f407ea5'] has a different number of dimensions [768] than defined in the mapping [1024]"}}}}
2025-11-05 20:58:34,221 - WARNING - Failed item: {'index': {'_index': 'periodic-table-hybrid-search', '_id': 'b6c13621-c8ed-4a87-bef0-3745cbd12d99', 'status': 400, 'error': {'type': 'document_parsing_exception', 'reason': "[1:16739] failed to parse: The [dense_vector] field [embedding] in doc [document with id 'b6c13621-c8ed-4a87-bef0-3745cbd12d99'] has a different number of dimensions [768] than defined in the mapping [1024]", 'caused_by': {'type': 'illegal_argument_exception', 'reason': "The [dense_vector] field [embedding] in doc [document with id 'b6c13621-c8ed-4a87-bef0-3745cbd12d99'] has a different number of dimensions [768] than defined in the mapping [1024]"}}}}
2025-11-05 20:58:34,221 - WARNING - Failed item: {'index': {'_index': 'periodic-table-hybrid-search', '_id': '8e6df0a1-e2df-44f3-84a8-fc20179bb1f4', 'status': 400, 'error': {'type': 'document_parsing_exception', 'reason': "[1:19554] failed to parse: The [dense_vector] field [embedding] in doc [document with id '8e6df0a1-e2df-44f3-84a8-fc20179bb1f4'] has a different number of dimensions [768] than defined in the mapping [1024]", 'caused_by': {'type': 'illegal_argument_exception', 'reason': "The [dense_vector] field [embedding] in doc [document with id '8e6df0a1-e2df-44f3-84a8-fc20179bb1f4'] has a different number of dimensions [768] than defined in the mapping [1024]"}}}}
2025-11-05 20:58:34,221 - WARNING - Failed item: {'index': {'_index': 'periodic-table-hybrid-search', '_id': 'e33d7e81-fd3c-4511-8fbc-eb267f9f3fbe', 'status': 400, 'error': {'type': 'document_parsing_exception', 'reason': "[1:17247] failed to parse: The [dense_vector] field [embedding] in doc [document with id 'e33d7e81-fd3c-4511-8fbc-eb267f9f3fbe'] has a different number of dimensions [768] than defined in the mapping [1024]", 'caused_by': {'type': 'illegal_argument_exception', 'reason': "The [dense_vector] field [embedding] in doc [document with id 'e33d7e81-fd3c-4511-8fbc-eb267f9f3fbe'] has a different number of dimensions [768] than defined in the mapping [1024]"}}}}
2025-11-05 20:58:34,221 - WARNING - Failed item: {'index': {'_index': 'periodic-table-hybrid-search', '_id': '0f346183-6297-4d1a-9a59-8cd085488ce0', 'status': 400, 'error': {'type': 'document_parsing_exception', 'reason': "[1:17212] failed to parse: The [dense_vector] field [embedding] in doc [document with id '0f346183-6297-4d1a-9a59-8cd085488ce0'] has a different number of dimensions [768] than defined in the mapping [1024]", 'caused_by': {'type': 'illegal_argument_exception', 'reason': "The [dense_vector] field [embedding] in doc [document with id '0f346183-6297-4d1a-9a59-8cd085488ce0'] has a different number of dimensions [768] than defined in the mapping [1024]"}}}}
2025-11-05 20:58:34,221 - WARNING - Failed item: {'index': {'_index': 'periodic-table-hybrid-search', '_id': '434ccbd2-064a-4c6a-995b-4ff6245308e9', 'status': 400, 'error': {'type': 'document_parsing_exception', 'reason': "[1:17210] failed to parse: The [dense_vector] field [embedding] in doc [document with id '434ccbd2-064a-4c6a-995b-4ff6245308e9'] has a different number of dimensions [768] than defined in the mapping [1024]", 'caused_by': {'type': 'illegal_argument_exception', 'reason': "The [dense_vector] field [embedding] in doc [document with id '434ccbd2-064a-4c6a-995b-4ff6245308e9'] has a different number of dimensions [768] than defined in the mapping [1024]"}}}}
2025-11-05 20:58:34,221 - WARNING - Failed item: {'index': {'_index': 'periodic-table-hybrid-search', '_id': '53c31869-ed3d-4bdb-8233-0d34894cc659', 'status': 400, 'error': {'type': 'document_parsing_exception', 'reason': "[1:17310] failed to parse: The [dense_vector] field [embedding] in doc [document with id '53c31869-ed3d-4bdb-8233-0d34894cc659'] has a different number of dimensions [768] than defined in the mapping [1024]", 'caused_by': {'type': 'illegal_argument_exception', 'reason': "The [dense_vector] field [embedding] in doc [document with id '53c31869-ed3d-4bdb-8233-0d34894cc659'] has a different number of dimensions [768] than defined in the mapping [1024]"}}}}
2025-11-05 20:58:34,221 - WARNING - Failed item: {'index': {'_index': 'periodic-table-hybrid-search', '_id': '8c580095-d406-4065-b8c2-0d480b4f9b6d', 'status': 400, 'error': {'type': 'document_parsing_exception', 'reason': "[1:16752] failed to parse: The [dense_vector] field [embedding] in doc [document with id '8c580095-d406-4065-b8c2-0d480b4f9b6d'] has a different number of dimensions [768] than defined in the mapping [1024]", 'caused_by': {'type': 'illegal_argument_exception', 'reason': "The [dense_vector] field [embedding] in doc [document with id '8c580095-d406-4065-b8c2-0d480b4f9b6d'] has a different number of dimensions [768] than defined in the mapping [1024]"}}}}
2025-11-05 20:58:34,221 - WARNING - Failed item: {'index': {'_index': 'periodic-table-hybrid-search', '_id': '47132bc4-ac26-4cd9-8faf-d91ccdc5ffc7', 'status': 400, 'error': {'type': 'document_parsing_exception', 'reason': "[1:17657] failed to parse: The [dense_vector] field [embedding] in doc [document with id '47132bc4-ac26-4cd9-8faf-d91ccdc5ffc7'] has a different number of dimensions [768] than defined in the mapping [1024]", 'caused_by': {'type': 'illegal_argument_exception', 'reason': "The [dense_vector] field [embedding] in doc [document with id '47132bc4-ac26-4cd9-8faf-d91ccdc5ffc7'] has a different number of dimensions [768] than defined in the mapping [1024]"}}}}
2025-11-05 20:58:34,221 - WARNING - Failed item: {'index': {'_index': 'periodic-table-hybrid-search', '_id': 'da403d56-d525-4456-8228-d1a2b710a5e4', 'status': 400, 'error': {'type': 'document_parsing_exception', 'reason': "[1:17239] failed to parse: The [dense_vector] field [embedding] in doc [document with id 'da403d56-d525-4456-8228-d1a2b710a5e4'] has a different number of dimensions [768] than defined in the mapping [1024]", 'caused_by': {'type': 'illegal_argument_exception', 'reason': "The [dense_vector] field [embedding] in doc [document with id 'da403d56-d525-4456-8228-d1a2b710a5e4'] has a different number of dimensions [768] than defined in the mapping [1024]"}}}}
2025-11-05 20:58:34,221 - WARNING - Failed item: {'index': {'_index': 'periodic-table-hybrid-search', '_id': '928ef37e-e4f8-40e8-8657-49ad5b58b4c2', 'status': 400, 'error': {'type': 'document_parsing_exception', 'reason': "[1:16968] failed to parse: The [dense_vector] field [embedding] in doc [document with id '928ef37e-e4f8-40e8-8657-49ad5b58b4c2'] has a different number of dimensions [768] than defined in the mapping [1024]", 'caused_by': {'type': 'illegal_argument_exception', 'reason': "The [dense_vector] field [embedding] in doc [document with id '928ef37e-e4f8-40e8-8657-49ad5b58b4c2'] has a different number of dimensions [768] than defined in the mapping [1024]"}}}}
2025-11-05 20:58:34,221 - WARNING - Failed item: {'index': {'_index': 'periodic-table-hybrid-search', '_id': '12bef40e-22ab-4f97-9448-41854a9ef4b9', 'status': 400, 'error': {'type': 'document_parsing_exception', 'reason': "[1:28290] failed to parse: The [dense_vector] field [embedding] in doc [document with id '12bef40e-22ab-4f97-9448-41854a9ef4b9'] has a different number of dimensions [768] than defined in the mapping [1024]", 'caused_by': {'type': 'illegal_argument_exception', 'reason': "The [dense_vector] field [embedding] in doc [document with id '12bef40e-22ab-4f97-9448-41854a9ef4b9'] has a different number of dimensions [768] than defined in the mapping [1024]"}}}}
2025-11-05 20:58:34,221 - WARNING - Failed item: {'index': {'_index': 'periodic-table-hybrid-search', '_id': 'b357025a-0ff0-48f6-80a2-fc4b8021d0c1', 'status': 400, 'error': {'type': 'document_parsing_exception', 'reason': "[1:19594] failed to parse: The [dense_vector] field [embedding] in doc [document with id 'b357025a-0ff0-48f6-80a2-fc4b8021d0c1'] has a different number of dimensions [768] than defined in the mapping [1024]", 'caused_by': {'type': 'illegal_argument_exception', 'reason': "The [dense_vector] field [embedding] in doc [document with id 'b357025a-0ff0-48f6-80a2-fc4b8021d0c1'] has a different number of dimensions [768] than defined in the mapping [1024]"}}}}
2025-11-05 20:58:34,221 - WARNING - Failed item: {'index': {'_index': 'periodic-table-hybrid-search', '_id': '1be6d2d9-27c2-448b-86eb-8456e8d659f0', 'status': 400, 'error': {'type': 'document_parsing_exception', 'reason': "[1:17239] failed to parse: The [dense_vector] field [embedding] in doc [document with id '1be6d2d9-27c2-448b-86eb-8456e8d659f0'] has a different number of dimensions [768] than defined in the mapping [1024]", 'caused_by': {'type': 'illegal_argument_exception', 'reason': "The [dense_vector] field [embedding] in doc [document with id '1be6d2d9-27c2-448b-86eb-8456e8d659f0'] has a different number of dimensions [768] than defined in the mapping [1024]"}}}}
2025-11-05 20:58:34,221 - WARNING - Failed item: {'index': {'_index': 'periodic-table-hybrid-search', '_id': '28f9c091-107a-4511-adbf-593935ca4dce', 'status': 400, 'error': {'type': 'document_parsing_exception', 'reason': "[1:17167] failed to parse: The [dense_vector] field [embedding] in doc [document with id '28f9c091-107a-4511-adbf-593935ca4dce'] has a different number of dimensions [768] than defined in the mapping [1024]", 'caused_by': {'type': 'illegal_argument_exception', 'reason': "The [dense_vector] field [embedding] in doc [document with id '28f9c091-107a-4511-adbf-593935ca4dce'] has a different number of dimensions [768] than defined in the mapping [1024]"}}}}
2025-11-05 20:58:34,221 - WARNING - Failed item: {'index': {'_index': 'periodic-table-hybrid-search', '_id': '73e72441-447f-483d-897c-c307436630c6', 'status': 400, 'error': {'type': 'document_parsing_exception', 'reason': "[1:17278] failed to parse: The [dense_vector] field [embedding] in doc [document with id '73e72441-447f-483d-897c-c307436630c6'] has a different number of dimensions [768] than defined in the mapping [1024]", 'caused_by': {'type': 'illegal_argument_exception', 'reason': "The [dense_vector] field [embedding] in doc [document with id '73e72441-447f-483d-897c-c307436630c6'] has a different number of dimensions [768] than defined in the mapping [1024]"}}}}
2025-11-05 20:58:34,221 - WARNING - Failed item: {'index': {'_index': 'periodic-table-hybrid-search', '_id': '9ed3d218-1ad4-431d-8ceb-905640995f42', 'status': 400, 'error': {'type': 'document_parsing_exception', 'reason': "[1:17225] failed to parse: The [dense_vector] field [embedding] in doc [document with id '9ed3d218-1ad4-431d-8ceb-905640995f42'] has a different number of dimensions [768] than defined in the mapping [1024]", 'caused_by': {'type': 'illegal_argument_exception', 'reason': "The [dense_vector] field [embedding] in doc [document with id '9ed3d218-1ad4-431d-8ceb-905640995f42'] has a different number of dimensions [768] than defined in the mapping [1024]"}}}}
2025-11-05 20:58:34,221 - WARNING - Failed item: {'index': {'_index': 'periodic-table-hybrid-search', '_id': 'c0a655ca-09ca-4a1b-a1cf-733c7c6cd74b', 'status': 400, 'error': {'type': 'document_parsing_exception', 'reason': "[1:16737] failed to parse: The [dense_vector] field [embedding] in doc [document with id 'c0a655ca-09ca-4a1b-a1cf-733c7c6cd74b'] has a different number of dimensions [768] than defined in the mapping [1024]", 'caused_by': {'type': 'illegal_argument_exception', 'reason': "The [dense_vector] field [embedding] in doc [document with id 'c0a655ca-09ca-4a1b-a1cf-733c7c6cd74b'] has a different number of dimensions [768] than defined in the mapping [1024]"}}}}
2025-11-05 20:58:34,221 - WARNING - Failed item: {'index': {'_index': 'periodic-table-hybrid-search', '_id': '9b7d68ac-4626-4135-9498-33c810a7473f', 'status': 400, 'error': {'type': 'document_parsing_exception', 'reason': "[1:19358] failed to parse: The [dense_vector] field [embedding] in doc [document with id '9b7d68ac-4626-4135-9498-33c810a7473f'] has a different number of dimensions [768] than defined in the mapping [1024]", 'caused_by': {'type': 'illegal_argument_exception', 'reason': "The [dense_vector] field [embedding] in doc [document with id '9b7d68ac-4626-4135-9498-33c810a7473f'] has a different number of dimensions [768] than defined in the mapping [1024]"}}}}
2025-11-05 20:58:34,221 - WARNING - Failed item: {'index': {'_index': 'periodic-table-hybrid-search', '_id': '63dadc8c-d6e2-4d3d-aaca-1c282e77d7f0', 'status': 400, 'error': {'type': 'document_parsing_exception', 'reason': "[1:17243] failed to parse: The [dense_vector] field [embedding] in doc [document with id '63dadc8c-d6e2-4d3d-aaca-1c282e77d7f0'] has a different number of dimensions [768] than defined in the mapping [1024]", 'caused_by': {'type': 'illegal_argument_exception', 'reason': "The [dense_vector] field [embedding] in doc [document with id '63dadc8c-d6e2-4d3d-aaca-1c282e77d7f0'] has a different number of dimensions [768] than defined in the mapping [1024]"}}}}
2025-11-05 20:58:34,221 - WARNING - Failed item: {'index': {'_index': 'periodic-table-hybrid-search', '_id': '4e06bb4b-b62c-4191-ba42-c146632cbd6e', 'status': 400, 'error': {'type': 'document_parsing_exception', 'reason': "[1:17216] failed to parse: The [dense_vector] field [embedding] in doc [document with id '4e06bb4b-b62c-4191-ba42-c146632cbd6e'] has a different number of dimensions [768] than defined in the mapping [1024]", 'caused_by': {'type': 'illegal_argument_exception', 'reason': "The [dense_vector] field [embedding] in doc [document with id '4e06bb4b-b62c-4191-ba42-c146632cbd6e'] has a different number of dimensions [768] than defined in the mapping [1024]"}}}}
2025-11-05 20:58:34,221 - WARNING - Failed item: {'index': {'_index': 'periodic-table-hybrid-search', '_id': '3ee2c753-fa0a-4fc9-9965-4c95a35770bd', 'status': 400, 'error': {'type': 'document_parsing_exception', 'reason': "[1:17279] failed to parse: The [dense_vector] field [embedding] in doc [document with id '3ee2c753-fa0a-4fc9-9965-4c95a35770bd'] has a different number of dimensions [768] than defined in the mapping [1024]", 'caused_by': {'type': 'illegal_argument_exception', 'reason': "The [dense_vector] field [embedding] in doc [document with id '3ee2c753-fa0a-4fc9-9965-4c95a35770bd'] has a different number of dimensions [768] than defined in the mapping [1024]"}}}}
2025-11-05 20:58:34,221 - WARNING - Failed item: {'index': {'_index': 'periodic-table-hybrid-search', '_id': 'b72e59ac-d8e9-4edf-a2f5-f0dae9189125', 'status': 400, 'error': {'type': 'document_parsing_exception', 'reason': "[1:17079] failed to parse: The [dense_vector] field [embedding] in doc [document with id 'b72e59ac-d8e9-4edf-a2f5-f0dae9189125'] has a different number of dimensions [768] than defined in the mapping [1024]", 'caused_by': {'type': 'illegal_argument_exception', 'reason': "The [dense_vector] field [embedding] in doc [document with id 'b72e59ac-d8e9-4edf-a2f5-f0dae9189125'] has a different number of dimensions [768] than defined in the mapping [1024]"}}}}
2025-11-05 20:58:34,221 - WARNING - Failed item: {'index': {'_index': 'periodic-table-hybrid-search', '_id': '9f9f24ce-23da-4f86-9d45-083b31bae449', 'status': 400, 'error': {'type': 'document_parsing_exception', 'reason': "[1:16710] failed to parse: The [dense_vector] field [embedding] in doc [document with id '9f9f24ce-23da-4f86-9d45-083b31bae449'] has a different number of dimensions [768] than defined in the mapping [1024]", 'caused_by': {'type': 'illegal_argument_exception', 'reason': "The [dense_vector] field [embedding] in doc [document with id '9f9f24ce-23da-4f86-9d45-083b31bae449'] has a different number of dimensions [768] than defined in the mapping [1024]"}}}}
2025-11-05 20:58:34,221 - WARNING - Failed item: {'index': {'_index': 'periodic-table-hybrid-search', '_id': '77065315-c1f2-4aff-b634-09129d48070c', 'status': 400, 'error': {'type': 'document_parsing_exception', 'reason': "[1:19338] failed to parse: The [dense_vector] field [embedding] in doc [document with id '77065315-c1f2-4aff-b634-09129d48070c'] has a different number of dimensions [768] than defined in the mapping [1024]", 'caused_by': {'type': 'illegal_argument_exception', 'reason': "The [dense_vector] field [embedding] in doc [document with id '77065315-c1f2-4aff-b634-09129d48070c'] has a different number of dimensions [768] than defined in the mapping [1024]"}}}}
2025-11-05 20:58:34,221 - WARNING - Failed item: {'index': {'_index': 'periodic-table-hybrid-search', '_id': '87dd4abb-969d-420c-8c5a-24cb34dca946', 'status': 400, 'error': {'type': 'document_parsing_exception', 'reason': "[1:17082] failed to parse: The [dense_vector] field [embedding] in doc [document with id '87dd4abb-969d-420c-8c5a-24cb34dca946'] has a different number of dimensions [768] than defined in the mapping [1024]", 'caused_by': {'type': 'illegal_argument_exception', 'reason': "The [dense_vector] field [embedding] in doc [document with id '87dd4abb-969d-420c-8c5a-24cb34dca946'] has a different number of dimensions [768] than defined in the mapping [1024]"}}}}
2025-11-05 20:58:37,441 - WARNING - Failed item: {'index': {'_index': 'periodic-table-hybrid-search', '_id': 'cba06d54-a0d8-4dfd-ba57-2e8ab2435c72', 'status': 400, 'error': {'type': 'document_parsing_exception', 'reason': "[1:17200] failed to parse: The [dense_vector] field [embedding] in doc [document with id 'cba06d54-a0d8-4dfd-ba57-2e8ab2435c72'] has a different number of dimensions [768] than defined in the mapping [1024]", 'caused_by': {'type': 'illegal_argument_exception', 'reason': "The [dense_vector] field [embedding] in doc [document with id 'cba06d54-a0d8-4dfd-ba57-2e8ab2435c72'] has a different number of dimensions [768] than defined in the mapping [1024]"}}}}
2025-11-05 20:58:37,441 - WARNING - Failed item: {'index': {'_index': 'periodic-table-hybrid-search', '_id': '1cc7bc21-a056-48c6-b7b6-940b5b3a5d5d', 'status': 400, 'error': {'type': 'document_parsing_exception', 'reason': "[1:17247] failed to parse: The [dense_vector] field [embedding] in doc [document with id '1cc7bc21-a056-48c6-b7b6-940b5b3a5d5d'] has a different number of dimensions [768] than defined in the mapping [1024]", 'caused_by': {'type': 'illegal_argument_exception', 'reason': "The [dense_vector] field [embedding] in doc [document with id '1cc7bc21-a056-48c6-b7b6-940b5b3a5d5d'] has a different number of dimensions [768] than defined in the mapping [1024]"}}}}
2025-11-05 20:58:37,441 - WARNING - Failed item: {'index': {'_index': 'periodic-table-hybrid-search', '_id': '535f5e76-a591-48b1-9838-9e6f4c392ee8', 'status': 400, 'error': {'type': 'document_parsing_exception', 'reason': "[1:17174] failed to parse: The [dense_vector] field [embedding] in doc [document with id '535f5e76-a591-48b1-9838-9e6f4c392ee8'] has a different number of dimensions [768] than defined in the mapping [1024]", 'caused_by': {'type': 'illegal_argument_exception', 'reason': "The [dense_vector] field [embedding] in doc [document with id '535f5e76-a591-48b1-9838-9e6f4c392ee8'] has a different number of dimensions [768] than defined in the mapping [1024]"}}}}
2025-11-05 20:58:37,441 - WARNING - Failed item: {'index': {'_index': 'periodic-table-hybrid-search', '_id': '037527cb-ffca-41ed-b2b4-e22b8674ae55', 'status': 400, 'error': {'type': 'document_parsing_exception', 'reason': "[1:16760] failed to parse: The [dense_vector] field [embedding] in doc [document with id '037527cb-ffca-41ed-b2b4-e22b8674ae55'] has a different number of dimensions [768] than defined in the mapping [1024]", 'caused_by': {'type': 'illegal_argument_exception', 'reason': "The [dense_vector] field [embedding] in doc [document with id '037527cb-ffca-41ed-b2b4-e22b8674ae55'] has a different number of dimensions [768] than defined in the mapping [1024]"}}}}
2025-11-05 20:58:37,441 - WARNING - Failed item: {'index': {'_index': 'periodic-table-hybrid-search', '_id': '76cfe7ab-c077-4067-a78f-63835a19fa16', 'status': 400, 'error': {'type': 'document_parsing_exception', 'reason': "[1:19347] failed to parse: The [dense_vector] field [embedding] in doc [document with id '76cfe7ab-c077-4067-a78f-63835a19fa16'] has a different number of dimensions [768] than defined in the mapping [1024]", 'caused_by': {'type': 'illegal_argument_exception', 'reason': "The [dense_vector] field [embedding] in doc [document with id '76cfe7ab-c077-4067-a78f-63835a19fa16'] has a different number of dimensions [768] than defined in the mapping [1024]"}}}}
2025-11-05 20:58:37,441 - WARNING - Failed item: {'index': {'_index': 'periodic-table-hybrid-search', '_id': '25ea85f7-3e5f-4b3d-88a4-a5b7141e80d8', 'status': 400, 'error': {'type': 'document_parsing_exception', 'reason': "[1:17162] failed to parse: The [dense_vector] field [embedding] in doc [document with id '25ea85f7-3e5f-4b3d-88a4-a5b7141e80d8'] has a different number of dimensions [768] than defined in the mapping [1024]", 'caused_by': {'type': 'illegal_argument_exception', 'reason': "The [dense_vector] field [embedding] in doc [document with id '25ea85f7-3e5f-4b3d-88a4-a5b7141e80d8'] has a different number of dimensions [768] than defined in the mapping [1024]"}}}}
2025-11-05 20:58:37,441 - WARNING - Failed item: {'index': {'_index': 'periodic-table-hybrid-search', '_id': 'b8840cf9-c248-4591-b6d3-49de52d4ac88', 'status': 400, 'error': {'type': 'document_parsing_exception', 'reason': "[1:17186] failed to parse: The [dense_vector] field [embedding] in doc [document with id 'b8840cf9-c248-4591-b6d3-49de52d4ac88'] has a different number of dimensions [768] than defined in the mapping [1024]", 'caused_by': {'type': 'illegal_argument_exception', 'reason': "The [dense_vector] field [embedding] in doc [document with id 'b8840cf9-c248-4591-b6d3-49de52d4ac88'] has a different number of dimensions [768] than defined in the mapping [1024]"}}}}
2025-11-05 20:58:37,441 - WARNING - Failed item: {'index': {'_index': 'periodic-table-hybrid-search', '_id': 'cdddd04c-7708-41d2-b07a-fb4c3537e0fb', 'status': 400, 'error': {'type': 'document_parsing_exception', 'reason': "[1:17197] failed to parse: The [dense_vector] field [embedding] in doc [document with id 'cdddd04c-7708-41d2-b07a-fb4c3537e0fb'] has a different number of dimensions [768] than defined in the mapping [1024]", 'caused_by': {'type': 'illegal_argument_exception', 'reason': "The [dense_vector] field [embedding] in doc [document with id 'cdddd04c-7708-41d2-b07a-fb4c3537e0fb'] has a different number of dimensions [768] than defined in the mapping [1024]"}}}}
2025-11-05 20:58:37,441 - WARNING - Failed item: {'index': {'_index': 'periodic-table-hybrid-search', '_id': '3e7c914d-8798-42e8-9464-1db816ff51f9', 'status': 400, 'error': {'type': 'document_parsing_exception', 'reason': "[1:17190] failed to parse: The [dense_vector] field [embedding] in doc [document with id '3e7c914d-8798-42e8-9464-1db816ff51f9'] has a different number of dimensions [768] than defined in the mapping [1024]", 'caused_by': {'type': 'illegal_argument_exception', 'reason': "The [dense_vector] field [embedding] in doc [document with id '3e7c914d-8798-42e8-9464-1db816ff51f9'] has a different number of dimensions [768] than defined in the mapping [1024]"}}}}
2025-11-05 20:58:37,442 - WARNING - Failed item: {'index': {'_index': 'periodic-table-hybrid-search', '_id': 'f51daf32-20b9-4c68-a2f0-fd413e78f513', 'status': 400, 'error': {'type': 'document_parsing_exception', 'reason': "[1:16727] failed to parse: The [dense_vector] field [embedding] in doc [document with id 'f51daf32-20b9-4c68-a2f0-fd413e78f513'] has a different number of dimensions [768] than defined in the mapping [1024]", 'caused_by': {'type': 'illegal_argument_exception', 'reason': "The [dense_vector] field [embedding] in doc [document with id 'f51daf32-20b9-4c68-a2f0-fd413e78f513'] has a different number of dimensions [768] than defined in the mapping [1024]"}}}}
2025-11-05 20:58:37,442 - WARNING - Failed item: {'index': {'_index': 'periodic-table-hybrid-search', '_id': '6ff0bd17-71d3-403c-8bbe-44acc20e505a', 'status': 400, 'error': {'type': 'document_parsing_exception', 'reason': "[1:17641] failed to parse: The [dense_vector] field [embedding] in doc [document with id '6ff0bd17-71d3-403c-8bbe-44acc20e505a'] has a different number of dimensions [768] than defined in the mapping [1024]", 'caused_by': {'type': 'illegal_argument_exception', 'reason': "The [dense_vector] field [embedding] in doc [document with id '6ff0bd17-71d3-403c-8bbe-44acc20e505a'] has a different number of dimensions [768] than defined in the mapping [1024]"}}}}
2025-11-05 20:58:37,442 - WARNING - Failed item: {'index': {'_index': 'periodic-table-hybrid-search', '_id': 'bb4335f3-06bd-4efa-8ded-40fa8345231d', 'status': 400, 'error': {'type': 'document_parsing_exception', 'reason': "[1:17249] failed to parse: The [dense_vector] field [embedding] in doc [document with id 'bb4335f3-06bd-4efa-8ded-40fa8345231d'] has a different number of dimensions [768] than defined in the mapping [1024]", 'caused_by': {'type': 'illegal_argument_exception', 'reason': "The [dense_vector] field [embedding] in doc [document with id 'bb4335f3-06bd-4efa-8ded-40fa8345231d'] has a different number of dimensions [768] than defined in the mapping [1024]"}}}}
2025-11-05 20:58:37,442 - WARNING - Failed item: {'index': {'_index': 'periodic-table-hybrid-search', '_id': '08d2faab-ee78-4523-bf30-70d4bf7a47d4', 'status': 400, 'error': {'type': 'document_parsing_exception', 'reason': "[1:16951] failed to parse: The [dense_vector] field [embedding] in doc [document with id '08d2faab-ee78-4523-bf30-70d4bf7a47d4'] has a different number of dimensions [768] than defined in the mapping [1024]", 'caused_by': {'type': 'illegal_argument_exception', 'reason': "The [dense_vector] field [embedding] in doc [document with id '08d2faab-ee78-4523-bf30-70d4bf7a47d4'] has a different number of dimensions [768] than defined in the mapping [1024]"}}}}
2025-11-05 20:58:37,442 - WARNING - Failed item: {'index': {'_index': 'periodic-table-hybrid-search', '_id': '6c379f37-8f89-4c5c-9221-466bbc59a353', 'status': 400, 'error': {'type': 'document_parsing_exception', 'reason': "[1:28373] failed to parse: The [dense_vector] field [embedding] in doc [document with id '6c379f37-8f89-4c5c-9221-466bbc59a353'] has a different number of dimensions [768] than defined in the mapping [1024]", 'caused_by': {'type': 'illegal_argument_exception', 'reason': "The [dense_vector] field [embedding] in doc [document with id '6c379f37-8f89-4c5c-9221-466bbc59a353'] has a different number of dimensions [768] than defined in the mapping [1024]"}}}}
2025-11-05 20:58:37,442 - WARNING - Failed item: {'index': {'_index': 'periodic-table-hybrid-search', '_id': 'ea92db2d-e1ff-4484-8a1a-a626cf72adfc', 'status': 400, 'error': {'type': 'document_parsing_exception', 'reason': "[1:19447] failed to parse: The [dense_vector] field [embedding] in doc [document with id 'ea92db2d-e1ff-4484-8a1a-a626cf72adfc'] has a different number of dimensions [768] than defined in the mapping [1024]", 'caused_by': {'type': 'illegal_argument_exception', 'reason': "The [dense_vector] field [embedding] in doc [document with id 'ea92db2d-e1ff-4484-8a1a-a626cf72adfc'] has a different number of dimensions [768] than defined in the mapping [1024]"}}}}
2025-11-05 20:58:37,442 - WARNING - Failed item: {'index': {'_index': 'periodic-table-hybrid-search', '_id': 'b30ddca0-4495-4bc1-8578-bc871baad68d', 'status': 400, 'error': {'type': 'document_parsing_exception', 'reason': "[1:17249] failed to parse: The [dense_vector] field [embedding] in doc [document with id 'b30ddca0-4495-4bc1-8578-bc871baad68d'] has a different number of dimensions [768] than defined in the mapping [1024]", 'caused_by': {'type': 'illegal_argument_exception', 'reason': "The [dense_vector] field [embedding] in doc [document with id 'b30ddca0-4495-4bc1-8578-bc871baad68d'] has a different number of dimensions [768] than defined in the mapping [1024]"}}}}
2025-11-05 20:58:37,442 - WARNING - Failed item: {'index': {'_index': 'periodic-table-hybrid-search', '_id': 'ea29da14-849e-487b-9959-6e800f6e62db', 'status': 400, 'error': {'type': 'document_parsing_exception', 'reason': "[1:17207] failed to parse: The [dense_vector] field [embedding] in doc [document with id 'ea29da14-849e-487b-9959-6e800f6e62db'] has a different number of dimensions [768] than defined in the mapping [1024]", 'caused_by': {'type': 'illegal_argument_exception', 'reason': "The [dense_vector] field [embedding] in doc [document with id 'ea29da14-849e-487b-9959-6e800f6e62db'] has a different number of dimensions [768] than defined in the mapping [1024]"}}}}
2025-11-05 20:58:37,442 - WARNING - Failed item: {'index': {'_index': 'periodic-table-hybrid-search', '_id': '8614854e-f605-4fda-a762-e7c36733d272', 'status': 400, 'error': {'type': 'document_parsing_exception', 'reason': "[1:17238] failed to parse: The [dense_vector] field [embedding] in doc [document with id '8614854e-f605-4fda-a762-e7c36733d272'] has a different number of dimensions [768] than defined in the mapping [1024]", 'caused_by': {'type': 'illegal_argument_exception', 'reason': "The [dense_vector] field [embedding] in doc [document with id '8614854e-f605-4fda-a762-e7c36733d272'] has a different number of dimensions [768] than defined in the mapping [1024]"}}}}
2025-11-05 20:58:37,442 - WARNING - Failed item: {'index': {'_index': 'periodic-table-hybrid-search', '_id': 'c262c20f-1335-4c65-be4a-b5099332f0dc', 'status': 400, 'error': {'type': 'document_parsing_exception', 'reason': "[1:17215] failed to parse: The [dense_vector] field [embedding] in doc [document with id 'c262c20f-1335-4c65-be4a-b5099332f0dc'] has a different number of dimensions [768] than defined in the mapping [1024]", 'caused_by': {'type': 'illegal_argument_exception', 'reason': "The [dense_vector] field [embedding] in doc [document with id 'c262c20f-1335-4c65-be4a-b5099332f0dc'] has a different number of dimensions [768] than defined in the mapping [1024]"}}}}
2025-11-05 20:58:37,442 - WARNING - Failed item: {'index': {'_index': 'periodic-table-hybrid-search', '_id': 'be3b716e-5030-496c-917b-9eedf5017844', 'status': 400, 'error': {'type': 'document_parsing_exception', 'reason': "[1:16811] failed to parse: The [dense_vector] field [embedding] in doc [document with id 'be3b716e-5030-496c-917b-9eedf5017844'] has a different number of dimensions [768] than defined in the mapping [1024]", 'caused_by': {'type': 'illegal_argument_exception', 'reason': "The [dense_vector] field [embedding] in doc [document with id 'be3b716e-5030-496c-917b-9eedf5017844'] has a different number of dimensions [768] than defined in the mapping [1024]"}}}}
2025-11-05 20:58:37,442 - WARNING - Failed item: {'index': {'_index': 'periodic-table-hybrid-search', '_id': 'c0c2812e-be2a-4a5d-b9d7-68b53675d7ed', 'status': 400, 'error': {'type': 'document_parsing_exception', 'reason': "[1:19710] failed to parse: The [dense_vector] field [embedding] in doc [document with id 'c0c2812e-be2a-4a5d-b9d7-68b53675d7ed'] has a different number of dimensions [768] than defined in the mapping [1024]", 'caused_by': {'type': 'illegal_argument_exception', 'reason': "The [dense_vector] field [embedding] in doc [document with id 'c0c2812e-be2a-4a5d-b9d7-68b53675d7ed'] has a different number of dimensions [768] than defined in the mapping [1024]"}}}}
2025-11-05 20:58:37,442 - WARNING - Failed item: {'index': {'_index': 'periodic-table-hybrid-search', '_id': 'e48914fb-4c0a-40c2-83fa-8f3827289386', 'status': 400, 'error': {'type': 'document_parsing_exception', 'reason': "[1:17168] failed to parse: The [dense_vector] field [embedding] in doc [document with id 'e48914fb-4c0a-40c2-83fa-8f3827289386'] has a different number of dimensions [768] than defined in the mapping [1024]", 'caused_by': {'type': 'illegal_argument_exception', 'reason': "The [dense_vector] field [embedding] in doc [document with id 'e48914fb-4c0a-40c2-83fa-8f3827289386'] has a different number of dimensions [768] than defined in the mapping [1024]"}}}}
2025-11-05 20:58:37,442 - WARNING - Failed item: {'index': {'_index': 'periodic-table-hybrid-search', '_id': '0410e804-5a6a-4cfd-8474-a056095c1cda', 'status': 400, 'error': {'type': 'document_parsing_exception', 'reason': "[1:17341] failed to parse: The [dense_vector] field [embedding] in doc [document with id '0410e804-5a6a-4cfd-8474-a056095c1cda'] has a different number of dimensions [768] than defined in the mapping [1024]", 'caused_by': {'type': 'illegal_argument_exception', 'reason': "The [dense_vector] field [embedding] in doc [document with id '0410e804-5a6a-4cfd-8474-a056095c1cda'] has a different number of dimensions [768] than defined in the mapping [1024]"}}}}
2025-11-05 20:58:37,442 - WARNING - Failed item: {'index': {'_index': 'periodic-table-hybrid-search', '_id': 'fc821e5e-10b6-43f5-9ae9-c601d764f729', 'status': 400, 'error': {'type': 'document_parsing_exception', 'reason': "[1:17246] failed to parse: The [dense_vector] field [embedding] in doc [document with id 'fc821e5e-10b6-43f5-9ae9-c601d764f729'] has a different number of dimensions [768] than defined in the mapping [1024]", 'caused_by': {'type': 'illegal_argument_exception', 'reason': "The [dense_vector] field [embedding] in doc [document with id 'fc821e5e-10b6-43f5-9ae9-c601d764f729'] has a different number of dimensions [768] than defined in the mapping [1024]"}}}}
2025-11-05 20:58:37,442 - WARNING - Failed item: {'index': {'_index': 'periodic-table-hybrid-search', '_id': '688c8747-a52e-41d3-952a-dd9f4fb9cb69', 'status': 400, 'error': {'type': 'document_parsing_exception', 'reason': "[1:17267] failed to parse: The [dense_vector] field [embedding] in doc [document with id '688c8747-a52e-41d3-952a-dd9f4fb9cb69'] has a different number of dimensions [768] than defined in the mapping [1024]", 'caused_by': {'type': 'illegal_argument_exception', 'reason': "The [dense_vector] field [embedding] in doc [document with id '688c8747-a52e-41d3-952a-dd9f4fb9cb69'] has a different number of dimensions [768] than defined in the mapping [1024]"}}}}
2025-11-05 20:58:37,442 - WARNING - Failed item: {'index': {'_index': 'periodic-table-hybrid-search', '_id': '7ce15585-c297-436b-814b-50ac7e6882b2', 'status': 400, 'error': {'type': 'document_parsing_exception', 'reason': "[1:16843] failed to parse: The [dense_vector] field [embedding] in doc [document with id '7ce15585-c297-436b-814b-50ac7e6882b2'] has a different number of dimensions [768] than defined in the mapping [1024]", 'caused_by': {'type': 'illegal_argument_exception', 'reason': "The [dense_vector] field [embedding] in doc [document with id '7ce15585-c297-436b-814b-50ac7e6882b2'] has a different number of dimensions [768] than defined in the mapping [1024]"}}}}
2025-11-05 20:58:37,442 - WARNING - Failed item: {'index': {'_index': 'periodic-table-hybrid-search', '_id': 'e3a44e7a-8e8c-436d-8d10-9b264f800286', 'status': 400, 'error': {'type': 'document_parsing_exception', 'reason': "[1:19568] failed to parse: The [dense_vector] field [embedding] in doc [document with id 'e3a44e7a-8e8c-436d-8d10-9b264f800286'] has a different number of dimensions [768] than defined in the mapping [1024]", 'caused_by': {'type': 'illegal_argument_exception', 'reason': "The [dense_vector] field [embedding] in doc [document with id 'e3a44e7a-8e8c-436d-8d10-9b264f800286'] has a different number of dimensions [768] than defined in the mapping [1024]"}}}}
2025-11-05 20:58:37,442 - WARNING - Failed item: {'index': {'_index': 'periodic-table-hybrid-search', '_id': '9ca769fc-e205-4d78-bb93-2a54eb36960d', 'status': 400, 'error': {'type': 'document_parsing_exception', 'reason': "[1:17305] failed to parse: The [dense_vector] field [embedding] in doc [document with id '9ca769fc-e205-4d78-bb93-2a54eb36960d'] has a different number of dimensions [768] than defined in the mapping [1024]", 'caused_by': {'type': 'illegal_argument_exception', 'reason': "The [dense_vector] field [embedding] in doc [document with id '9ca769fc-e205-4d78-bb93-2a54eb36960d'] has a different number of dimensions [768] than defined in the mapping [1024]"}}}}
2025-11-05 20:58:37,442 - WARNING - Failed item: {'index': {'_index': 'periodic-table-hybrid-search', '_id': 'da2dd7e7-8e00-463c-a42d-cae5557bd08d', 'status': 400, 'error': {'type': 'document_parsing_exception', 'reason': "[1:17183] failed to parse: The [dense_vector] field [embedding] in doc [document with id 'da2dd7e7-8e00-463c-a42d-cae5557bd08d'] has a different number of dimensions [768] than defined in the mapping [1024]", 'caused_by': {'type': 'illegal_argument_exception', 'reason': "The [dense_vector] field [embedding] in doc [document with id 'da2dd7e7-8e00-463c-a42d-cae5557bd08d'] has a different number of dimensions [768] than defined in the mapping [1024]"}}}}
2025-11-05 20:58:37,442 - WARNING - Failed item: {'index': {'_index': 'periodic-table-hybrid-search', '_id': '1fa62a3f-8865-40c4-8c74-c8b5611bb507', 'status': 400, 'error': {'type': 'document_parsing_exception', 'reason': "[1:17191] failed to parse: The [dense_vector] field [embedding] in doc [document with id '1fa62a3f-8865-40c4-8c74-c8b5611bb507'] has a different number of dimensions [768] than defined in the mapping [1024]", 'caused_by': {'type': 'illegal_argument_exception', 'reason': "The [dense_vector] field [embedding] in doc [document with id '1fa62a3f-8865-40c4-8c74-c8b5611bb507'] has a different number of dimensions [768] than defined in the mapping [1024]"}}}}
2025-11-05 20:58:37,442 - WARNING - Failed item: {'index': {'_index': 'periodic-table-hybrid-search', '_id': 'c6f078b8-9d1a-46aa-9816-7281ff45d5ab', 'status': 400, 'error': {'type': 'document_parsing_exception', 'reason': "[1:17234] failed to parse: The [dense_vector] field [embedding] in doc [document with id 'c6f078b8-9d1a-46aa-9816-7281ff45d5ab'] has a different number of dimensions [768] than defined in the mapping [1024]", 'caused_by': {'type': 'illegal_argument_exception', 'reason': "The [dense_vector] field [embedding] in doc [document with id 'c6f078b8-9d1a-46aa-9816-7281ff45d5ab'] has a different number of dimensions [768] than defined in the mapping [1024]"}}}}
2025-11-05 20:58:37,442 - WARNING - Failed item: {'index': {'_index': 'periodic-table-hybrid-search', '_id': 'f02f83bc-ebca-4885-8021-a06e6d5a75cc', 'status': 400, 'error': {'type': 'document_parsing_exception', 'reason': "[1:16807] failed to parse: The [dense_vector] field [embedding] in doc [document with id 'f02f83bc-ebca-4885-8021-a06e6d5a75cc'] has a different number of dimensions [768] than defined in the mapping [1024]", 'caused_by': {'type': 'illegal_argument_exception', 'reason': "The [dense_vector] field [embedding] in doc [document with id 'f02f83bc-ebca-4885-8021-a06e6d5a75cc'] has a different number of dimensions [768] than defined in the mapping [1024]"}}}}
2025-11-05 20:58:37,442 - WARNING - Failed item: {'index': {'_index': 'periodic-table-hybrid-search', '_id': '66a37f1f-9bc6-4b24-80a4-baa677dab810', 'status': 400, 'error': {'type': 'document_parsing_exception', 'reason': "[1:19302] failed to parse: The [dense_vector] field [embedding] in doc [document with id '66a37f1f-9bc6-4b24-80a4-baa677dab810'] has a different number of dimensions [768] than defined in the mapping [1024]", 'caused_by': {'type': 'illegal_argument_exception', 'reason': "The [dense_vector] field [embedding] in doc [document with id '66a37f1f-9bc6-4b24-80a4-baa677dab810'] has a different number of dimensions [768] than defined in the mapping [1024]"}}}}
2025-11-05 20:58:37,442 - WARNING - Failed item: {'index': {'_index': 'periodic-table-hybrid-search', '_id': '6d445a00-aaf9-40d5-8c98-067984dd97f6', 'status': 400, 'error': {'type': 'document_parsing_exception', 'reason': "[1:17285] failed to parse: The [dense_vector] field [embedding] in doc [document with id '6d445a00-aaf9-40d5-8c98-067984dd97f6'] has a different number of dimensions [768] than defined in the mapping [1024]", 'caused_by': {'type': 'illegal_argument_exception', 'reason': "The [dense_vector] field [embedding] in doc [document with id '6d445a00-aaf9-40d5-8c98-067984dd97f6'] has a different number of dimensions [768] than defined in the mapping [1024]"}}}}
2025-11-05 20:58:37,442 - WARNING - Failed item: {'index': {'_index': 'periodic-table-hybrid-search', '_id': 'd6fb6f02-f600-461d-8f02-cbf6eb4bf555', 'status': 400, 'error': {'type': 'document_parsing_exception', 'reason': "[1:17132] failed to parse: The [dense_vector] field [embedding] in doc [document with id 'd6fb6f02-f600-461d-8f02-cbf6eb4bf555'] has a different number of dimensions [768] than defined in the mapping [1024]", 'caused_by': {'type': 'illegal_argument_exception', 'reason': "The [dense_vector] field [embedding] in doc [document with id 'd6fb6f02-f600-461d-8f02-cbf6eb4bf555'] has a different number of dimensions [768] than defined in the mapping [1024]"}}}}
2025-11-05 20:58:37,442 - WARNING - Failed item: {'index': {'_index': 'periodic-table-hybrid-search', '_id': 'b007dea4-614f-40f8-a268-7c0267859ae3', 'status': 400, 'error': {'type': 'document_parsing_exception', 'reason': "[1:17093] failed to parse: The [dense_vector] field [embedding] in doc [document with id 'b007dea4-614f-40f8-a268-7c0267859ae3'] has a different number of dimensions [768] than defined in the mapping [1024]", 'caused_by': {'type': 'illegal_argument_exception', 'reason': "The [dense_vector] field [embedding] in doc [document with id 'b007dea4-614f-40f8-a268-7c0267859ae3'] has a different number of dimensions [768] than defined in the mapping [1024]"}}}}
2025-11-05 20:58:37,442 - WARNING - Failed item: {'index': {'_index': 'periodic-table-hybrid-search', '_id': 'c187cfa2-6987-4229-b367-8c5257840223', 'status': 400, 'error': {'type': 'document_parsing_exception', 'reason': "[1:17135] failed to parse: The [dense_vector] field [embedding] in doc [document with id 'c187cfa2-6987-4229-b367-8c5257840223'] has a different number of dimensions [768] than defined in the mapping [1024]", 'caused_by': {'type': 'illegal_argument_exception', 'reason': "The [dense_vector] field [embedding] in doc [document with id 'c187cfa2-6987-4229-b367-8c5257840223'] has a different number of dimensions [768] than defined in the mapping [1024]"}}}}
2025-11-05 20:58:37,442 - WARNING - Failed item: {'index': {'_index': 'periodic-table-hybrid-search', '_id': '4fc800d0-71c9-4117-b5a6-d28a8e4a9f6e', 'status': 400, 'error': {'type': 'document_parsing_exception', 'reason': "[1:16736] failed to parse: The [dense_vector] field [embedding] in doc [document with id '4fc800d0-71c9-4117-b5a6-d28a8e4a9f6e'] has a different number of dimensions [768] than defined in the mapping [1024]", 'caused_by': {'type': 'illegal_argument_exception', 'reason': "The [dense_vector] field [embedding] in doc [document with id '4fc800d0-71c9-4117-b5a6-d28a8e4a9f6e'] has a different number of dimensions [768] than defined in the mapping [1024]"}}}}
2025-11-05 20:58:37,442 - WARNING - Failed item: {'index': {'_index': 'periodic-table-hybrid-search', '_id': '88c91851-9236-4e01-85c9-5183321a6670', 'status': 400, 'error': {'type': 'document_parsing_exception', 'reason': "[1:17578] failed to parse: The [dense_vector] field [embedding] in doc [document with id '88c91851-9236-4e01-85c9-5183321a6670'] has a different number of dimensions [768] than defined in the mapping [1024]", 'caused_by': {'type': 'illegal_argument_exception', 'reason': "The [dense_vector] field [embedding] in doc [document with id '88c91851-9236-4e01-85c9-5183321a6670'] has a different number of dimensions [768] than defined in the mapping [1024]"}}}}
2025-11-05 20:58:37,442 - WARNING - Failed item: {'index': {'_index': 'periodic-table-hybrid-search', '_id': '182c5599-1654-4d03-9fb8-0d4964dbde2a', 'status': 400, 'error': {'type': 'document_parsing_exception', 'reason': "[1:17163] failed to parse: The [dense_vector] field [embedding] in doc [document with id '182c5599-1654-4d03-9fb8-0d4964dbde2a'] has a different number of dimensions [768] than defined in the mapping [1024]", 'caused_by': {'type': 'illegal_argument_exception', 'reason': "The [dense_vector] field [embedding] in doc [document with id '182c5599-1654-4d03-9fb8-0d4964dbde2a'] has a different number of dimensions [768] than defined in the mapping [1024]"}}}}
2025-11-05 20:58:37,442 - WARNING - Failed item: {'index': {'_index': 'periodic-table-hybrid-search', '_id': 'a735494d-ad52-4e33-85c4-784e4fad3470', 'status': 400, 'error': {'type': 'document_parsing_exception', 'reason': "[1:16932] failed to parse: The [dense_vector] field [embedding] in doc [document with id 'a735494d-ad52-4e33-85c4-784e4fad3470'] has a different number of dimensions [768] than defined in the mapping [1024]", 'caused_by': {'type': 'illegal_argument_exception', 'reason': "The [dense_vector] field [embedding] in doc [document with id 'a735494d-ad52-4e33-85c4-784e4fad3470'] has a different number of dimensions [768] than defined in the mapping [1024]"}}}}
2025-11-05 20:58:37,442 - WARNING - Failed item: {'index': {'_index': 'periodic-table-hybrid-search', '_id': '2c8e0cd2-bfd7-435d-adb6-ee81dac46210', 'status': 400, 'error': {'type': 'document_parsing_exception', 'reason': "[1:18810] failed to parse: The [dense_vector] field [embedding] in doc [document with id '2c8e0cd2-bfd7-435d-adb6-ee81dac46210'] has a different number of dimensions [768] than defined in the mapping [1024]", 'caused_by': {'type': 'illegal_argument_exception', 'reason': "The [dense_vector] field [embedding] in doc [document with id '2c8e0cd2-bfd7-435d-adb6-ee81dac46210'] has a different number of dimensions [768] than defined in the mapping [1024]"}}}}
2025-11-05 20:58:37,442 - WARNING - Failed item: {'index': {'_index': 'periodic-table-hybrid-search', '_id': '282c989b-8964-4ad3-a89d-fb1f663eec33', 'status': 400, 'error': {'type': 'document_parsing_exception', 'reason': "[1:18845] failed to parse: The [dense_vector] field [embedding] in doc [document with id '282c989b-8964-4ad3-a89d-fb1f663eec33'] has a different number of dimensions [768] than defined in the mapping [1024]", 'caused_by': {'type': 'illegal_argument_exception', 'reason': "The [dense_vector] field [embedding] in doc [document with id '282c989b-8964-4ad3-a89d-fb1f663eec33'] has a different number of dimensions [768] than defined in the mapping [1024]"}}}}
2025-11-05 20:58:37,442 - WARNING - Failed item: {'index': {'_index': 'periodic-table-hybrid-search', '_id': '4afee8be-f9da-41ef-812e-4a892dab5bff', 'status': 400, 'error': {'type': 'document_parsing_exception', 'reason': "[1:17163] failed to parse: The [dense_vector] field [embedding] in doc [document with id '4afee8be-f9da-41ef-812e-4a892dab5bff'] has a different number of dimensions [768] than defined in the mapping [1024]", 'caused_by': {'type': 'illegal_argument_exception', 'reason': "The [dense_vector] field [embedding] in doc [document with id '4afee8be-f9da-41ef-812e-4a892dab5bff'] has a different number of dimensions [768] than defined in the mapping [1024]"}}}}
2025-11-05 20:58:37,442 - WARNING - Failed item: {'index': {'_index': 'periodic-table-hybrid-search', '_id': 'd3517c9c-fd3a-4bd8-9298-33ed41789074', 'status': 400, 'error': {'type': 'document_parsing_exception', 'reason': "[1:17085] failed to parse: The [dense_vector] field [embedding] in doc [document with id 'd3517c9c-fd3a-4bd8-9298-33ed41789074'] has a different number of dimensions [768] than defined in the mapping [1024]", 'caused_by': {'type': 'illegal_argument_exception', 'reason': "The [dense_vector] field [embedding] in doc [document with id 'd3517c9c-fd3a-4bd8-9298-33ed41789074'] has a different number of dimensions [768] than defined in the mapping [1024]"}}}}
2025-11-05 20:58:37,442 - WARNING - Failed item: {'index': {'_index': 'periodic-table-hybrid-search', '_id': 'cb349f22-325e-4432-bafb-9618d2716e52', 'status': 400, 'error': {'type': 'document_parsing_exception', 'reason': "[1:17105] failed to parse: The [dense_vector] field [embedding] in doc [document with id 'cb349f22-325e-4432-bafb-9618d2716e52'] has a different number of dimensions [768] than defined in the mapping [1024]", 'caused_by': {'type': 'illegal_argument_exception', 'reason': "The [dense_vector] field [embedding] in doc [document with id 'cb349f22-325e-4432-bafb-9618d2716e52'] has a different number of dimensions [768] than defined in the mapping [1024]"}}}}
2025-11-05 20:58:37,442 - WARNING - Failed item: {'index': {'_index': 'periodic-table-hybrid-search', '_id': '5968f420-c8a6-4f51-8db6-6d46df9551c6', 'status': 400, 'error': {'type': 'document_parsing_exception', 'reason': "[1:17021] failed to parse: The [dense_vector] field [embedding] in doc [document with id '5968f420-c8a6-4f51-8db6-6d46df9551c6'] has a different number of dimensions [768] than defined in the mapping [1024]", 'caused_by': {'type': 'illegal_argument_exception', 'reason': "The [dense_vector] field [embedding] in doc [document with id '5968f420-c8a6-4f51-8db6-6d46df9551c6'] has a different number of dimensions [768] than defined in the mapping [1024]"}}}}
2025-11-05 20:58:37,442 - WARNING - Failed item: {'index': {'_index': 'periodic-table-hybrid-search', '_id': 'ba17e017-0e5d-4f82-9d1e-1eb5fac39ff6', 'status': 400, 'error': {'type': 'document_parsing_exception', 'reason': "[1:17538] failed to parse: The [dense_vector] field [embedding] in doc [document with id 'ba17e017-0e5d-4f82-9d1e-1eb5fac39ff6'] has a different number of dimensions [768] than defined in the mapping [1024]", 'caused_by': {'type': 'illegal_argument_exception', 'reason': "The [dense_vector] field [embedding] in doc [document with id 'ba17e017-0e5d-4f82-9d1e-1eb5fac39ff6'] has a different number of dimensions [768] than defined in the mapping [1024]"}}}}
2025-11-05 20:58:37,442 - WARNING - Failed item: {'index': {'_index': 'periodic-table-hybrid-search', '_id': 'e4ff2c49-bca3-402f-96d2-2d18b6b05815', 'status': 400, 'error': {'type': 'document_parsing_exception', 'reason': "[1:17573] failed to parse: The [dense_vector] field [embedding] in doc [document with id 'e4ff2c49-bca3-402f-96d2-2d18b6b05815'] has a different number of dimensions [768] than defined in the mapping [1024]", 'caused_by': {'type': 'illegal_argument_exception', 'reason': "The [dense_vector] field [embedding] in doc [document with id 'e4ff2c49-bca3-402f-96d2-2d18b6b05815'] has a different number of dimensions [768] than defined in the mapping [1024]"}}}}
2025-11-05 20:58:37,442 - WARNING - Failed item: {'index': {'_index': 'periodic-table-hybrid-search', '_id': 'd1a8e18c-d37e-414a-81e1-41369f84eac7', 'status': 400, 'error': {'type': 'document_parsing_exception', 'reason': "[1:17175] failed to parse: The [dense_vector] field [embedding] in doc [document with id 'd1a8e18c-d37e-414a-81e1-41369f84eac7'] has a different number of dimensions [768] than defined in the mapping [1024]", 'caused_by': {'type': 'illegal_argument_exception', 'reason': "The [dense_vector] field [embedding] in doc [document with id 'd1a8e18c-d37e-414a-81e1-41369f84eac7'] has a different number of dimensions [768] than defined in the mapping [1024]"}}}}
2025-11-05 20:58:37,442 - WARNING - Failed item: {'index': {'_index': 'periodic-table-hybrid-search', '_id': '6c0bc29c-7c0f-4c7d-ba0d-8110a6d3e5f1', 'status': 400, 'error': {'type': 'document_parsing_exception', 'reason': "[1:16955] failed to parse: The [dense_vector] field [embedding] in doc [document with id '6c0bc29c-7c0f-4c7d-ba0d-8110a6d3e5f1'] has a different number of dimensions [768] than defined in the mapping [1024]", 'caused_by': {'type': 'illegal_argument_exception', 'reason': "The [dense_vector] field [embedding] in doc [document with id '6c0bc29c-7c0f-4c7d-ba0d-8110a6d3e5f1'] has a different number of dimensions [768] than defined in the mapping [1024]"}}}}
2025-11-05 20:58:37,442 - WARNING - Failed item: {'index': {'_index': 'periodic-table-hybrid-search', '_id': '72c6e9dd-9643-4dc9-a31e-6102006928c8', 'status': 400, 'error': {'type': 'document_parsing_exception', 'reason': "[1:28150] failed to parse: The [dense_vector] field [embedding] in doc [document with id '72c6e9dd-9643-4dc9-a31e-6102006928c8'] has a different number of dimensions [768] than defined in the mapping [1024]", 'caused_by': {'type': 'illegal_argument_exception', 'reason': "The [dense_vector] field [embedding] in doc [document with id '72c6e9dd-9643-4dc9-a31e-6102006928c8'] has a different number of dimensions [768] than defined in the mapping [1024]"}}}}
2025-11-05 20:58:37,442 - WARNING - Failed item: {'index': {'_index': 'periodic-table-hybrid-search', '_id': '46d4c667-1051-40a8-aa7e-3b5ac8a8073c', 'status': 400, 'error': {'type': 'document_parsing_exception', 'reason': "[1:19427] failed to parse: The [dense_vector] field [embedding] in doc [document with id '46d4c667-1051-40a8-aa7e-3b5ac8a8073c'] has a different number of dimensions [768] than defined in the mapping [1024]", 'caused_by': {'type': 'illegal_argument_exception', 'reason': "The [dense_vector] field [embedding] in doc [document with id '46d4c667-1051-40a8-aa7e-3b5ac8a8073c'] has a different number of dimensions [768] than defined in the mapping [1024]"}}}}
2025-11-05 20:58:37,442 - WARNING - Failed item: {'index': {'_index': 'periodic-table-hybrid-search', '_id': 'a51297bb-3be9-4471-8a25-07ea1bdb6b8e', 'status': 400, 'error': {'type': 'document_parsing_exception', 'reason': "[1:17164] failed to parse: The [dense_vector] field [embedding] in doc [document with id 'a51297bb-3be9-4471-8a25-07ea1bdb6b8e'] has a different number of dimensions [768] than defined in the mapping [1024]", 'caused_by': {'type': 'illegal_argument_exception', 'reason': "The [dense_vector] field [embedding] in doc [document with id 'a51297bb-3be9-4471-8a25-07ea1bdb6b8e'] has a different number of dimensions [768] than defined in the mapping [1024]"}}}}
2025-11-05 20:58:37,442 - WARNING - Failed item: {'index': {'_index': 'periodic-table-hybrid-search', '_id': 'ab0eebe4-ae54-42e9-b035-be353ca1487e', 'status': 400, 'error': {'type': 'document_parsing_exception', 'reason': "[1:17170] failed to parse: The [dense_vector] field [embedding] in doc [document with id 'ab0eebe4-ae54-42e9-b035-be353ca1487e'] has a different number of dimensions [768] than defined in the mapping [1024]", 'caused_by': {'type': 'illegal_argument_exception', 'reason': "The [dense_vector] field [embedding] in doc [document with id 'ab0eebe4-ae54-42e9-b035-be353ca1487e'] has a different number of dimensions [768] than defined in the mapping [1024]"}}}}
2025-11-05 20:58:37,442 - WARNING - Failed item: {'index': {'_index': 'periodic-table-hybrid-search', '_id': '8ad38953-1514-4a64-b78f-a617d99a6973', 'status': 400, 'error': {'type': 'document_parsing_exception', 'reason': "[1:17253] failed to parse: The [dense_vector] field [embedding] in doc [document with id '8ad38953-1514-4a64-b78f-a617d99a6973'] has a different number of dimensions [768] than defined in the mapping [1024]", 'caused_by': {'type': 'illegal_argument_exception', 'reason': "The [dense_vector] field [embedding] in doc [document with id '8ad38953-1514-4a64-b78f-a617d99a6973'] has a different number of dimensions [768] than defined in the mapping [1024]"}}}}
2025-11-05 20:58:37,442 - WARNING - Failed item: {'index': {'_index': 'periodic-table-hybrid-search', '_id': '45fe33c3-b6e7-4fca-9fe2-c005b2cd1a34', 'status': 400, 'error': {'type': 'document_parsing_exception', 'reason': "[1:17256] failed to parse: The [dense_vector] field [embedding] in doc [document with id '45fe33c3-b6e7-4fca-9fe2-c005b2cd1a34'] has a different number of dimensions [768] than defined in the mapping [1024]", 'caused_by': {'type': 'illegal_argument_exception', 'reason': "The [dense_vector] field [embedding] in doc [document with id '45fe33c3-b6e7-4fca-9fe2-c005b2cd1a34'] has a different number of dimensions [768] than defined in the mapping [1024]"}}}}
2025-11-05 20:58:37,442 - WARNING - Failed item: {'index': {'_index': 'periodic-table-hybrid-search', '_id': '74fbd025-ac5a-4045-acf3-9cdf66800ef4', 'status': 400, 'error': {'type': 'document_parsing_exception', 'reason': "[1:16763] failed to parse: The [dense_vector] field [embedding] in doc [document with id '74fbd025-ac5a-4045-acf3-9cdf66800ef4'] has a different number of dimensions [768] than defined in the mapping [1024]", 'caused_by': {'type': 'illegal_argument_exception', 'reason': "The [dense_vector] field [embedding] in doc [document with id '74fbd025-ac5a-4045-acf3-9cdf66800ef4'] has a different number of dimensions [768] than defined in the mapping [1024]"}}}}
2025-11-05 20:58:37,442 - WARNING - Failed item: {'index': {'_index': 'periodic-table-hybrid-search', '_id': 'e659a506-1331-4af0-bebc-b8d4c9ba10b4', 'status': 400, 'error': {'type': 'document_parsing_exception', 'reason': "[1:19449] failed to parse: The [dense_vector] field [embedding] in doc [document with id 'e659a506-1331-4af0-bebc-b8d4c9ba10b4'] has a different number of dimensions [768] than defined in the mapping [1024]", 'caused_by': {'type': 'illegal_argument_exception', 'reason': "The [dense_vector] field [embedding] in doc [document with id 'e659a506-1331-4af0-bebc-b8d4c9ba10b4'] has a different number of dimensions [768] than defined in the mapping [1024]"}}}}
2025-11-05 20:58:37,442 - WARNING - Failed item: {'index': {'_index': 'periodic-table-hybrid-search', '_id': '2d25f592-307d-4399-93e9-5358a83d8e26', 'status': 400, 'error': {'type': 'document_parsing_exception', 'reason': "[1:17238] failed to parse: The [dense_vector] field [embedding] in doc [document with id '2d25f592-307d-4399-93e9-5358a83d8e26'] has a different number of dimensions [768] than defined in the mapping [1024]", 'caused_by': {'type': 'illegal_argument_exception', 'reason': "The [dense_vector] field [embedding] in doc [document with id '2d25f592-307d-4399-93e9-5358a83d8e26'] has a different number of dimensions [768] than defined in the mapping [1024]"}}}}
2025-11-05 20:58:37,442 - WARNING - Failed item: {'index': {'_index': 'periodic-table-hybrid-search', '_id': '04c27a7c-f8c2-40f3-aab8-3c677ef9735c', 'status': 400, 'error': {'type': 'document_parsing_exception', 'reason': "[1:17212] failed to parse: The [dense_vector] field [embedding] in doc [document with id '04c27a7c-f8c2-40f3-aab8-3c677ef9735c'] has a different number of dimensions [768] than defined in the mapping [1024]", 'caused_by': {'type': 'illegal_argument_exception', 'reason': "The [dense_vector] field [embedding] in doc [document with id '04c27a7c-f8c2-40f3-aab8-3c677ef9735c'] has a different number of dimensions [768] than defined in the mapping [1024]"}}}}
2025-11-05 20:58:37,442 - WARNING - Failed item: {'index': {'_index': 'periodic-table-hybrid-search', '_id': '42284241-99c2-4595-a14b-18d528cc9a6a', 'status': 400, 'error': {'type': 'document_parsing_exception', 'reason': "[1:17187] failed to parse: The [dense_vector] field [embedding] in doc [document with id '42284241-99c2-4595-a14b-18d528cc9a6a'] has a different number of dimensions [768] than defined in the mapping [1024]", 'caused_by': {'type': 'illegal_argument_exception', 'reason': "The [dense_vector] field [embedding] in doc [document with id '42284241-99c2-4595-a14b-18d528cc9a6a'] has a different number of dimensions [768] than defined in the mapping [1024]"}}}}
2025-11-05 20:58:37,442 - WARNING - Failed item: {'index': {'_index': 'periodic-table-hybrid-search', '_id': 'de217b8f-837e-4ead-8910-2e289bab2725', 'status': 400, 'error': {'type': 'document_parsing_exception', 'reason': "[1:17218] failed to parse: The [dense_vector] field [embedding] in doc [document with id 'de217b8f-837e-4ead-8910-2e289bab2725'] has a different number of dimensions [768] than defined in the mapping [1024]", 'caused_by': {'type': 'illegal_argument_exception', 'reason': "The [dense_vector] field [embedding] in doc [document with id 'de217b8f-837e-4ead-8910-2e289bab2725'] has a different number of dimensions [768] than defined in the mapping [1024]"}}}}
2025-11-05 20:58:37,442 - WARNING - Failed item: {'index': {'_index': 'periodic-table-hybrid-search', '_id': '90555d63-3f9e-448a-9245-e4b97a9492f5', 'status': 400, 'error': {'type': 'document_parsing_exception', 'reason': "[1:16798] failed to parse: The [dense_vector] field [embedding] in doc [document with id '90555d63-3f9e-448a-9245-e4b97a9492f5'] has a different number of dimensions [768] than defined in the mapping [1024]", 'caused_by': {'type': 'illegal_argument_exception', 'reason': "The [dense_vector] field [embedding] in doc [document with id '90555d63-3f9e-448a-9245-e4b97a9492f5'] has a different number of dimensions [768] than defined in the mapping [1024]"}}}}
2025-11-05 20:58:37,442 - WARNING - Failed item: {'index': {'_index': 'periodic-table-hybrid-search', '_id': '987f69aa-7c20-4af0-b1f6-8b3152206716', 'status': 400, 'error': {'type': 'document_parsing_exception', 'reason': "[1:19409] failed to parse: The [dense_vector] field [embedding] in doc [document with id '987f69aa-7c20-4af0-b1f6-8b3152206716'] has a different number of dimensions [768] than defined in the mapping [1024]", 'caused_by': {'type': 'illegal_argument_exception', 'reason': "The [dense_vector] field [embedding] in doc [document with id '987f69aa-7c20-4af0-b1f6-8b3152206716'] has a different number of dimensions [768] than defined in the mapping [1024]"}}}}
2025-11-05 20:58:37,442 - WARNING - Failed item: {'index': {'_index': 'periodic-table-hybrid-search', '_id': 'bbe6d632-cd53-48c1-9b25-ecbd3f51a180', 'status': 400, 'error': {'type': 'document_parsing_exception', 'reason': "[1:17223] failed to parse: The [dense_vector] field [embedding] in doc [document with id 'bbe6d632-cd53-48c1-9b25-ecbd3f51a180'] has a different number of dimensions [768] than defined in the mapping [1024]", 'caused_by': {'type': 'illegal_argument_exception', 'reason': "The [dense_vector] field [embedding] in doc [document with id 'bbe6d632-cd53-48c1-9b25-ecbd3f51a180'] has a different number of dimensions [768] than defined in the mapping [1024]"}}}}
2025-11-05 20:58:37,442 - WARNING - Failed item: {'index': {'_index': 'periodic-table-hybrid-search', '_id': '9d2ae8cc-414b-4728-a61c-52158a899057', 'status': 400, 'error': {'type': 'document_parsing_exception', 'reason': "[1:17150] failed to parse: The [dense_vector] field [embedding] in doc [document with id '9d2ae8cc-414b-4728-a61c-52158a899057'] has a different number of dimensions [768] than defined in the mapping [1024]", 'caused_by': {'type': 'illegal_argument_exception', 'reason': "The [dense_vector] field [embedding] in doc [document with id '9d2ae8cc-414b-4728-a61c-52158a899057'] has a different number of dimensions [768] than defined in the mapping [1024]"}}}}
2025-11-05 20:58:37,442 - WARNING - Failed item: {'index': {'_index': 'periodic-table-hybrid-search', '_id': '174cd0e4-af81-48b7-99f5-99b488d3f363', 'status': 400, 'error': {'type': 'document_parsing_exception', 'reason': "[1:17231] failed to parse: The [dense_vector] field [embedding] in doc [document with id '174cd0e4-af81-48b7-99f5-99b488d3f363'] has a different number of dimensions [768] than defined in the mapping [1024]", 'caused_by': {'type': 'illegal_argument_exception', 'reason': "The [dense_vector] field [embedding] in doc [document with id '174cd0e4-af81-48b7-99f5-99b488d3f363'] has a different number of dimensions [768] than defined in the mapping [1024]"}}}}
2025-11-05 20:58:37,442 - WARNING - Failed item: {'index': {'_index': 'periodic-table-hybrid-search', '_id': '3714762e-2102-4cad-8a48-354da33c61e4', 'status': 400, 'error': {'type': 'document_parsing_exception', 'reason': "[1:17228] failed to parse: The [dense_vector] field [embedding] in doc [document with id '3714762e-2102-4cad-8a48-354da33c61e4'] has a different number of dimensions [768] than defined in the mapping [1024]", 'caused_by': {'type': 'illegal_argument_exception', 'reason': "The [dense_vector] field [embedding] in doc [document with id '3714762e-2102-4cad-8a48-354da33c61e4'] has a different number of dimensions [768] than defined in the mapping [1024]"}}}}
2025-11-05 20:58:37,442 - WARNING - Failed item: {'index': {'_index': 'periodic-table-hybrid-search', '_id': '8d7e7b97-2c63-4604-855b-c0a63ee602ae', 'status': 400, 'error': {'type': 'document_parsing_exception', 'reason': "[1:16786] failed to parse: The [dense_vector] field [embedding] in doc [document with id '8d7e7b97-2c63-4604-855b-c0a63ee602ae'] has a different number of dimensions [768] than defined in the mapping [1024]", 'caused_by': {'type': 'illegal_argument_exception', 'reason': "The [dense_vector] field [embedding] in doc [document with id '8d7e7b97-2c63-4604-855b-c0a63ee602ae'] has a different number of dimensions [768] than defined in the mapping [1024]"}}}}
2025-11-05 20:58:37,442 - WARNING - Failed item: {'index': {'_index': 'periodic-table-hybrid-search', '_id': '5382aa85-f2b7-4cac-aea3-56ddb94f1d4c', 'status': 400, 'error': {'type': 'document_parsing_exception', 'reason': "[1:19394] failed to parse: The [dense_vector] field [embedding] in doc [document with id '5382aa85-f2b7-4cac-aea3-56ddb94f1d4c'] has a different number of dimensions [768] than defined in the mapping [1024]", 'caused_by': {'type': 'illegal_argument_exception', 'reason': "The [dense_vector] field [embedding] in doc [document with id '5382aa85-f2b7-4cac-aea3-56ddb94f1d4c'] has a different number of dimensions [768] than defined in the mapping [1024]"}}}}
2025-11-05 20:58:37,442 - WARNING - Failed item: {'index': {'_index': 'periodic-table-hybrid-search', '_id': 'f1a3a0ed-8048-421c-87e5-54579546eedb', 'status': 400, 'error': {'type': 'document_parsing_exception', 'reason': "[1:17233] failed to parse: The [dense_vector] field [embedding] in doc [document with id 'f1a3a0ed-8048-421c-87e5-54579546eedb'] has a different number of dimensions [768] than defined in the mapping [1024]", 'caused_by': {'type': 'illegal_argument_exception', 'reason': "The [dense_vector] field [embedding] in doc [document with id 'f1a3a0ed-8048-421c-87e5-54579546eedb'] has a different number of dimensions [768] than defined in the mapping [1024]"}}}}
2025-11-05 20:58:37,442 - WARNING - Failed item: {'index': {'_index': 'periodic-table-hybrid-search', '_id': '4884abfc-6b30-4408-8799-3a43379a0c72', 'status': 400, 'error': {'type': 'document_parsing_exception', 'reason': "[1:17172] failed to parse: The [dense_vector] field [embedding] in doc [document with id '4884abfc-6b30-4408-8799-3a43379a0c72'] has a different number of dimensions [768] than defined in the mapping [1024]", 'caused_by': {'type': 'illegal_argument_exception', 'reason': "The [dense_vector] field [embedding] in doc [document with id '4884abfc-6b30-4408-8799-3a43379a0c72'] has a different number of dimensions [768] than defined in the mapping [1024]"}}}}
2025-11-05 20:58:37,442 - WARNING - Failed item: {'index': {'_index': 'periodic-table-hybrid-search', '_id': '0c91e0c7-ad92-4e76-a8d1-7cbd3e96b6dc', 'status': 400, 'error': {'type': 'document_parsing_exception', 'reason': "[1:17217] failed to parse: The [dense_vector] field [embedding] in doc [document with id '0c91e0c7-ad92-4e76-a8d1-7cbd3e96b6dc'] has a different number of dimensions [768] than defined in the mapping [1024]", 'caused_by': {'type': 'illegal_argument_exception', 'reason': "The [dense_vector] field [embedding] in doc [document with id '0c91e0c7-ad92-4e76-a8d1-7cbd3e96b6dc'] has a different number of dimensions [768] than defined in the mapping [1024]"}}}}
2025-11-05 20:58:37,442 - WARNING - Failed item: {'index': {'_index': 'periodic-table-hybrid-search', '_id': '6904b6af-5dd5-45c1-9c97-7bd1ae411643', 'status': 400, 'error': {'type': 'document_parsing_exception', 'reason': "[1:17159] failed to parse: The [dense_vector] field [embedding] in doc [document with id '6904b6af-5dd5-45c1-9c97-7bd1ae411643'] has a different number of dimensions [768] than defined in the mapping [1024]", 'caused_by': {'type': 'illegal_argument_exception', 'reason': "The [dense_vector] field [embedding] in doc [document with id '6904b6af-5dd5-45c1-9c97-7bd1ae411643'] has a different number of dimensions [768] than defined in the mapping [1024]"}}}}
2025-11-05 20:58:37,442 - WARNING - Failed item: {'index': {'_index': 'periodic-table-hybrid-search', '_id': '35b8e64e-5212-4f94-a5c8-f04babf48967', 'status': 400, 'error': {'type': 'document_parsing_exception', 'reason': "[1:16703] failed to parse: The [dense_vector] field [embedding] in doc [document with id '35b8e64e-5212-4f94-a5c8-f04babf48967'] has a different number of dimensions [768] than defined in the mapping [1024]", 'caused_by': {'type': 'illegal_argument_exception', 'reason': "The [dense_vector] field [embedding] in doc [document with id '35b8e64e-5212-4f94-a5c8-f04babf48967'] has a different number of dimensions [768] than defined in the mapping [1024]"}}}}
2025-11-05 20:58:37,442 - WARNING - Failed item: {'index': {'_index': 'periodic-table-hybrid-search', '_id': '136970d7-3247-4538-b592-f81de15d44bc', 'status': 400, 'error': {'type': 'document_parsing_exception', 'reason': "[1:17538] failed to parse: The [dense_vector] field [embedding] in doc [document with id '136970d7-3247-4538-b592-f81de15d44bc'] has a different number of dimensions [768] than defined in the mapping [1024]", 'caused_by': {'type': 'illegal_argument_exception', 'reason': "The [dense_vector] field [embedding] in doc [document with id '136970d7-3247-4538-b592-f81de15d44bc'] has a different number of dimensions [768] than defined in the mapping [1024]"}}}}
2025-11-05 20:58:37,442 - WARNING - Failed item: {'index': {'_index': 'periodic-table-hybrid-search', '_id': 'c69b2d44-a595-4bfe-8d1e-7cb1027d0240', 'status': 400, 'error': {'type': 'document_parsing_exception', 'reason': "[1:17151] failed to parse: The [dense_vector] field [embedding] in doc [document with id 'c69b2d44-a595-4bfe-8d1e-7cb1027d0240'] has a different number of dimensions [768] than defined in the mapping [1024]", 'caused_by': {'type': 'illegal_argument_exception', 'reason': "The [dense_vector] field [embedding] in doc [document with id 'c69b2d44-a595-4bfe-8d1e-7cb1027d0240'] has a different number of dimensions [768] than defined in the mapping [1024]"}}}}
2025-11-05 20:58:37,442 - WARNING - Failed item: {'index': {'_index': 'periodic-table-hybrid-search', '_id': '927a09a9-e542-46bf-9530-94b398620662', 'status': 400, 'error': {'type': 'document_parsing_exception', 'reason': "[1:16956] failed to parse: The [dense_vector] field [embedding] in doc [document with id '927a09a9-e542-46bf-9530-94b398620662'] has a different number of dimensions [768] than defined in the mapping [1024]", 'caused_by': {'type': 'illegal_argument_exception', 'reason': "The [dense_vector] field [embedding] in doc [document with id '927a09a9-e542-46bf-9530-94b398620662'] has a different number of dimensions [768] than defined in the mapping [1024]"}}}}
2025-11-05 20:58:37,442 - WARNING - Failed item: {'index': {'_index': 'periodic-table-hybrid-search', '_id': '485e35fa-81f2-4f92-8446-ff4514891679', 'status': 400, 'error': {'type': 'document_parsing_exception', 'reason': "[1:27838] failed to parse: The [dense_vector] field [embedding] in doc [document with id '485e35fa-81f2-4f92-8446-ff4514891679'] has a different number of dimensions [768] than defined in the mapping [1024]", 'caused_by': {'type': 'illegal_argument_exception', 'reason': "The [dense_vector] field [embedding] in doc [document with id '485e35fa-81f2-4f92-8446-ff4514891679'] has a different number of dimensions [768] than defined in the mapping [1024]"}}}}
2025-11-05 20:58:37,442 - WARNING - Failed item: {'index': {'_index': 'periodic-table-hybrid-search', '_id': '302a0cf5-bd29-4bd2-a376-a2327cd7dcd9', 'status': 400, 'error': {'type': 'document_parsing_exception', 'reason': "[1:19378] failed to parse: The [dense_vector] field [embedding] in doc [document with id '302a0cf5-bd29-4bd2-a376-a2327cd7dcd9'] has a different number of dimensions [768] than defined in the mapping [1024]", 'caused_by': {'type': 'illegal_argument_exception', 'reason': "The [dense_vector] field [embedding] in doc [document with id '302a0cf5-bd29-4bd2-a376-a2327cd7dcd9'] has a different number of dimensions [768] than defined in the mapping [1024]"}}}}
2025-11-05 20:58:37,442 - WARNING - Failed item: {'index': {'_index': 'periodic-table-hybrid-search', '_id': '40b483ee-da7b-4e14-906a-d69035305c50', 'status': 400, 'error': {'type': 'document_parsing_exception', 'reason': "[1:17151] failed to parse: The [dense_vector] field [embedding] in doc [document with id '40b483ee-da7b-4e14-906a-d69035305c50'] has a different number of dimensions [768] than defined in the mapping [1024]", 'caused_by': {'type': 'illegal_argument_exception', 'reason': "The [dense_vector] field [embedding] in doc [document with id '40b483ee-da7b-4e14-906a-d69035305c50'] has a different number of dimensions [768] than defined in the mapping [1024]"}}}}
2025-11-05 20:58:37,442 - WARNING - Failed item: {'index': {'_index': 'periodic-table-hybrid-search', '_id': 'd803bba2-0f74-4f01-a364-3f6c4d532d10', 'status': 400, 'error': {'type': 'document_parsing_exception', 'reason': "[1:17142] failed to parse: The [dense_vector] field [embedding] in doc [document with id 'd803bba2-0f74-4f01-a364-3f6c4d532d10'] has a different number of dimensions [768] than defined in the mapping [1024]", 'caused_by': {'type': 'illegal_argument_exception', 'reason': "The [dense_vector] field [embedding] in doc [document with id 'd803bba2-0f74-4f01-a364-3f6c4d532d10'] has a different number of dimensions [768] than defined in the mapping [1024]"}}}}
2025-11-05 20:58:37,442 - WARNING - Failed item: {'index': {'_index': 'periodic-table-hybrid-search', '_id': '5ef5898d-8e87-423b-88a1-6172ab039c17', 'status': 400, 'error': {'type': 'document_parsing_exception', 'reason': "[1:17212] failed to parse: The [dense_vector] field [embedding] in doc [document with id '5ef5898d-8e87-423b-88a1-6172ab039c17'] has a different number of dimensions [768] than defined in the mapping [1024]", 'caused_by': {'type': 'illegal_argument_exception', 'reason': "The [dense_vector] field [embedding] in doc [document with id '5ef5898d-8e87-423b-88a1-6172ab039c17'] has a different number of dimensions [768] than defined in the mapping [1024]"}}}}
2025-11-05 20:58:37,442 - WARNING - Failed item: {'index': {'_index': 'periodic-table-hybrid-search', '_id': '97b16285-7481-45b1-a531-9d7db2a362ac', 'status': 400, 'error': {'type': 'document_parsing_exception', 'reason': "[1:17235] failed to parse: The [dense_vector] field [embedding] in doc [document with id '97b16285-7481-45b1-a531-9d7db2a362ac'] has a different number of dimensions [768] than defined in the mapping [1024]", 'caused_by': {'type': 'illegal_argument_exception', 'reason': "The [dense_vector] field [embedding] in doc [document with id '97b16285-7481-45b1-a531-9d7db2a362ac'] has a different number of dimensions [768] than defined in the mapping [1024]"}}}}
2025-11-05 20:58:37,442 - WARNING - Failed item: {'index': {'_index': 'periodic-table-hybrid-search', '_id': '60e2355a-7f1c-481b-ab58-70ef18872cec', 'status': 400, 'error': {'type': 'document_parsing_exception', 'reason': "[1:16741] failed to parse: The [dense_vector] field [embedding] in doc [document with id '60e2355a-7f1c-481b-ab58-70ef18872cec'] has a different number of dimensions [768] than defined in the mapping [1024]", 'caused_by': {'type': 'illegal_argument_exception', 'reason': "The [dense_vector] field [embedding] in doc [document with id '60e2355a-7f1c-481b-ab58-70ef18872cec'] has a different number of dimensions [768] than defined in the mapping [1024]"}}}}
2025-11-05 20:58:37,442 - WARNING - Failed item: {'index': {'_index': 'periodic-table-hybrid-search', '_id': '11790df6-9226-4667-813e-d31077bb9ada', 'status': 400, 'error': {'type': 'document_parsing_exception', 'reason': "[1:19529] failed to parse: The [dense_vector] field [embedding] in doc [document with id '11790df6-9226-4667-813e-d31077bb9ada'] has a different number of dimensions [768] than defined in the mapping [1024]", 'caused_by': {'type': 'illegal_argument_exception', 'reason': "The [dense_vector] field [embedding] in doc [document with id '11790df6-9226-4667-813e-d31077bb9ada'] has a different number of dimensions [768] than defined in the mapping [1024]"}}}}
2025-11-05 20:58:37,442 - WARNING - Failed item: {'index': {'_index': 'periodic-table-hybrid-search', '_id': 'b839df5c-e82f-470d-b28d-d8b234ded031', 'status': 400, 'error': {'type': 'document_parsing_exception', 'reason': "[1:17249] failed to parse: The [dense_vector] field [embedding] in doc [document with id 'b839df5c-e82f-470d-b28d-d8b234ded031'] has a different number of dimensions [768] than defined in the mapping [1024]", 'caused_by': {'type': 'illegal_argument_exception', 'reason': "The [dense_vector] field [embedding] in doc [document with id 'b839df5c-e82f-470d-b28d-d8b234ded031'] has a different number of dimensions [768] than defined in the mapping [1024]"}}}}
2025-11-05 20:58:37,442 - WARNING - Failed item: {'index': {'_index': 'periodic-table-hybrid-search', '_id': '51f67eb6-a377-46e6-a9ed-90555a132139', 'status': 400, 'error': {'type': 'document_parsing_exception', 'reason': "[1:17230] failed to parse: The [dense_vector] field [embedding] in doc [document with id '51f67eb6-a377-46e6-a9ed-90555a132139'] has a different number of dimensions [768] than defined in the mapping [1024]", 'caused_by': {'type': 'illegal_argument_exception', 'reason': "The [dense_vector] field [embedding] in doc [document with id '51f67eb6-a377-46e6-a9ed-90555a132139'] has a different number of dimensions [768] than defined in the mapping [1024]"}}}}
2025-11-05 20:58:37,442 - WARNING - Failed item: {'index': {'_index': 'periodic-table-hybrid-search', '_id': 'b6b5bba5-39c9-44a8-871d-4953b9727625', 'status': 400, 'error': {'type': 'document_parsing_exception', 'reason': "[1:17275] failed to parse: The [dense_vector] field [embedding] in doc [document with id 'b6b5bba5-39c9-44a8-871d-4953b9727625'] has a different number of dimensions [768] than defined in the mapping [1024]", 'caused_by': {'type': 'illegal_argument_exception', 'reason': "The [dense_vector] field [embedding] in doc [document with id 'b6b5bba5-39c9-44a8-871d-4953b9727625'] has a different number of dimensions [768] than defined in the mapping [1024]"}}}}
2025-11-05 20:58:37,442 - WARNING - Failed item: {'index': {'_index': 'periodic-table-hybrid-search', '_id': '397fce29-8ad6-48a5-ad04-3dc7156159dd', 'status': 400, 'error': {'type': 'document_parsing_exception', 'reason': "[1:17225] failed to parse: The [dense_vector] field [embedding] in doc [document with id '397fce29-8ad6-48a5-ad04-3dc7156159dd'] has a different number of dimensions [768] than defined in the mapping [1024]", 'caused_by': {'type': 'illegal_argument_exception', 'reason': "The [dense_vector] field [embedding] in doc [document with id '397fce29-8ad6-48a5-ad04-3dc7156159dd'] has a different number of dimensions [768] than defined in the mapping [1024]"}}}}
2025-11-05 20:58:37,442 - WARNING - Failed item: {'index': {'_index': 'periodic-table-hybrid-search', '_id': '15433903-0e29-4962-a1ef-c7f48d31cee6', 'status': 400, 'error': {'type': 'document_parsing_exception', 'reason': "[1:16730] failed to parse: The [dense_vector] field [embedding] in doc [document with id '15433903-0e29-4962-a1ef-c7f48d31cee6'] has a different number of dimensions [768] than defined in the mapping [1024]", 'caused_by': {'type': 'illegal_argument_exception', 'reason': "The [dense_vector] field [embedding] in doc [document with id '15433903-0e29-4962-a1ef-c7f48d31cee6'] has a different number of dimensions [768] than defined in the mapping [1024]"}}}}
2025-11-05 20:58:37,442 - WARNING - Failed item: {'index': {'_index': 'periodic-table-hybrid-search', '_id': 'd0a3d95c-bf04-4234-a892-86c413ed636c', 'status': 400, 'error': {'type': 'document_parsing_exception', 'reason': "[1:19186] failed to parse: The [dense_vector] field [embedding] in doc [document with id 'd0a3d95c-bf04-4234-a892-86c413ed636c'] has a different number of dimensions [768] than defined in the mapping [1024]", 'caused_by': {'type': 'illegal_argument_exception', 'reason': "The [dense_vector] field [embedding] in doc [document with id 'd0a3d95c-bf04-4234-a892-86c413ed636c'] has a different number of dimensions [768] than defined in the mapping [1024]"}}}}
2025-11-05 20:58:37,442 - WARNING - Failed item: {'index': {'_index': 'periodic-table-hybrid-search', '_id': '0fb26fd5-6af2-450f-95b5-1a50c21a4e6c', 'status': 400, 'error': {'type': 'document_parsing_exception', 'reason': "[1:17160] failed to parse: The [dense_vector] field [embedding] in doc [document with id '0fb26fd5-6af2-450f-95b5-1a50c21a4e6c'] has a different number of dimensions [768] than defined in the mapping [1024]", 'caused_by': {'type': 'illegal_argument_exception', 'reason': "The [dense_vector] field [embedding] in doc [document with id '0fb26fd5-6af2-450f-95b5-1a50c21a4e6c'] has a different number of dimensions [768] than defined in the mapping [1024]"}}}}
2025-11-05 20:58:37,442 - WARNING - Failed item: {'index': {'_index': 'periodic-table-hybrid-search', '_id': 'c4d16720-8541-4872-86bd-fbe75a4af544', 'status': 400, 'error': {'type': 'document_parsing_exception', 'reason': "[1:17130] failed to parse: The [dense_vector] field [embedding] in doc [document with id 'c4d16720-8541-4872-86bd-fbe75a4af544'] has a different number of dimensions [768] than defined in the mapping [1024]", 'caused_by': {'type': 'illegal_argument_exception', 'reason': "The [dense_vector] field [embedding] in doc [document with id 'c4d16720-8541-4872-86bd-fbe75a4af544'] has a different number of dimensions [768] than defined in the mapping [1024]"}}}}
2025-11-05 20:58:37,442 - WARNING - Failed item: {'index': {'_index': 'periodic-table-hybrid-search', '_id': 'ffef85b9-f43b-4680-8b63-88fb322d1715', 'status': 400, 'error': {'type': 'document_parsing_exception', 'reason': "[1:17234] failed to parse: The [dense_vector] field [embedding] in doc [document with id 'ffef85b9-f43b-4680-8b63-88fb322d1715'] has a different number of dimensions [768] than defined in the mapping [1024]", 'caused_by': {'type': 'illegal_argument_exception', 'reason': "The [dense_vector] field [embedding] in doc [document with id 'ffef85b9-f43b-4680-8b63-88fb322d1715'] has a different number of dimensions [768] than defined in the mapping [1024]"}}}}
2025-11-05 20:58:37,442 - WARNING - Failed item: {'index': {'_index': 'periodic-table-hybrid-search', '_id': '4f8d52d3-7364-456c-afb9-ec016129f6a7', 'status': 400, 'error': {'type': 'document_parsing_exception', 'reason': "[1:17141] failed to parse: The [dense_vector] field [embedding] in doc [document with id '4f8d52d3-7364-456c-afb9-ec016129f6a7'] has a different number of dimensions [768] than defined in the mapping [1024]", 'caused_by': {'type': 'illegal_argument_exception', 'reason': "The [dense_vector] field [embedding] in doc [document with id '4f8d52d3-7364-456c-afb9-ec016129f6a7'] has a different number of dimensions [768] than defined in the mapping [1024]"}}}}
2025-11-05 20:58:37,442 - WARNING - Failed item: {'index': {'_index': 'periodic-table-hybrid-search', '_id': '389d8f2a-c307-4bc1-bfff-138940f55f5c', 'status': 400, 'error': {'type': 'document_parsing_exception', 'reason': "[1:16696] failed to parse: The [dense_vector] field [embedding] in doc [document with id '389d8f2a-c307-4bc1-bfff-138940f55f5c'] has a different number of dimensions [768] than defined in the mapping [1024]", 'caused_by': {'type': 'illegal_argument_exception', 'reason': "The [dense_vector] field [embedding] in doc [document with id '389d8f2a-c307-4bc1-bfff-138940f55f5c'] has a different number of dimensions [768] than defined in the mapping [1024]"}}}}
2025-11-05 20:58:37,442 - WARNING - Failed item: {'index': {'_index': 'periodic-table-hybrid-search', '_id': '6e840db2-ee89-42f2-9b0f-97696058230d', 'status': 400, 'error': {'type': 'document_parsing_exception', 'reason': "[1:19115] failed to parse: The [dense_vector] field [embedding] in doc [document with id '6e840db2-ee89-42f2-9b0f-97696058230d'] has a different number of dimensions [768] than defined in the mapping [1024]", 'caused_by': {'type': 'illegal_argument_exception', 'reason': "The [dense_vector] field [embedding] in doc [document with id '6e840db2-ee89-42f2-9b0f-97696058230d'] has a different number of dimensions [768] than defined in the mapping [1024]"}}}}
2025-11-05 20:58:37,442 - WARNING - Failed item: {'index': {'_index': 'periodic-table-hybrid-search', '_id': 'c8eb69e6-89c7-460d-9bac-f778d4ff7e1f', 'status': 400, 'error': {'type': 'document_parsing_exception', 'reason': "[1:17052] failed to parse: The [dense_vector] field [embedding] in doc [document with id 'c8eb69e6-89c7-460d-9bac-f778d4ff7e1f'] has a different number of dimensions [768] than defined in the mapping [1024]", 'caused_by': {'type': 'illegal_argument_exception', 'reason': "The [dense_vector] field [embedding] in doc [document with id 'c8eb69e6-89c7-460d-9bac-f778d4ff7e1f'] has a different number of dimensions [768] than defined in the mapping [1024]"}}}}
