2025-11-04 13:05:29,053 - INFO - Setting up Elasticsearch client at: http://localhost:9200
2025-11-04 13:05:29,096 - INFO - Using device: cuda
2025-11-04 13:05:29,096 - INFO - Loading tokenizer: BAAI/bge-base-en-v1.5
2025-11-04 13:05:29,901 - INFO - Loading embedding model: BAAI/bge-base-en-v1.5
2025-11-04 13:05:30,442 - INFO - Loading reranker model: BAAI/bge-reranker-base
2025-11-04 13:07:33,665 - INFO - Setting up Elasticsearch client at: http://localhost:9200
2025-11-04 13:07:33,709 - INFO - Using device: cuda
2025-11-04 13:07:33,710 - INFO - Loading tokenizer: BAAI/bge-base-en-v1.5
2025-11-04 13:07:37,602 - INFO - Loading embedding model: BAAI/bge-base-en-v1.5
2025-11-04 13:07:41,441 - INFO - Loading reranker model: BAAI/bge-reranker-base
2025-11-04 13:09:10,472 - INFO - Setting up Elasticsearch client at: http://localhost:9200
2025-11-04 13:09:10,516 - INFO - Using device: cuda
2025-11-04 13:09:10,516 - INFO - Loading tokenizer: BAAI/bge-base-en-v1.5
2025-11-04 13:09:11,399 - INFO - Loading embedding model: BAAI/bge-base-en-v1.5
2025-11-04 13:09:11,988 - INFO - Loading reranker model: BAAI/bge-reranker-base
2025-11-04 13:10:53,639 - INFO - Setting up Elasticsearch client at: http://localhost:9200
2025-11-04 13:10:53,680 - INFO - Using device: cuda
2025-11-04 13:10:53,680 - INFO - Loading tokenizer: BAAI/bge-base-en-v1.5
2025-11-04 13:10:54,476 - INFO - Loading embedding model: BAAI/bge-base-en-v1.5
2025-11-04 13:10:55,480 - INFO - Loading reranker model: BAAI/bge-reranker-base
2025-11-04 13:11:01,489 - INFO - --- Query: 'What are the heviest and lightest elements in periodic table?' ---
2025-11-04 13:11:01,655 - INFO - Step 1: Retrieving top 20 hybrid results from Elasticsearch...
2025-11-04 13:11:01,867 - INFO - Step 2: Reranking 20 results...
2025-11-04 13:11:02,499 - INFO - Step 3: Applying 'small-to-big' retrieval logic...
2025-11-04 13:11:02,500 - INFO - Fetching parent chunk '2f9fae48-1974-44e1-be4b-381e5cd6e648' for child '1a63ba55-4390-4ef9-ae4f-29976426a0b0'
2025-11-04 13:11:02,524 - INFO - Fetching parent chunk 'd9397e29-c641-43cb-8939-44f386cd43b1' for child 'dfef914f-560d-4bcd-88a4-80f3c7a7daca'
2025-11-04 13:11:02,528 - INFO - Fetching parent chunk '482dd368-1e82-484b-a2e7-7814dc28d9f8' for child '2f9fae48-1974-44e1-be4b-381e5cd6e648'
2025-11-04 13:11:02,532 - INFO - Fetching parent chunk '9a0b71d2-592e-4018-9ec6-7dbfba9d2054' for child '2bdb3953-76af-4b08-b9eb-ab5dd8d1bfc4'
2025-11-04 13:11:02,536 - INFO - Fetching parent chunk 'e5221e95-326e-4617-a43b-3391133b3bbc' for child 'f7c6947e-d176-4646-a5d2-c8765e5020f2'
2025-11-04 13:11:02,541 - INFO - Retrieved 5 final context chunks.
2025-11-04 13:17:12,692 - INFO - Setting up Elasticsearch client at: http://localhost:9200
2025-11-04 13:17:12,735 - INFO - Using device: cuda
2025-11-04 13:17:12,735 - INFO - Loading tokenizer: BAAI/bge-base-en-v1.5
2025-11-04 13:17:13,677 - INFO - Loading embedding model: BAAI/bge-base-en-v1.5
2025-11-04 13:17:14,363 - INFO - Loading reranker model: BAAI/bge-reranker-base
2025-11-04 13:18:40,273 - INFO - Setting up Elasticsearch client at: http://localhost:9200
2025-11-04 13:18:40,321 - INFO - Using device: cuda
2025-11-04 13:18:40,322 - INFO - Loading tokenizer: BAAI/bge-base-en-v1.5
2025-11-04 13:18:41,597 - INFO - Loading embedding model: BAAI/bge-base-en-v1.5
2025-11-04 13:18:42,195 - INFO - Loading reranker model: BAAI/bge-reranker-base
2025-11-04 13:29:31,153 - INFO - Setting up Elasticsearch client at: http://localhost:9200
2025-11-04 13:29:31,194 - INFO - Using device: cuda
2025-11-04 13:29:31,194 - INFO - Loading tokenizer: BAAI/bge-base-en-v1.5
2025-11-04 13:29:33,364 - INFO - Loading embedding model: BAAI/bge-base-en-v1.5
2025-11-04 13:29:34,051 - INFO - Loading reranker model: BAAI/bge-reranker-base
2025-11-04 13:30:29,754 - INFO - Setting up Elasticsearch client at: http://localhost:9200
2025-11-04 13:30:29,791 - INFO - Using device: cuda
2025-11-04 13:30:29,791 - INFO - Loading tokenizer: BAAI/bge-base-en-v1.5
2025-11-04 13:30:31,008 - INFO - Loading embedding model: BAAI/bge-base-en-v1.5
2025-11-04 13:30:31,716 - INFO - Loading reranker model: BAAI/bge-reranker-base
2025-11-04 13:33:40,062 - INFO - Setting up Elasticsearch client at: http://localhost:9200
2025-11-04 13:33:40,111 - INFO - Using device: cuda
2025-11-04 13:33:40,111 - INFO - Loading tokenizer: BAAI/bge-base-en-v1.5
2025-11-04 13:33:41,993 - INFO - Loading embedding model: BAAI/bge-base-en-v1.5
2025-11-04 13:33:42,795 - INFO - Loading reranker model: BAAI/bge-reranker-base
2025-11-04 13:33:45,962 - INFO - --- Query: 'What are the heviest and lightest elements in periodic table?' ---
2025-11-04 13:33:46,152 - INFO - Step 1: Retrieving top 20 hybrid results from Elasticsearch...
2025-11-04 13:33:46,299 - INFO - Step 2: Reranking 20 results...
2025-11-04 13:33:46,920 - INFO - Step 3: Applying 'small-to-big' retrieval logic...
2025-11-04 13:33:46,920 - INFO - Fetching parent chunk '2f9fae48-1974-44e1-be4b-381e5cd6e648' for child '1a63ba55-4390-4ef9-ae4f-29976426a0b0'
2025-11-04 13:33:46,941 - INFO - Fetching parent chunk 'd9397e29-c641-43cb-8939-44f386cd43b1' for child 'dfef914f-560d-4bcd-88a4-80f3c7a7daca'
2025-11-04 13:33:46,945 - INFO - Fetching parent chunk '482dd368-1e82-484b-a2e7-7814dc28d9f8' for child '2f9fae48-1974-44e1-be4b-381e5cd6e648'
2025-11-04 13:33:46,950 - INFO - Fetching parent chunk '9a0b71d2-592e-4018-9ec6-7dbfba9d2054' for child '2bdb3953-76af-4b08-b9eb-ab5dd8d1bfc4'
2025-11-04 13:33:46,953 - INFO - Fetching parent chunk 'e5221e95-326e-4617-a43b-3391133b3bbc' for child 'f7c6947e-d176-4646-a5d2-c8765e5020f2'
2025-11-04 13:33:46,958 - INFO - Retrieved 5 final context chunks.
2025-11-04 13:33:47,955 - INFO - Reranker unloaded from GPU and memory cleared.
2025-11-04 13:36:24,326 - INFO - Setting up Elasticsearch client at: http://localhost:9200
2025-11-04 13:36:25,011 - INFO - Using device: cuda
2025-11-04 13:36:25,011 - INFO - Loading tokenizer: BAAI/bge-base-en-v1.5
2025-11-04 13:36:27,783 - INFO - Loading embedding model: BAAI/bge-base-en-v1.5
2025-11-04 13:36:28,432 - INFO - Loading reranker model: BAAI/bge-reranker-base
2025-11-04 13:36:32,671 - INFO - --- Query: 'Explain me the basics of periodic table' ---
2025-11-04 13:36:32,828 - INFO - Step 1: Retrieving top 20 hybrid results from Elasticsearch...
2025-11-04 13:36:32,873 - INFO - Step 2: Reranking 20 results...
2025-11-04 13:36:33,490 - INFO - Step 3: Applying 'small-to-big' retrieval logic...
2025-11-04 13:36:33,490 - INFO - Fetching parent chunk '1dcf5d6f-285a-48de-96ac-d882655f9b99' for child '2e886769-0d4b-4889-a20b-ca2ac0b1d77f'
2025-11-04 13:36:33,514 - INFO - Fetching parent chunk '47d89168-9968-4d5a-987e-d1b19e60a221' for child '7843daef-4e8e-4c4a-bcaa-03c4765d7405'
2025-11-04 13:36:33,519 - INFO - Fetching parent chunk '2e886769-0d4b-4889-a20b-ca2ac0b1d77f' for child '0f5fd2b6-b2ee-4206-995c-672be52f134c'
2025-11-04 13:36:33,524 - INFO - Fetching parent chunk 'd0b86469-bd96-41ae-9e1a-8042af18d0db' for child '82400f82-801c-44cb-914b-117c3465461a'
2025-11-04 13:36:33,530 - INFO - Retrieved 5 final context chunks.
2025-11-04 13:36:34,211 - INFO - Reranker unloaded from GPU and memory cleared.
2025-11-04 14:00:14,392 - INFO - Setting up Elasticsearch client at: http://localhost:9200
2025-11-04 14:00:14,428 - INFO - Using device: cuda
2025-11-04 14:00:14,428 - INFO - Loading tokenizer: BAAI/bge-base-en-v1.5
2025-11-04 14:00:15,350 - INFO - Loading embedding model: BAAI/bge-base-en-v1.5
2025-11-04 14:00:16,236 - INFO - Loading reranker model: BAAI/bge-reranker-base
2025-11-04 14:00:20,385 - INFO - --- Query: 'string' ---
2025-11-04 14:00:20,614 - INFO - Step 1: Retrieving top 20 hybrid results from Elasticsearch...
2025-11-04 14:00:20,782 - INFO - Step 2: Reranking 20 results...
2025-11-04 14:00:21,426 - INFO - Step 3: Applying 'small-to-big' retrieval logic...
2025-11-04 14:00:21,426 - INFO - Fetching parent chunk '4441ddfe-dd40-4054-94a3-681596bc7cb5' for child '67a9ca1e-6e0b-4751-924a-b529eeeb19c1'
2025-11-04 14:00:21,450 - INFO - Fetching parent chunk '1a623f13-9086-4b8e-ba5e-ddfc31673555' for child 'a174939f-593e-446c-b1c0-549fd326915f'
2025-11-04 14:00:21,454 - INFO - Fetching parent chunk '30cc0629-fe13-4416-8b07-f1271889faca' for child '3ed6cbd7-9de8-432f-8414-47cc2cfb0d2d'
2025-11-04 14:00:21,459 - INFO - Fetching parent chunk 'e9a707da-59f9-46cf-b397-ad797724b1d1' for child '9a34d6c4-e1d0-4d39-984f-1da11a2aa3da'
2025-11-04 14:00:21,467 - INFO - Retrieved 5 final context chunks.
2025-11-04 14:00:22,312 - INFO - Reranker unloaded from GPU and memory cleared.
2025-11-04 14:00:43,116 - INFO - Setting up Elasticsearch client at: http://localhost:9200
2025-11-04 14:00:43,142 - INFO - Using device: cuda
2025-11-04 14:00:43,142 - INFO - Loading tokenizer: BAAI/bge-base-en-v1.5
2025-11-04 14:00:44,197 - INFO - Loading embedding model: BAAI/bge-base-en-v1.5
2025-11-04 14:00:44,790 - INFO - Loading reranker model: BAAI/bge-reranker-base
2025-11-04 14:00:47,114 - INFO - --- Query: 'Explain properties of metals' ---
2025-11-04 14:00:47,139 - INFO - Step 1: Retrieving top 20 hybrid results from Elasticsearch...
2025-11-04 14:00:47,204 - INFO - Step 2: Reranking 20 results...
2025-11-04 14:00:47,825 - INFO - Step 3: Applying 'small-to-big' retrieval logic...
2025-11-04 14:00:47,825 - INFO - Fetching parent chunk '5110291e-86c7-4728-ac1b-52d75d3ec957' for child '13382a10-37e5-4ec3-8e6e-986f8b75ad51'
2025-11-04 14:00:47,838 - INFO - Fetching parent chunk '835b5235-6bd5-4273-b32a-16798b100a1f' for child '3c911799-8980-4f66-b1a9-4e2087c92539'
2025-11-04 14:00:47,841 - INFO - Fetching parent chunk '14e2b4c1-bf8a-4379-9718-207733630215' for child '35cf074f-931a-4d8d-b6f0-54012fa6daba'
2025-11-04 14:00:47,847 - INFO - Fetching parent chunk '3c911799-8980-4f66-b1a9-4e2087c92539' for child 'b4debb75-2afa-4803-8bc5-6cc6f6e623ac'
2025-11-04 14:00:47,851 - INFO - Retrieved 5 final context chunks.
2025-11-04 14:00:48,551 - INFO - Reranker unloaded from GPU and memory cleared.
2025-11-04 14:01:57,666 - INFO - Setting up Elasticsearch client at: http://localhost:9200
2025-11-04 14:01:57,705 - INFO - Using device: cuda
2025-11-04 14:01:57,705 - INFO - Loading tokenizer: BAAI/bge-base-en-v1.5
2025-11-04 14:01:58,506 - INFO - Loading embedding model: BAAI/bge-base-en-v1.5
2025-11-04 14:01:59,105 - INFO - Loading reranker model: BAAI/bge-reranker-base
2025-11-04 14:02:01,494 - INFO - --- Query: 'Explain the properties of metals' ---
2025-11-04 14:02:01,647 - INFO - Step 1: Retrieving top 20 hybrid results from Elasticsearch...
2025-11-04 14:02:01,788 - INFO - Step 2: Reranking 20 results...
2025-11-04 14:02:02,406 - INFO - Step 3: Applying 'small-to-big' retrieval logic...
2025-11-04 14:02:02,407 - INFO - Fetching parent chunk '5110291e-86c7-4728-ac1b-52d75d3ec957' for child '13382a10-37e5-4ec3-8e6e-986f8b75ad51'
2025-11-04 14:02:02,435 - INFO - Fetching parent chunk '14e2b4c1-bf8a-4379-9718-207733630215' for child '35cf074f-931a-4d8d-b6f0-54012fa6daba'
2025-11-04 14:02:02,440 - INFO - Fetching parent chunk '835b5235-6bd5-4273-b32a-16798b100a1f' for child '3c911799-8980-4f66-b1a9-4e2087c92539'
2025-11-04 14:02:02,445 - INFO - Fetching parent chunk '8558cd53-7865-4f9c-b898-3a8c034156a8' for child '34189151-252e-4111-98aa-26282fb9a63b'
2025-11-04 14:02:02,452 - INFO - Retrieved 5 final context chunks.
2025-11-04 14:02:03,251 - INFO - Reranker unloaded from GPU and memory cleared.
2025-11-04 14:03:00,043 - INFO - Setting up Elasticsearch client at: http://localhost:9200
2025-11-04 14:03:00,061 - INFO - Using device: cuda
2025-11-04 14:03:00,061 - INFO - Loading tokenizer: BAAI/bge-base-en-v1.5
2025-11-04 14:03:00,713 - INFO - Loading embedding model: BAAI/bge-base-en-v1.5
2025-11-04 14:03:01,471 - INFO - Loading reranker model: BAAI/bge-reranker-base
2025-11-04 14:03:04,762 - INFO - --- Query: 'Explain the properties of metals' ---
2025-11-04 14:03:04,781 - INFO - Step 1: Retrieving top 20 hybrid results from Elasticsearch...
2025-11-04 14:03:04,856 - INFO - Step 2: Reranking 20 results...
2025-11-04 14:03:05,487 - INFO - Step 3: Applying 'small-to-big' retrieval logic...
2025-11-04 14:03:05,487 - INFO - Fetching parent chunk '5110291e-86c7-4728-ac1b-52d75d3ec957' for child '13382a10-37e5-4ec3-8e6e-986f8b75ad51'
2025-11-04 14:03:05,506 - INFO - Fetching parent chunk '14e2b4c1-bf8a-4379-9718-207733630215' for child '35cf074f-931a-4d8d-b6f0-54012fa6daba'
2025-11-04 14:03:05,514 - INFO - Fetching parent chunk '835b5235-6bd5-4273-b32a-16798b100a1f' for child '3c911799-8980-4f66-b1a9-4e2087c92539'
2025-11-04 14:03:05,528 - INFO - Fetching parent chunk '8558cd53-7865-4f9c-b898-3a8c034156a8' for child '34189151-252e-4111-98aa-26282fb9a63b'
2025-11-04 14:03:05,535 - INFO - Retrieved 5 final context chunks.
2025-11-04 14:03:06,396 - INFO - Reranker unloaded from GPU and memory cleared.
2025-11-05 20:54:09,063 - INFO - Setting up Elasticsearch client at: http://localhost:9200
2025-11-05 20:54:09,067 - ERROR - Failed to connect to Elasticsearch: Could not connect to Elasticsearch.
2025-11-05 20:56:29,958 - INFO - Setting up Elasticsearch client at: http://localhost:9200
2025-11-05 20:56:30,039 - INFO - Using device: cuda
2025-11-05 20:56:30,039 - INFO - Loading tokenizer: BAAI/bge-base-en-v1.5
2025-11-05 20:56:31,675 - INFO - Loading embedding model: BAAI/bge-base-en-v1.5
2025-11-05 20:56:35,139 - INFO - Loading reranker model: BAAI/bge-reranker-base
2025-11-05 20:56:42,146 - INFO - --- Query: 'What is periodic table?' ---
2025-11-05 20:56:42,990 - INFO - Step 1: Retrieving top 20 hybrid results from Elasticsearch...
2025-11-05 20:56:43,051 - ERROR - Error querying Elasticsearch: BadRequestError(400, 'search_phase_execution_exception', 'failed to create query: the query vector has a different dimension [768] than the index vectors [1024]')
2025-11-05 21:04:25,074 - INFO - Setting up Elasticsearch client at: http://localhost:9200
2025-11-05 21:04:25,096 - INFO - Using device: cuda
2025-11-05 21:04:25,096 - INFO - Loading tokenizer: BAAI/bge-base-en-v1.5
2025-11-05 21:04:26,043 - INFO - Loading embedding model: BAAI/bge-base-en-v1.5
2025-11-05 21:04:26,597 - INFO - Loading reranker model: BAAI/bge-reranker-base
2025-11-05 21:04:29,259 - INFO - --- Query: 'What is periodic table?' ---
2025-11-05 21:04:29,407 - INFO - Step 1: Retrieving top 20 hybrid results from Elasticsearch...
2025-11-05 21:04:29,503 - INFO - Step 2: Reranking 20 results...
2025-11-05 21:04:30,140 - INFO - Step 3: Applying 'small-to-big' retrieval logic...
2025-11-05 21:04:30,140 - INFO - Fetching parent chunk 'e5221e95-326e-4617-a43b-3391133b3bbc' for child '84fb4e3a-31b2-4e01-8387-ecb86dd16fd8'
2025-11-05 21:04:30,146 - INFO - Fetching parent chunk '1dcf5d6f-285a-48de-96ac-d882655f9b99' for child '2e886769-0d4b-4889-a20b-ca2ac0b1d77f'
2025-11-05 21:04:30,150 - INFO - Fetching parent chunk '2e886769-0d4b-4889-a20b-ca2ac0b1d77f' for child '0f5fd2b6-b2ee-4206-995c-672be52f134c'
2025-11-05 21:04:30,154 - INFO - Fetching parent chunk '482dd368-1e82-484b-a2e7-7814dc28d9f8' for child 'e5221e95-326e-4617-a43b-3391133b3bbc'
2025-11-05 21:04:30,160 - INFO - Retrieved 5 final context chunks.
2025-11-05 21:04:31,307 - INFO - Reranker unloaded from GPU and memory cleared.
2025-11-05 21:46:37,277 - INFO - Setting up Elasticsearch client at: http://localhost:9200
2025-11-05 21:46:37,510 - INFO - Using device: cuda
2025-11-05 21:46:37,510 - INFO - Loading tokenizer: BAAI/bge-base-en-v1.5
2025-11-05 21:46:38,296 - INFO - Loading embedding model: BAAI/bge-base-en-v1.5
2025-11-05 21:46:39,146 - INFO - Loading reranker model: BAAI/bge-reranker-base
2025-11-05 21:48:35,247 - INFO - Setting up Elasticsearch client at: http://localhost:9200
2025-11-05 21:48:35,282 - INFO - Using device: cuda
2025-11-05 21:48:35,282 - INFO - Loading tokenizer: BAAI/bge-base-en-v1.5
2025-11-05 21:48:36,781 - INFO - Loading embedding model: BAAI/bge-base-en-v1.5
2025-11-05 21:48:37,588 - INFO - Loading reranker model: BAAI/bge-reranker-base
2025-11-05 21:49:28,813 - INFO - Setting up Elasticsearch client at: http://localhost:9200
2025-11-05 21:49:28,849 - INFO - Using device: cuda
2025-11-05 21:49:28,849 - INFO - Loading tokenizer: BAAI/bge-base-en-v1.5
2025-11-05 21:49:30,020 - INFO - Loading embedding model: BAAI/bge-base-en-v1.5
2025-11-05 21:49:30,865 - INFO - Loading reranker model: BAAI/bge-reranker-base
2025-11-05 21:49:43,646 - INFO - Setting up Elasticsearch client at: http://localhost:9200
2025-11-05 21:49:43,701 - INFO - Using device: cuda
2025-11-05 21:49:43,701 - INFO - Loading tokenizer: BAAI/bge-base-en-v1.5
2025-11-05 21:49:44,681 - INFO - Loading embedding model: BAAI/bge-base-en-v1.5
2025-11-05 21:49:45,293 - INFO - Loading reranker model: BAAI/bge-reranker-base
2025-11-05 21:50:48,665 - INFO - Setting up Elasticsearch client at: http://localhost:9200
2025-11-05 21:50:48,699 - INFO - Using device: cuda
2025-11-05 21:50:48,699 - INFO - Loading tokenizer: BAAI/bge-base-en-v1.5
2025-11-05 21:50:55,003 - INFO - Loading embedding model: BAAI/bge-base-en-v1.5
2025-11-05 21:50:55,692 - INFO - Loading reranker model: BAAI/bge-reranker-base
2025-11-05 21:51:44,549 - INFO - --- Query: 'Summarize the properties of beryllium and generate 3 quiz questions.' ---
2025-11-05 21:51:44,787 - INFO - Step 1: Retrieving top 20 hybrid results from Elasticsearch...
2025-11-05 21:51:45,369 - INFO - Step 2: Reranking 20 results...
2025-11-05 21:51:46,039 - INFO - Step 3: Applying 'small-to-big' retrieval logic...
2025-11-05 21:51:46,039 - INFO - Fetching parent chunk 'ee35de00-4dd9-457e-81c5-7885e76f3fc2' for child 'e19a91e7-b4bc-459c-9320-6b811a7eaac0'
2025-11-05 21:51:46,090 - INFO - Fetching parent chunk 'f2fe9a4b-1fcb-4bac-9c86-9536fe1b0460' for child '59876923-6c66-4601-872c-12c440c8304b'
2025-11-05 21:51:46,096 - INFO - Fetching parent chunk '59876923-6c66-4601-872c-12c440c8304b' for child '6b3a3d64-311b-4a05-b53a-527e50ec118d'
2025-11-05 21:51:46,102 - INFO - Fetching parent chunk 'cfe81993-02c3-4b1f-a8d7-16193785dcef' for child 'ac339db0-a499-4b27-8a32-15f756fff0fb'
2025-11-05 21:51:46,111 - INFO - Fetching parent chunk '003d8e15-2725-41b7-afc2-0902e0890a2b' for child '3275f9c5-983f-452f-a247-40f7725780f8'
2025-11-05 21:51:46,120 - INFO - Retrieved 5 final context chunks.
2025-11-05 21:51:46,894 - INFO - Reranker unloaded from GPU and memory cleared.
2025-11-05 21:52:45,411 - INFO - Setting up Elasticsearch client at: http://localhost:9200
2025-11-05 21:52:45,441 - INFO - Using device: cuda
2025-11-05 21:52:45,442 - INFO - Loading tokenizer: BAAI/bge-base-en-v1.5
2025-11-05 21:52:46,926 - INFO - Loading embedding model: BAAI/bge-base-en-v1.5
2025-11-05 21:52:47,511 - INFO - Loading reranker model: BAAI/bge-reranker-base
2025-11-05 21:52:54,079 - INFO - --- Query: 'Summarize the properties of beryllium and generate 3 quiz questions.' ---
2025-11-05 21:52:54,214 - INFO - Step 1: Retrieving top 20 hybrid results from Elasticsearch...
2025-11-05 21:52:54,381 - INFO - Step 2: Reranking 20 results...
2025-11-05 21:52:55,041 - INFO - Step 3: Applying 'small-to-big' retrieval logic...
2025-11-05 21:52:55,041 - INFO - Fetching parent chunk 'ee35de00-4dd9-457e-81c5-7885e76f3fc2' for child 'e19a91e7-b4bc-459c-9320-6b811a7eaac0'
2025-11-05 21:52:55,082 - INFO - Fetching parent chunk 'f2fe9a4b-1fcb-4bac-9c86-9536fe1b0460' for child '59876923-6c66-4601-872c-12c440c8304b'
2025-11-05 21:52:55,090 - INFO - Fetching parent chunk '59876923-6c66-4601-872c-12c440c8304b' for child '6b3a3d64-311b-4a05-b53a-527e50ec118d'
2025-11-05 21:52:55,113 - INFO - Fetching parent chunk 'cfe81993-02c3-4b1f-a8d7-16193785dcef' for child 'ac339db0-a499-4b27-8a32-15f756fff0fb'
2025-11-05 21:52:55,119 - INFO - Fetching parent chunk '003d8e15-2725-41b7-afc2-0902e0890a2b' for child '3275f9c5-983f-452f-a247-40f7725780f8'
2025-11-05 21:52:55,126 - INFO - Retrieved 5 final context chunks.
2025-11-05 21:52:55,912 - INFO - Reranker unloaded from GPU and memory cleared.
2025-11-05 21:59:58,352 - INFO - Setting up Elasticsearch client at: http://localhost:9200
2025-11-05 21:59:58,383 - INFO - Preferred device: cuda
2025-11-05 21:59:58,383 - INFO - Loading tokenizer: BAAI/bge-base-en-v1.5
2025-11-05 21:59:59,364 - INFO - Loading embedding model on CPU: BAAI/bge-base-en-v1.5
2025-11-05 21:59:59,733 - INFO - Loading reranker model on CPU: BAAI/bge-reranker-base
2025-11-05 22:00:26,021 - INFO - Setting up Elasticsearch client at: http://localhost:9200
2025-11-05 22:00:26,068 - INFO - Preferred device: cuda
2025-11-05 22:00:26,068 - INFO - Loading tokenizer: BAAI/bge-base-en-v1.5
2025-11-05 22:00:27,093 - INFO - Loading embedding model on CPU: BAAI/bge-base-en-v1.5
2025-11-05 22:00:27,622 - INFO - Loading reranker model on CPU: BAAI/bge-reranker-base
2025-11-05 22:00:32,411 - INFO - --- Query: 'Summarize the properties of beryllium and generate 3 quiz questions.' ---
2025-11-05 22:00:32,414 - INFO - Moving embedding model to compute device for embedding...
2025-11-05 22:00:32,748 - INFO - Offloading embedding model back to CPU...
2025-11-05 22:00:32,962 - INFO - Step 1: Retrieving top 20 hybrid results from Elasticsearch...
2025-11-05 22:00:33,200 - INFO - Step 2: Reranking 20 results...
2025-11-05 22:00:33,200 - INFO - Moving reranker to compute device for reranking...
2025-11-05 22:00:34,079 - INFO - Offloading reranker back to CPU...
2025-11-05 22:00:34,627 - INFO - Step 3: Applying 'small-to-big' retrieval logic...
2025-11-05 22:00:34,627 - INFO - Fetching parent chunk 'ee35de00-4dd9-457e-81c5-7885e76f3fc2' for child 'e19a91e7-b4bc-459c-9320-6b811a7eaac0'
2025-11-05 22:00:34,656 - INFO - Fetching parent chunk 'f2fe9a4b-1fcb-4bac-9c86-9536fe1b0460' for child '59876923-6c66-4601-872c-12c440c8304b'
2025-11-05 22:00:34,662 - INFO - Fetching parent chunk '59876923-6c66-4601-872c-12c440c8304b' for child '6b3a3d64-311b-4a05-b53a-527e50ec118d'
2025-11-05 22:00:34,672 - INFO - Fetching parent chunk 'cfe81993-02c3-4b1f-a8d7-16193785dcef' for child 'ac339db0-a499-4b27-8a32-15f756fff0fb'
2025-11-05 22:00:34,677 - INFO - Fetching parent chunk '003d8e15-2725-41b7-afc2-0902e0890a2b' for child '3275f9c5-983f-452f-a247-40f7725780f8'
2025-11-05 22:00:34,683 - INFO - Retrieved 5 final context chunks.
2025-11-05 22:22:37,505 - INFO - Setting up Elasticsearch client at: http://localhost:9200
2025-11-05 22:22:37,566 - INFO - Preferred device: cuda
2025-11-05 22:22:37,566 - INFO - Loading tokenizer: BAAI/bge-base-en-v1.5
2025-11-05 22:22:38,752 - INFO - Loading embedding model on CPU: BAAI/bge-base-en-v1.5
2025-11-05 22:22:39,138 - INFO - Loading reranker model on CPU: BAAI/bge-reranker-base
2025-11-05 22:23:45,260 - INFO - --- Query: 'Generate a 5-question quiz on the topic of photosynthesis, save it as a PDF named photosynthesis_quiz.pdf, and email it to kavuri.hruday@research.iiit.ac.in with a short note saying Here is your requested quiz on photosynthesis.' ---
2025-11-05 22:23:45,280 - INFO - Moving embedding model to compute device for embedding...
2025-11-05 22:23:45,654 - INFO - Offloading embedding model back to CPU...
2025-11-05 22:23:45,823 - INFO - Step 1: Retrieving top 20 hybrid results from Elasticsearch...
2025-11-05 22:23:46,206 - INFO - Step 2: Reranking 20 results...
2025-11-05 22:23:46,206 - INFO - Moving reranker to compute device for reranking...
2025-11-05 22:23:47,068 - INFO - Offloading reranker back to CPU...
2025-11-05 22:23:47,624 - INFO - Step 3: Applying 'small-to-big' retrieval logic...
2025-11-05 22:23:47,624 - INFO - Fetching parent chunk '01538ab4-d2dc-4d95-9832-df6b5583b07b' for child '74a2af42-e4f5-403a-95f5-8c0f2b626d11'
2025-11-05 22:23:47,679 - INFO - Fetching parent chunk 'a280fac9-44ba-4016-bb3b-bee06a773301' for child 'e52b1b2e-915e-4cbc-9eab-03179b8991af'
2025-11-05 22:23:47,684 - INFO - Fetching parent chunk 'f83a0448-c7c5-46bd-b2ff-1935742c4a81' for child '21ba4c4d-5686-42e9-9d55-d38bd7c334b7'
2025-11-05 22:23:47,691 - INFO - Fetching parent chunk '2eb907d1-43ee-452f-9d5b-7549a302c1c5' for child 'ed8c7158-4226-4a95-8872-d4a934c51cae'
2025-11-05 22:23:47,698 - INFO - Fetching parent chunk 'f2fe9a4b-1fcb-4bac-9c86-9536fe1b0460' for child '8cabe111-6430-484e-a5c7-3cc8bd8e7c3b'
2025-11-05 22:23:47,704 - INFO - Retrieved 5 final context chunks.
2025-11-05 22:28:20,238 - INFO - Setting up Elasticsearch client at: http://localhost:9200
2025-11-05 22:28:20,269 - INFO - Preferred device: cuda
2025-11-05 22:28:20,269 - INFO - Loading tokenizer: BAAI/bge-base-en-v1.5
2025-11-05 22:28:21,386 - INFO - Loading embedding model on CPU: BAAI/bge-base-en-v1.5
2025-11-05 22:28:22,053 - INFO - Loading reranker model on CPU: BAAI/bge-reranker-base
2025-11-05 22:28:31,125 - INFO - --- Query: 'Generate a 5-question quiz on the topic of photosynthesis, save it as a PDF named photosynthesis_quiz.pdf, and email it to kavuri.hruday@research.iiit.ac.in with a short note saying Here is your requested quiz on photosynthesis.' ---
2025-11-05 22:28:31,128 - INFO - Moving embedding model to compute device for embedding...
2025-11-05 22:28:31,482 - INFO - Offloading embedding model back to CPU...
2025-11-05 22:28:31,656 - INFO - Step 1: Retrieving top 20 hybrid results from Elasticsearch...
2025-11-05 22:28:31,958 - INFO - Step 2: Reranking 20 results...
2025-11-05 22:28:31,958 - INFO - Moving reranker to compute device for reranking...
2025-11-05 22:28:32,819 - INFO - Offloading reranker back to CPU...
2025-11-05 22:28:33,246 - INFO - Step 3: Applying 'small-to-big' retrieval logic...
2025-11-05 22:28:33,246 - INFO - Fetching parent chunk '01538ab4-d2dc-4d95-9832-df6b5583b07b' for child '74a2af42-e4f5-403a-95f5-8c0f2b626d11'
2025-11-05 22:28:33,284 - INFO - Fetching parent chunk 'a280fac9-44ba-4016-bb3b-bee06a773301' for child 'e52b1b2e-915e-4cbc-9eab-03179b8991af'
2025-11-05 22:28:33,291 - INFO - Fetching parent chunk 'f83a0448-c7c5-46bd-b2ff-1935742c4a81' for child '21ba4c4d-5686-42e9-9d55-d38bd7c334b7'
2025-11-05 22:28:33,302 - INFO - Fetching parent chunk '2eb907d1-43ee-452f-9d5b-7549a302c1c5' for child 'ed8c7158-4226-4a95-8872-d4a934c51cae'
2025-11-05 22:28:33,309 - INFO - Fetching parent chunk 'f2fe9a4b-1fcb-4bac-9c86-9536fe1b0460' for child '8cabe111-6430-484e-a5c7-3cc8bd8e7c3b'
2025-11-05 22:28:33,318 - INFO - Retrieved 5 final context chunks.
2025-11-05 22:30:39,624 - INFO - Setting up Elasticsearch client at: http://localhost:9200
2025-11-05 22:30:39,652 - INFO - Preferred device: cuda
2025-11-05 22:30:39,652 - INFO - Loading tokenizer: BAAI/bge-base-en-v1.5
2025-11-05 22:30:40,671 - INFO - Loading embedding model on CPU: BAAI/bge-base-en-v1.5
2025-11-05 22:30:41,195 - INFO - Loading reranker model on CPU: BAAI/bge-reranker-base
2025-11-05 22:30:46,986 - INFO - --- Query: 'Generate a 5-question quiz on the topic of photosynthesis, save it as a PDF named photosynthesis_quiz.pdf, and email it to kavuri.hruday@research.iiit.ac.in with a short note saying Here is your requested quiz on photosynthesis.' ---
2025-11-05 22:30:46,989 - INFO - Moving embedding model to compute device for embedding...
2025-11-05 22:30:47,550 - INFO - Offloading embedding model back to CPU...
2025-11-05 22:30:47,715 - INFO - Step 1: Retrieving top 20 hybrid results from Elasticsearch...
2025-11-05 22:30:48,028 - INFO - Step 2: Reranking 20 results...
2025-11-05 22:30:48,028 - INFO - Moving reranker to compute device for reranking...
2025-11-05 22:30:49,218 - INFO - Offloading reranker back to CPU...
2025-11-05 22:30:49,629 - INFO - Step 3: Applying 'small-to-big' retrieval logic...
2025-11-05 22:30:49,629 - INFO - Fetching parent chunk '01538ab4-d2dc-4d95-9832-df6b5583b07b' for child '74a2af42-e4f5-403a-95f5-8c0f2b626d11'
2025-11-05 22:30:49,637 - INFO - Fetching parent chunk 'a280fac9-44ba-4016-bb3b-bee06a773301' for child 'e52b1b2e-915e-4cbc-9eab-03179b8991af'
2025-11-05 22:30:49,645 - INFO - Fetching parent chunk 'f83a0448-c7c5-46bd-b2ff-1935742c4a81' for child '21ba4c4d-5686-42e9-9d55-d38bd7c334b7'
2025-11-05 22:30:49,652 - INFO - Fetching parent chunk '2eb907d1-43ee-452f-9d5b-7549a302c1c5' for child 'ed8c7158-4226-4a95-8872-d4a934c51cae'
2025-11-05 22:30:49,664 - INFO - Fetching parent chunk 'f2fe9a4b-1fcb-4bac-9c86-9536fe1b0460' for child '8cabe111-6430-484e-a5c7-3cc8bd8e7c3b'
2025-11-05 22:30:49,676 - INFO - Retrieved 5 final context chunks.
2025-11-05 22:34:01,268 - INFO - Setting up Elasticsearch client at: http://localhost:9200
2025-11-05 22:34:01,289 - INFO - Preferred device: cuda
2025-11-05 22:34:01,290 - INFO - Loading tokenizer: BAAI/bge-base-en-v1.5
2025-11-05 22:34:02,460 - INFO - Loading embedding model on CPU: BAAI/bge-base-en-v1.5
2025-11-05 22:34:02,880 - INFO - Loading reranker model on CPU: BAAI/bge-reranker-base
2025-11-05 22:35:38,916 - INFO - Setting up Elasticsearch client at: http://localhost:9200
2025-11-05 22:35:38,948 - INFO - Preferred device: cuda
2025-11-05 22:35:38,948 - INFO - Loading tokenizer: BAAI/bge-base-en-v1.5
2025-11-05 22:35:40,390 - INFO - Loading embedding model on CPU: BAAI/bge-base-en-v1.5
2025-11-05 22:35:40,921 - INFO - Loading reranker model on CPU: BAAI/bge-reranker-base
2025-11-05 22:36:46,969 - INFO - --- Query: 'Generate a 5-question quiz on the topic of photosynthesis, save it as a PDF named photosynthesis_quiz.pdf, and email it to kavuri.hruday@research.iiit.ac.in with a short note saying Here is your requested quiz on photosynthesis.' ---
2025-11-05 22:36:46,972 - INFO - Moving embedding model to compute device for embedding...
2025-11-05 22:36:47,283 - INFO - Offloading embedding model back to CPU...
2025-11-05 22:36:47,449 - INFO - Step 1: Retrieving top 20 hybrid results from Elasticsearch...
2025-11-05 22:36:47,654 - INFO - Step 2: Reranking 20 results...
2025-11-05 22:36:47,654 - INFO - Moving reranker to compute device for reranking...
2025-11-05 22:36:48,718 - INFO - Offloading reranker back to CPU...
2025-11-05 22:36:49,195 - INFO - Step 3: Applying 'small-to-big' retrieval logic...
2025-11-05 22:36:49,195 - INFO - Fetching parent chunk '01538ab4-d2dc-4d95-9832-df6b5583b07b' for child '74a2af42-e4f5-403a-95f5-8c0f2b626d11'
2025-11-05 22:36:49,202 - INFO - Fetching parent chunk 'a280fac9-44ba-4016-bb3b-bee06a773301' for child 'e52b1b2e-915e-4cbc-9eab-03179b8991af'
2025-11-05 22:36:49,208 - INFO - Fetching parent chunk 'f83a0448-c7c5-46bd-b2ff-1935742c4a81' for child '21ba4c4d-5686-42e9-9d55-d38bd7c334b7'
2025-11-05 22:36:49,215 - INFO - Fetching parent chunk '2eb907d1-43ee-452f-9d5b-7549a302c1c5' for child 'ed8c7158-4226-4a95-8872-d4a934c51cae'
2025-11-05 22:36:49,220 - INFO - Fetching parent chunk 'f2fe9a4b-1fcb-4bac-9c86-9536fe1b0460' for child '8cabe111-6430-484e-a5c7-3cc8bd8e7c3b'
2025-11-05 22:36:49,227 - INFO - Retrieved 5 final context chunks.
2025-11-05 22:37:43,177 - INFO - Setting up Elasticsearch client at: http://localhost:9200
2025-11-05 22:37:43,205 - INFO - Preferred device: cuda
2025-11-05 22:37:43,205 - INFO - Loading tokenizer: BAAI/bge-base-en-v1.5
2025-11-05 22:37:43,964 - INFO - Loading embedding model on CPU: BAAI/bge-base-en-v1.5
2025-11-05 22:37:44,333 - INFO - Loading reranker model on CPU: BAAI/bge-reranker-base
2025-11-05 22:38:03,390 - INFO - --- Query: 'Generate a 5-question quiz on the topic of photosynthesis, save it as a PDF named photosynthesis_quiz.pdf, and email it to kavuri.hruday@research.iiit.ac.in with a short note saying Here is your requested quiz on photosynthesis.' ---
2025-11-05 22:38:03,394 - INFO - Moving embedding model to compute device for embedding...
2025-11-05 22:38:03,697 - INFO - Offloading embedding model back to CPU...
2025-11-05 22:38:03,861 - INFO - Step 1: Retrieving top 20 hybrid results from Elasticsearch...
2025-11-05 22:38:04,063 - INFO - Step 2: Reranking 20 results...
2025-11-05 22:38:04,063 - INFO - Moving reranker to compute device for reranking...
2025-11-05 22:38:05,131 - INFO - Offloading reranker back to CPU...
2025-11-05 22:38:05,525 - INFO - Step 3: Applying 'small-to-big' retrieval logic...
2025-11-05 22:38:05,525 - INFO - Fetching parent chunk '01538ab4-d2dc-4d95-9832-df6b5583b07b' for child '74a2af42-e4f5-403a-95f5-8c0f2b626d11'
2025-11-05 22:38:05,532 - INFO - Fetching parent chunk 'a280fac9-44ba-4016-bb3b-bee06a773301' for child 'e52b1b2e-915e-4cbc-9eab-03179b8991af'
2025-11-05 22:38:05,539 - INFO - Fetching parent chunk 'f83a0448-c7c5-46bd-b2ff-1935742c4a81' for child '21ba4c4d-5686-42e9-9d55-d38bd7c334b7'
2025-11-05 22:38:05,546 - INFO - Fetching parent chunk '2eb907d1-43ee-452f-9d5b-7549a302c1c5' for child 'ed8c7158-4226-4a95-8872-d4a934c51cae'
2025-11-05 22:38:05,553 - INFO - Fetching parent chunk 'f2fe9a4b-1fcb-4bac-9c86-9536fe1b0460' for child '8cabe111-6430-484e-a5c7-3cc8bd8e7c3b'
2025-11-05 22:38:05,567 - INFO - Retrieved 5 final context chunks.
2025-11-05 22:41:49,115 - INFO - Setting up Elasticsearch client at: http://localhost:9200
2025-11-05 22:41:49,141 - INFO - Preferred device: cuda
2025-11-05 22:41:49,141 - INFO - Loading tokenizer: BAAI/bge-base-en-v1.5
2025-11-05 22:41:50,355 - INFO - Loading embedding model on CPU: BAAI/bge-base-en-v1.5
2025-11-05 22:41:50,841 - INFO - Loading reranker model on CPU: BAAI/bge-reranker-base
2025-11-05 22:41:55,454 - INFO - --- Query: 'Generate a 5-question quiz on the topic of photosynthesis, save it as a PDF named photosynthesis_quiz.pdf, and email it to kavuri.hruday@research.iiit.ac.in with a short note saying Here is your requested quiz on photosynthesis.' ---
2025-11-05 22:41:55,457 - INFO - Moving embedding model to compute device for embedding...
2025-11-05 22:41:55,761 - INFO - Offloading embedding model back to CPU...
2025-11-05 22:41:55,925 - INFO - Step 1: Retrieving top 20 hybrid results from Elasticsearch...
2025-11-05 22:41:56,141 - INFO - Step 2: Reranking 20 results...
2025-11-05 22:41:56,141 - INFO - Moving reranker to compute device for reranking...
2025-11-05 22:41:56,972 - INFO - Offloading reranker back to CPU...
2025-11-05 22:41:57,394 - INFO - Step 3: Applying 'small-to-big' retrieval logic...
2025-11-05 22:41:57,395 - INFO - Fetching parent chunk '01538ab4-d2dc-4d95-9832-df6b5583b07b' for child '74a2af42-e4f5-403a-95f5-8c0f2b626d11'
2025-11-05 22:41:57,404 - INFO - Fetching parent chunk 'a280fac9-44ba-4016-bb3b-bee06a773301' for child 'e52b1b2e-915e-4cbc-9eab-03179b8991af'
2025-11-05 22:41:57,416 - INFO - Fetching parent chunk 'f83a0448-c7c5-46bd-b2ff-1935742c4a81' for child '21ba4c4d-5686-42e9-9d55-d38bd7c334b7'
2025-11-05 22:41:57,427 - INFO - Fetching parent chunk '2eb907d1-43ee-452f-9d5b-7549a302c1c5' for child 'ed8c7158-4226-4a95-8872-d4a934c51cae'
2025-11-05 22:41:57,436 - INFO - Fetching parent chunk 'f2fe9a4b-1fcb-4bac-9c86-9536fe1b0460' for child '8cabe111-6430-484e-a5c7-3cc8bd8e7c3b'
2025-11-05 22:41:57,442 - INFO - Retrieved 5 final context chunks.
2025-11-05 23:07:17,462 - INFO - Setting up Elasticsearch client at: http://localhost:9200
2025-11-05 23:07:17,489 - INFO - Preferred device: cuda
2025-11-05 23:07:17,489 - INFO - Loading tokenizer: BAAI/bge-base-en-v1.5
2025-11-05 23:07:22,613 - INFO - Loading embedding model on CPU: BAAI/bge-base-en-v1.5
2025-11-05 23:07:23,114 - INFO - Loading reranker model on CPU: BAAI/bge-reranker-base
2025-11-05 23:09:24,906 - INFO - Setting up Elasticsearch client at: http://localhost:9200
2025-11-05 23:09:24,938 - INFO - Preferred device: cuda
2025-11-05 23:09:24,938 - INFO - Loading tokenizer: BAAI/bge-base-en-v1.5
2025-11-05 23:09:26,503 - INFO - Loading embedding model on CPU: BAAI/bge-base-en-v1.5
2025-11-05 23:09:27,151 - INFO - Loading reranker model on CPU: BAAI/bge-reranker-base
2025-11-05 23:10:38,549 - INFO - Setting up Elasticsearch client at: http://localhost:9200
2025-11-05 23:10:38,577 - INFO - Preferred device: cuda
2025-11-05 23:10:38,577 - INFO - Loading tokenizer: BAAI/bge-base-en-v1.5
2025-11-05 23:10:50,806 - INFO - Loading embedding model on CPU: BAAI/bge-base-en-v1.5
2025-11-05 23:10:51,892 - INFO - Loading reranker model on CPU: BAAI/bge-reranker-base
2025-11-05 23:11:12,920 - INFO - --- Query: 'Generate a 5-question quiz on the topic of photosynthesis, save it as a PDF named photosynthesis_quiz.pdf, and email it to kavuri.hruday@research.iiit.ac.in with a short note saying Here is your requested quiz on photosynthesis.' ---
2025-11-05 23:11:12,924 - INFO - Moving embedding model to compute device for embedding...
2025-11-05 23:11:13,392 - INFO - Offloading embedding model back to CPU...
2025-11-05 23:11:13,591 - INFO - Step 1: Retrieving top 20 hybrid results from Elasticsearch...
2025-11-05 23:11:13,820 - INFO - Step 2: Reranking 20 results...
2025-11-05 23:11:13,820 - INFO - Moving reranker to compute device for reranking...
2025-11-05 23:11:14,792 - INFO - Offloading reranker back to CPU...
2025-11-05 23:11:15,257 - INFO - Step 3: Applying 'small-to-big' retrieval logic...
2025-11-05 23:11:15,257 - INFO - Fetching parent chunk '01538ab4-d2dc-4d95-9832-df6b5583b07b' for child '74a2af42-e4f5-403a-95f5-8c0f2b626d11'
2025-11-05 23:11:15,268 - INFO - Fetching parent chunk 'a280fac9-44ba-4016-bb3b-bee06a773301' for child 'e52b1b2e-915e-4cbc-9eab-03179b8991af'
2025-11-05 23:11:15,277 - INFO - Fetching parent chunk 'f83a0448-c7c5-46bd-b2ff-1935742c4a81' for child '21ba4c4d-5686-42e9-9d55-d38bd7c334b7'
2025-11-05 23:11:15,284 - INFO - Fetching parent chunk '2eb907d1-43ee-452f-9d5b-7549a302c1c5' for child 'ed8c7158-4226-4a95-8872-d4a934c51cae'
2025-11-05 23:11:15,291 - INFO - Fetching parent chunk 'f2fe9a4b-1fcb-4bac-9c86-9536fe1b0460' for child '8cabe111-6430-484e-a5c7-3cc8bd8e7c3b'
2025-11-05 23:11:15,298 - INFO - Retrieved 5 final context chunks.
2025-11-05 23:12:17,681 - INFO - Setting up Elasticsearch client at: http://localhost:9200
2025-11-05 23:12:17,708 - INFO - Preferred device: cuda
2025-11-05 23:12:17,709 - INFO - Loading tokenizer: BAAI/bge-base-en-v1.5
2025-11-05 23:12:21,615 - INFO - Loading embedding model on CPU: BAAI/bge-base-en-v1.5
2025-11-05 23:12:23,368 - INFO - Loading reranker model on CPU: BAAI/bge-reranker-base
2025-11-05 23:12:36,976 - INFO - --- Query: 'Generate a 5-question quiz on the topic of photosynthesis, save it as a PDF named photosynthesis_quiz.pdf, and email it to kavuri.hruday@research.iiit.ac.in with a short note saying Here is your requested quiz on photosynthesis.' ---
2025-11-05 23:12:36,980 - INFO - Moving embedding model to compute device for embedding...
2025-11-05 23:12:37,518 - INFO - Offloading embedding model back to CPU...
2025-11-05 23:12:37,681 - INFO - Step 1: Retrieving top 20 hybrid results from Elasticsearch...
2025-11-05 23:12:37,945 - INFO - Step 2: Reranking 20 results...
2025-11-05 23:12:37,946 - INFO - Moving reranker to compute device for reranking...
2025-11-05 23:12:39,354 - INFO - Offloading reranker back to CPU...
2025-11-05 23:12:39,819 - INFO - Step 3: Applying 'small-to-big' retrieval logic...
2025-11-05 23:12:39,819 - INFO - Fetching parent chunk '01538ab4-d2dc-4d95-9832-df6b5583b07b' for child '74a2af42-e4f5-403a-95f5-8c0f2b626d11'
2025-11-05 23:12:39,827 - INFO - Fetching parent chunk 'a280fac9-44ba-4016-bb3b-bee06a773301' for child 'e52b1b2e-915e-4cbc-9eab-03179b8991af'
2025-11-05 23:12:39,833 - INFO - Fetching parent chunk 'f83a0448-c7c5-46bd-b2ff-1935742c4a81' for child '21ba4c4d-5686-42e9-9d55-d38bd7c334b7'
2025-11-05 23:12:39,841 - INFO - Fetching parent chunk '2eb907d1-43ee-452f-9d5b-7549a302c1c5' for child 'ed8c7158-4226-4a95-8872-d4a934c51cae'
2025-11-05 23:12:39,849 - INFO - Fetching parent chunk 'f2fe9a4b-1fcb-4bac-9c86-9536fe1b0460' for child '8cabe111-6430-484e-a5c7-3cc8bd8e7c3b'
2025-11-05 23:12:39,857 - INFO - Retrieved 5 final context chunks.
2025-11-05 23:32:05,947 - INFO - Setting up Elasticsearch client at: http://localhost:9200
2025-11-05 23:32:05,972 - INFO - Preferred device: cuda
2025-11-05 23:32:05,973 - INFO - Loading tokenizer: BAAI/bge-base-en-v1.5
2025-11-05 23:32:06,913 - INFO - Loading embedding model on CPU: BAAI/bge-base-en-v1.5
2025-11-05 23:32:07,452 - INFO - Loading reranker model on CPU: BAAI/bge-reranker-base
2025-11-05 23:32:10,382 - INFO - --- Query: 'Generate a 5-question quiz on the topic of photosynthesis, save it as a PDF named photosynthesis_quiz.pdf, and email it to kavuri.hruday@research.iiit.ac.in with a short note saying Here is your requested quiz on photosynthesis.' ---
2025-11-05 23:32:10,394 - INFO - Moving embedding model to compute device for embedding...
2025-11-05 23:32:10,896 - INFO - Offloading embedding model back to CPU...
2025-11-05 23:32:11,133 - INFO - Step 1: Retrieving top 20 hybrid results from Elasticsearch...
2025-11-05 23:32:11,257 - INFO - Step 2: Reranking 20 results...
2025-11-05 23:32:11,257 - INFO - Moving reranker to compute device for reranking...
2025-11-05 23:32:12,567 - INFO - Offloading reranker back to CPU...
2025-11-05 23:32:12,993 - INFO - Step 3: Applying 'small-to-big' retrieval logic...
2025-11-05 23:32:12,993 - INFO - Fetching parent chunk '01538ab4-d2dc-4d95-9832-df6b5583b07b' for child '74a2af42-e4f5-403a-95f5-8c0f2b626d11'
2025-11-05 23:32:13,002 - INFO - Fetching parent chunk 'a280fac9-44ba-4016-bb3b-bee06a773301' for child 'e52b1b2e-915e-4cbc-9eab-03179b8991af'
2025-11-05 23:32:13,012 - INFO - Fetching parent chunk 'f83a0448-c7c5-46bd-b2ff-1935742c4a81' for child '21ba4c4d-5686-42e9-9d55-d38bd7c334b7'
2025-11-05 23:32:13,035 - INFO - Fetching parent chunk '2eb907d1-43ee-452f-9d5b-7549a302c1c5' for child 'ed8c7158-4226-4a95-8872-d4a934c51cae'
2025-11-05 23:32:13,042 - INFO - Fetching parent chunk 'f2fe9a4b-1fcb-4bac-9c86-9536fe1b0460' for child '8cabe111-6430-484e-a5c7-3cc8bd8e7c3b'
2025-11-05 23:32:13,051 - INFO - Retrieved 5 final context chunks.
2025-11-07 01:47:14,006 - INFO - Setting up Elasticsearch client at: http://localhost:9200
2025-11-07 01:47:14,373 - ERROR - Failed to connect to Elasticsearch: Could not connect to Elasticsearch.
2025-11-07 01:49:19,988 - INFO - Setting up Elasticsearch client at: http://localhost:9200
2025-11-07 01:49:19,993 - ERROR - Failed to connect to Elasticsearch: Could not connect to Elasticsearch.
2025-11-07 01:50:58,616 - INFO - Setting up Elasticsearch client at: http://localhost:9200
2025-11-07 01:50:59,325 - INFO - Preferred device: cuda
2025-11-07 01:50:59,326 - INFO - Loading tokenizer: BAAI/bge-base-en-v1.5
2025-11-07 01:50:59,999 - INFO - Loading embedding model on CPU: BAAI/bge-base-en-v1.5
2025-11-07 01:51:00,363 - INFO - Loading reranker model on CPU: BAAI/bge-reranker-base
2025-11-07 01:53:13,541 - INFO - Setting up Elasticsearch client at: http://localhost:9200
2025-11-07 01:53:14,238 - INFO - Preferred device: cuda
2025-11-07 01:53:14,238 - INFO - Loading tokenizer: BAAI/bge-base-en-v1.5
2025-11-07 01:53:14,882 - INFO - Loading embedding model on CPU: BAAI/bge-base-en-v1.5
2025-11-07 01:53:15,253 - INFO - Loading reranker model on CPU: BAAI/bge-reranker-base
2025-11-07 01:53:17,545 - INFO - --- Query: 'Generate a quiz on periodic table' ---
2025-11-07 01:53:17,563 - INFO - Moving embedding model to compute device for embedding...
2025-11-07 01:53:20,204 - INFO - Offloading embedding model back to CPU...
2025-11-07 01:53:21,643 - INFO - Step 1: Retrieving top 20 hybrid results from Elasticsearch...
2025-11-07 01:53:22,341 - INFO - Step 2: Reranking 20 results...
2025-11-07 01:53:22,341 - INFO - Moving reranker to compute device for reranking...
2025-11-07 01:53:23,952 - INFO - Offloading reranker back to CPU...
2025-11-07 01:53:27,689 - INFO - Step 3: Applying 'small-to-big' retrieval logic...
2025-11-07 01:53:27,693 - INFO - Fetching parent chunk '2e886769-0d4b-4889-a20b-ca2ac0b1d77f' for child '77d22d5a-f662-4f12-bd85-8db3edc01930'
2025-11-07 01:53:28,167 - INFO - Fetching parent chunk '01538ab4-d2dc-4d95-9832-df6b5583b07b' for child '74a2af42-e4f5-403a-95f5-8c0f2b626d11'
2025-11-07 01:53:28,174 - INFO - Fetching parent chunk '93e32338-567f-4111-b466-156c41f13eba' for child 'e48db51b-5bbb-4acd-be85-d0a22e1e91ae'
2025-11-07 01:53:28,181 - INFO - Fetching parent chunk '2f9fae48-1974-44e1-be4b-381e5cd6e648' for child '71ec064a-98ed-4bc0-9ce9-40334a721569'
2025-11-07 01:53:28,187 - INFO - Fetching parent chunk '74a2af42-e4f5-403a-95f5-8c0f2b626d11' for child 'fdef4490-2ea3-445f-955b-480c15a342ce'
2025-11-07 01:53:28,196 - INFO - Retrieved 5 final context chunks.
2025-11-07 01:53:56,670 - INFO - Setting up Elasticsearch client at: http://localhost:9200
2025-11-07 01:53:57,409 - INFO - Preferred device: cuda
2025-11-07 01:53:57,409 - INFO - Loading tokenizer: BAAI/bge-base-en-v1.5
2025-11-07 01:53:58,064 - INFO - Loading embedding model on CPU: BAAI/bge-base-en-v1.5
2025-11-07 01:53:58,404 - INFO - Loading reranker model on CPU: BAAI/bge-reranker-base
2025-11-07 01:54:00,516 - INFO - --- Query: 'Generate a quiz on periodic table' ---
2025-11-07 01:54:00,532 - INFO - Moving embedding model to compute device for embedding...
2025-11-07 01:54:01,049 - INFO - Offloading embedding model back to CPU...
2025-11-07 01:54:01,210 - INFO - Step 1: Retrieving top 20 hybrid results from Elasticsearch...
2025-11-07 01:54:01,347 - INFO - Step 2: Reranking 20 results...
2025-11-07 01:54:01,348 - INFO - Moving reranker to compute device for reranking...
2025-11-07 01:54:02,564 - INFO - Offloading reranker back to CPU...
2025-11-07 01:54:05,369 - INFO - Step 3: Applying 'small-to-big' retrieval logic...
2025-11-07 01:54:05,369 - INFO - Fetching parent chunk '2e886769-0d4b-4889-a20b-ca2ac0b1d77f' for child '77d22d5a-f662-4f12-bd85-8db3edc01930'
2025-11-07 01:54:05,383 - INFO - Fetching parent chunk '01538ab4-d2dc-4d95-9832-df6b5583b07b' for child '74a2af42-e4f5-403a-95f5-8c0f2b626d11'
2025-11-07 01:54:05,392 - INFO - Fetching parent chunk '93e32338-567f-4111-b466-156c41f13eba' for child 'e48db51b-5bbb-4acd-be85-d0a22e1e91ae'
2025-11-07 01:54:05,402 - INFO - Fetching parent chunk '2f9fae48-1974-44e1-be4b-381e5cd6e648' for child '71ec064a-98ed-4bc0-9ce9-40334a721569'
2025-11-07 01:54:05,409 - INFO - Fetching parent chunk '74a2af42-e4f5-403a-95f5-8c0f2b626d11' for child 'fdef4490-2ea3-445f-955b-480c15a342ce'
2025-11-07 01:54:05,420 - INFO - Retrieved 5 final context chunks.
2025-11-07 01:54:46,172 - INFO - Setting up Elasticsearch client at: http://localhost:9200
2025-11-07 01:54:46,889 - INFO - Preferred device: cuda
2025-11-07 01:54:46,889 - INFO - Loading tokenizer: BAAI/bge-base-en-v1.5
2025-11-07 01:54:47,544 - INFO - Loading embedding model on CPU: BAAI/bge-base-en-v1.5
2025-11-07 01:54:47,899 - INFO - Loading reranker model on CPU: BAAI/bge-reranker-base
2025-11-07 01:54:50,060 - INFO - --- Query: 'introductory periodic table topics for 8th grade' ---
2025-11-07 01:54:50,067 - INFO - Moving embedding model to compute device for embedding...
2025-11-07 01:54:50,407 - INFO - Offloading embedding model back to CPU...
2025-11-07 01:54:50,569 - INFO - Step 1: Retrieving top 20 hybrid results from Elasticsearch...
2025-11-07 01:54:50,671 - INFO - Step 2: Reranking 20 results...
2025-11-07 01:54:50,671 - INFO - Moving reranker to compute device for reranking...
2025-11-07 01:54:51,475 - INFO - Offloading reranker back to CPU...
2025-11-07 01:54:51,868 - INFO - Step 3: Applying 'small-to-big' retrieval logic...
2025-11-07 01:54:51,869 - INFO - Fetching parent chunk 'e90a6f97-5bfe-4551-95ca-b92fd6630800' for child 'cd99b48b-5cc9-4496-8f69-0fdcbfb6fb1b'
2025-11-07 01:54:51,887 - INFO - Fetching parent chunk '2e886769-0d4b-4889-a20b-ca2ac0b1d77f' for child '0f5fd2b6-b2ee-4206-995c-672be52f134c'
2025-11-07 01:54:51,893 - INFO - Fetching parent chunk '47d89168-9968-4d5a-987e-d1b19e60a221' for child '7843daef-4e8e-4c4a-bcaa-03c4765d7405'
2025-11-07 01:54:51,908 - INFO - Fetching parent chunk '7280e3be-e4f8-4b6a-9521-9fc7a6a05b57' for child '298ec6c2-fe66-459e-8d0b-0baf4ddaac4f'
2025-11-07 01:54:51,920 - INFO - Retrieved 5 final context chunks.
2025-11-07 01:59:45,420 - INFO - Setting up Elasticsearch client at: http://localhost:9200
2025-11-07 01:59:46,247 - INFO - Preferred device: cuda
2025-11-07 01:59:46,247 - INFO - Loading tokenizer: BAAI/bge-base-en-v1.5
2025-11-07 01:59:46,926 - INFO - Loading embedding model on CPU: BAAI/bge-base-en-v1.5
2025-11-07 01:59:47,304 - INFO - Loading reranker model on CPU: BAAI/bge-reranker-base
2025-11-07 01:59:49,608 - INFO - --- Query: 'periodic table basics for 8th grade' ---
2025-11-07 01:59:49,616 - INFO - Moving embedding model to compute device for embedding...
2025-11-07 01:59:50,178 - INFO - Offloading embedding model back to CPU...
2025-11-07 01:59:50,341 - INFO - Step 1: Retrieving top 20 hybrid results from Elasticsearch...
2025-11-07 01:59:50,404 - INFO - Step 2: Reranking 20 results...
2025-11-07 01:59:50,404 - INFO - Moving reranker to compute device for reranking...
2025-11-07 01:59:51,479 - INFO - Offloading reranker back to CPU...
2025-11-07 01:59:51,918 - INFO - Step 3: Applying 'small-to-big' retrieval logic...
2025-11-07 01:59:51,918 - INFO - Fetching parent chunk 'd0b86469-bd96-41ae-9e1a-8042af18d0db' for child '82400f82-801c-44cb-914b-117c3465461a'
2025-11-07 01:59:51,933 - INFO - Fetching parent chunk '47d89168-9968-4d5a-987e-d1b19e60a221' for child '7843daef-4e8e-4c4a-bcaa-03c4765d7405'
2025-11-07 01:59:51,940 - INFO - Fetching parent chunk '23d2135e-2a3b-4f71-8750-1557d26e8811' for child '909b021b-a846-4862-aa87-57b9687d3c39'
2025-11-07 01:59:51,956 - INFO - Fetching parent chunk 'd9397e29-c641-43cb-8939-44f386cd43b1' for child '2c38d9ee-ed60-4f72-8a3d-e3f183358510'
2025-11-07 01:59:51,962 - INFO - Retrieved 4 final context chunks.
2025-11-07 02:03:55,536 - INFO - Setting up Elasticsearch client at: http://localhost:9200
2025-11-07 02:03:56,230 - INFO - Preferred device: cuda
2025-11-07 02:03:56,230 - INFO - Loading tokenizer: BAAI/bge-base-en-v1.5
2025-11-07 02:03:56,880 - INFO - Loading embedding model on CPU: BAAI/bge-base-en-v1.5
2025-11-07 02:03:57,222 - INFO - Loading reranker model on CPU: BAAI/bge-reranker-base
2025-11-07 02:03:59,365 - INFO - --- Query: '**Key Learning Topic:** Introductory concepts of the periodic table for 8th grade.

**Query:** How do the properties of elements change across a period and down a group?' ---
2025-11-07 02:03:59,371 - INFO - Moving embedding model to compute device for embedding...
2025-11-07 02:03:59,685 - INFO - Offloading embedding model back to CPU...
2025-11-07 02:03:59,852 - INFO - Step 1: Retrieving top 20 hybrid results from Elasticsearch...
2025-11-07 02:03:59,972 - INFO - Step 2: Reranking 20 results...
2025-11-07 02:03:59,972 - INFO - Moving reranker to compute device for reranking...
2025-11-07 02:04:01,154 - INFO - Offloading reranker back to CPU...
2025-11-07 02:04:01,577 - INFO - Step 3: Applying 'small-to-big' retrieval logic...
2025-11-07 02:04:01,577 - INFO - Fetching parent chunk '50da7922-f217-48d6-8506-ae33f9dc8903' for child '66ed9cf0-e8c5-48bf-a816-099dbc6123fa'
2025-11-07 02:04:01,592 - INFO - Fetching parent chunk '0eb5b7df-f156-411b-a3d1-fe98768b7295' for child '36b3eee5-70d5-467d-8509-224a74343cc6'
2025-11-07 02:04:01,597 - INFO - Fetching parent chunk '51865ec1-eebc-451d-bbe0-5d79c0d7b1fb' for child 'a280fac9-44ba-4016-bb3b-bee06a773301'
2025-11-07 02:04:01,603 - INFO - Fetching parent chunk 'a280fac9-44ba-4016-bb3b-bee06a773301' for child 'aec42856-12ba-4cef-8835-667ce1330f35'
2025-11-07 02:04:01,610 - INFO - Fetching parent chunk '9ad27519-f6bb-47c5-8ab9-5ec8017e13d1' for child 'd0b86469-bd96-41ae-9e1a-8042af18d0db'
2025-11-07 02:04:01,619 - INFO - Retrieved 5 final context chunks.
2025-11-07 02:06:59,669 - INFO - Setting up Elasticsearch client at: http://localhost:9200
2025-11-07 02:07:00,413 - INFO - Preferred device: cuda
2025-11-07 02:07:00,413 - INFO - Loading tokenizer: BAAI/bge-base-en-v1.5
2025-11-07 02:07:01,088 - INFO - Loading embedding model on CPU: BAAI/bge-base-en-v1.5
2025-11-07 02:07:01,711 - INFO - Loading reranker model on CPU: BAAI/bge-reranker-base
2025-11-07 02:07:03,861 - INFO - --- Query: '**Key Learning Topic:** Introductory concepts of the periodic table for an 8th-grade level.

**Query:** What does an element's position in a group and period reveal about its properties?' ---
2025-11-07 02:07:03,876 - INFO - Moving embedding model to compute device for embedding...
2025-11-07 02:07:04,388 - INFO - Offloading embedding model back to CPU...
2025-11-07 02:07:04,583 - INFO - Step 1: Retrieving top 20 hybrid results from Elasticsearch...
2025-11-07 02:07:04,760 - INFO - Step 2: Reranking 20 results...
2025-11-07 02:07:04,760 - INFO - Moving reranker to compute device for reranking...
2025-11-07 02:07:06,193 - INFO - Offloading reranker back to CPU...
2025-11-07 02:07:06,699 - INFO - Step 3: Applying 'small-to-big' retrieval logic...
2025-11-07 02:07:06,700 - INFO - Fetching parent chunk '2e886769-0d4b-4889-a20b-ca2ac0b1d77f' for child '77d22d5a-f662-4f12-bd85-8db3edc01930'
2025-11-07 02:07:06,722 - INFO - Fetching parent chunk '1dcf5d6f-285a-48de-96ac-d882655f9b99' for child '2e886769-0d4b-4889-a20b-ca2ac0b1d77f'
2025-11-07 02:07:06,734 - INFO - Fetching parent chunk 'd0b86469-bd96-41ae-9e1a-8042af18d0db' for child '82400f82-801c-44cb-914b-117c3465461a'
2025-11-07 02:07:06,745 - INFO - Retrieved 4 final context chunks.
2025-11-07 02:14:04,994 - INFO - Setting up Elasticsearch client at: http://localhost:9200
2025-11-07 02:14:05,695 - INFO - Preferred device: cuda
2025-11-07 02:14:05,695 - INFO - Loading tokenizer: BAAI/bge-base-en-v1.5
2025-11-07 02:14:06,345 - INFO - Loading embedding model on CPU: BAAI/bge-base-en-v1.5
2025-11-07 02:14:06,707 - INFO - Loading reranker model on CPU: BAAI/bge-reranker-base
2025-11-07 02:14:08,747 - INFO - --- Query: 'periodic table' ---
2025-11-07 02:14:08,760 - INFO - Moving embedding model to compute device for embedding...
2025-11-07 02:14:09,302 - INFO - Offloading embedding model back to CPU...
2025-11-07 02:14:09,463 - INFO - Step 1: Retrieving top 20 hybrid results from Elasticsearch...
2025-11-07 02:14:09,542 - INFO - Step 2: Reranking 20 results...
2025-11-07 02:14:09,542 - INFO - Moving reranker to compute device for reranking...
2025-11-07 02:14:10,960 - INFO - Offloading reranker back to CPU...
2025-11-07 02:14:11,398 - INFO - Step 3: Applying 'small-to-big' retrieval logic...
2025-11-07 02:14:11,399 - INFO - Fetching parent chunk 'e5221e95-326e-4617-a43b-3391133b3bbc' for child '84fb4e3a-31b2-4e01-8387-ecb86dd16fd8'
2025-11-07 02:14:11,416 - INFO - Fetching parent chunk '2e886769-0d4b-4889-a20b-ca2ac0b1d77f' for child '0f5fd2b6-b2ee-4206-995c-672be52f134c'
2025-11-07 02:14:11,423 - INFO - Fetching parent chunk '1dcf5d6f-285a-48de-96ac-d882655f9b99' for child '2e886769-0d4b-4889-a20b-ca2ac0b1d77f'
2025-11-07 02:14:11,431 - INFO - Fetching parent chunk 'd9397e29-c641-43cb-8939-44f386cd43b1' for child 'dfef914f-560d-4bcd-88a4-80f3c7a7daca'
2025-11-07 02:14:11,439 - INFO - Retrieved 5 final context chunks.
2025-11-07 02:17:19,392 - INFO - Setting up Elasticsearch client at: http://localhost:9200
2025-11-07 02:17:20,182 - INFO - Preferred device: cuda
2025-11-07 02:17:20,182 - INFO - Loading tokenizer: BAAI/bge-base-en-v1.5
2025-11-07 02:17:20,908 - INFO - Loading embedding model on CPU: BAAI/bge-base-en-v1.5
2025-11-07 02:17:21,275 - INFO - Loading reranker model on CPU: BAAI/bge-reranker-base
2025-11-07 02:17:23,397 - INFO - --- Query: 'periodic table' ---
2025-11-07 02:17:23,424 - INFO - Moving embedding model to compute device for embedding...
2025-11-07 02:17:23,774 - INFO - Offloading embedding model back to CPU...
2025-11-07 02:17:23,936 - INFO - Step 1: Retrieving top 20 hybrid results from Elasticsearch...
2025-11-07 02:17:24,216 - INFO - Step 2: Reranking 20 results...
2025-11-07 02:17:24,216 - INFO - Moving reranker to compute device for reranking...
2025-11-07 02:17:25,024 - INFO - Offloading reranker back to CPU...
2025-11-07 02:17:25,589 - INFO - Step 3: Applying 'small-to-big' retrieval logic...
2025-11-07 02:17:25,589 - INFO - Fetching parent chunk 'e5221e95-326e-4617-a43b-3391133b3bbc' for child '84fb4e3a-31b2-4e01-8387-ecb86dd16fd8'
2025-11-07 02:17:25,614 - INFO - Fetching parent chunk '2e886769-0d4b-4889-a20b-ca2ac0b1d77f' for child '0f5fd2b6-b2ee-4206-995c-672be52f134c'
2025-11-07 02:17:25,619 - INFO - Fetching parent chunk '1dcf5d6f-285a-48de-96ac-d882655f9b99' for child '2e886769-0d4b-4889-a20b-ca2ac0b1d77f'
2025-11-07 02:17:25,625 - INFO - Fetching parent chunk 'd9397e29-c641-43cb-8939-44f386cd43b1' for child 'dfef914f-560d-4bcd-88a4-80f3c7a7daca'
2025-11-07 02:17:25,637 - INFO - Retrieved 5 final context chunks.
2025-11-07 02:19:43,155 - INFO - Setting up Elasticsearch client at: http://localhost:9200
2025-11-07 02:19:43,855 - INFO - Preferred device: cuda
2025-11-07 02:19:43,855 - INFO - Loading tokenizer: BAAI/bge-base-en-v1.5
2025-11-07 02:19:44,505 - INFO - Loading embedding model on CPU: BAAI/bge-base-en-v1.5
2025-11-07 02:19:44,856 - INFO - Loading reranker model on CPU: BAAI/bge-reranker-base
2025-11-07 02:19:46,859 - INFO - --- Query: 'periodic table' ---
2025-11-07 02:19:46,862 - INFO - Moving embedding model to compute device for embedding...
2025-11-07 02:19:47,380 - INFO - Offloading embedding model back to CPU...
2025-11-07 02:19:47,546 - INFO - Step 1: Retrieving top 20 hybrid results from Elasticsearch...
2025-11-07 02:19:47,614 - INFO - Step 2: Reranking 20 results...
2025-11-07 02:19:47,614 - INFO - Moving reranker to compute device for reranking...
2025-11-07 02:19:48,665 - INFO - Offloading reranker back to CPU...
2025-11-07 02:19:49,324 - INFO - Step 3: Applying 'small-to-big' retrieval logic...
2025-11-07 02:19:49,324 - INFO - Fetching parent chunk 'e5221e95-326e-4617-a43b-3391133b3bbc' for child '84fb4e3a-31b2-4e01-8387-ecb86dd16fd8'
2025-11-07 02:19:49,333 - INFO - Fetching parent chunk '2e886769-0d4b-4889-a20b-ca2ac0b1d77f' for child '0f5fd2b6-b2ee-4206-995c-672be52f134c'
2025-11-07 02:19:49,343 - INFO - Fetching parent chunk '1dcf5d6f-285a-48de-96ac-d882655f9b99' for child '2e886769-0d4b-4889-a20b-ca2ac0b1d77f'
2025-11-07 02:19:49,352 - INFO - Fetching parent chunk 'd9397e29-c641-43cb-8939-44f386cd43b1' for child 'dfef914f-560d-4bcd-88a4-80f3c7a7daca'
2025-11-07 02:19:49,359 - INFO - Retrieved 5 final context chunks.
2025-11-07 15:48:45,259 - INFO - Setting up Elasticsearch client at: http://localhost:9200
2025-11-07 15:48:45,423 - INFO - Preferred device: cuda
2025-11-07 15:48:45,423 - INFO - Loading tokenizer: BAAI/bge-base-en-v1.5
2025-11-07 15:48:46,284 - INFO - Loading embedding model on CPU: BAAI/bge-base-en-v1.5
2025-11-07 15:48:46,698 - INFO - Loading reranker model on CPU: BAAI/bge-reranker-base
2025-11-07 15:48:49,023 - INFO - --- Query: 'periodic table' ---
2025-11-07 15:48:49,042 - INFO - Moving embedding model to compute device for embedding...
2025-11-07 15:48:49,721 - INFO - Offloading embedding model back to CPU...
2025-11-07 15:48:49,943 - INFO - Step 1: Retrieving top 20 hybrid results from Elasticsearch...
2025-11-07 15:48:50,326 - INFO - Step 2: Reranking 20 results...
2025-11-07 15:48:50,326 - INFO - Moving reranker to compute device for reranking...
2025-11-07 15:48:51,829 - INFO - Offloading reranker back to CPU...
2025-11-07 15:48:52,527 - INFO - Step 3: Applying 'small-to-big' retrieval logic...
2025-11-07 15:48:52,528 - INFO - Fetching parent chunk 'e5221e95-326e-4617-a43b-3391133b3bbc' for child '84fb4e3a-31b2-4e01-8387-ecb86dd16fd8'
2025-11-07 15:48:52,559 - INFO - Fetching parent chunk '2e886769-0d4b-4889-a20b-ca2ac0b1d77f' for child '0f5fd2b6-b2ee-4206-995c-672be52f134c'
2025-11-07 15:48:52,566 - INFO - Fetching parent chunk '1dcf5d6f-285a-48de-96ac-d882655f9b99' for child '2e886769-0d4b-4889-a20b-ca2ac0b1d77f'
2025-11-07 15:48:52,572 - INFO - Fetching parent chunk 'd9397e29-c641-43cb-8939-44f386cd43b1' for child 'dfef914f-560d-4bcd-88a4-80f3c7a7daca'
2025-11-07 15:48:52,578 - INFO - Retrieved 5 final context chunks.
2025-11-07 15:53:21,252 - INFO - Setting up Elasticsearch client at: http://localhost:9200
2025-11-07 15:53:21,948 - INFO - Preferred device: cuda
2025-11-07 15:53:21,948 - INFO - Loading tokenizer: BAAI/bge-base-en-v1.5
2025-11-07 15:53:22,785 - INFO - Loading embedding model on CPU: BAAI/bge-base-en-v1.5
2025-11-07 15:53:23,176 - INFO - Loading reranker model on CPU: BAAI/bge-reranker-base
2025-11-07 15:53:26,647 - INFO - --- Query: 'periodic table' ---
2025-11-07 15:53:26,650 - INFO - Moving embedding model to compute device for embedding...
2025-11-07 15:53:27,242 - INFO - Offloading embedding model back to CPU...
2025-11-07 15:53:27,420 - INFO - Step 1: Retrieving top 20 hybrid results from Elasticsearch...
2025-11-07 15:53:27,458 - INFO - Step 2: Reranking 20 results...
2025-11-07 15:53:27,458 - INFO - Moving reranker to compute device for reranking...
2025-11-07 15:53:28,264 - INFO - Offloading reranker back to CPU...
2025-11-07 15:53:28,932 - INFO - Step 3: Applying 'small-to-big' retrieval logic...
2025-11-07 15:53:28,932 - INFO - Fetching parent chunk 'e5221e95-326e-4617-a43b-3391133b3bbc' for child '84fb4e3a-31b2-4e01-8387-ecb86dd16fd8'
2025-11-07 15:53:28,938 - INFO - Fetching parent chunk '2e886769-0d4b-4889-a20b-ca2ac0b1d77f' for child '0f5fd2b6-b2ee-4206-995c-672be52f134c'
2025-11-07 15:53:28,944 - INFO - Fetching parent chunk '1dcf5d6f-285a-48de-96ac-d882655f9b99' for child '2e886769-0d4b-4889-a20b-ca2ac0b1d77f'
2025-11-07 15:53:28,950 - INFO - Fetching parent chunk 'd9397e29-c641-43cb-8939-44f386cd43b1' for child 'dfef914f-560d-4bcd-88a4-80f3c7a7daca'
2025-11-07 15:53:28,955 - INFO - Retrieved 5 final context chunks.
2025-11-07 15:55:11,389 - INFO - Setting up Elasticsearch client at: http://localhost:9200
2025-11-07 15:55:12,083 - INFO - Preferred device: cuda
2025-11-07 15:55:12,083 - INFO - Loading tokenizer: BAAI/bge-base-en-v1.5
2025-11-07 15:55:13,594 - INFO - Loading embedding model on CPU: BAAI/bge-base-en-v1.5
2025-11-07 15:55:13,988 - INFO - Loading reranker model on CPU: BAAI/bge-reranker-base
2025-11-07 15:55:16,319 - INFO - --- Query: 'periodic table' ---
2025-11-07 15:55:16,321 - INFO - Moving embedding model to compute device for embedding...
2025-11-07 15:55:16,625 - INFO - Offloading embedding model back to CPU...
2025-11-07 15:55:16,785 - INFO - Step 1: Retrieving top 20 hybrid results from Elasticsearch...
2025-11-07 15:55:16,809 - INFO - Step 2: Reranking 20 results...
2025-11-07 15:55:16,809 - INFO - Moving reranker to compute device for reranking...
2025-11-07 15:55:17,600 - INFO - Offloading reranker back to CPU...
2025-11-07 15:55:17,983 - INFO - Step 3: Applying 'small-to-big' retrieval logic...
2025-11-07 15:55:17,983 - INFO - Fetching parent chunk 'e5221e95-326e-4617-a43b-3391133b3bbc' for child '84fb4e3a-31b2-4e01-8387-ecb86dd16fd8'
2025-11-07 15:55:17,987 - INFO - Fetching parent chunk '2e886769-0d4b-4889-a20b-ca2ac0b1d77f' for child '0f5fd2b6-b2ee-4206-995c-672be52f134c'
2025-11-07 15:55:17,991 - INFO - Fetching parent chunk '1dcf5d6f-285a-48de-96ac-d882655f9b99' for child '2e886769-0d4b-4889-a20b-ca2ac0b1d77f'
2025-11-07 15:55:18,003 - INFO - Fetching parent chunk 'd9397e29-c641-43cb-8939-44f386cd43b1' for child 'dfef914f-560d-4bcd-88a4-80f3c7a7daca'
2025-11-07 15:55:18,007 - INFO - Retrieved 5 final context chunks.
2025-11-07 16:06:17,162 - INFO - Setting up Elasticsearch client at: http://localhost:9200
2025-11-07 16:06:17,874 - INFO - Preferred device: cuda
2025-11-07 16:06:17,874 - INFO - Loading tokenizer: BAAI/bge-base-en-v1.5
2025-11-07 16:06:18,596 - INFO - Loading embedding model on CPU: BAAI/bge-base-en-v1.5
2025-11-07 16:06:18,976 - INFO - Loading reranker model on CPU: BAAI/bge-reranker-base
2025-11-07 16:06:21,344 - INFO - --- Query: 'd-block elements' ---
2025-11-07 16:06:21,357 - INFO - Moving embedding model to compute device for embedding...
2025-11-07 16:06:21,714 - INFO - Offloading embedding model back to CPU...
2025-11-07 16:06:21,898 - INFO - Step 1: Retrieving top 20 hybrid results from Elasticsearch...
2025-11-07 16:06:21,992 - INFO - Step 2: Reranking 20 results...
2025-11-07 16:06:21,992 - INFO - Moving reranker to compute device for reranking...
2025-11-07 16:06:23,529 - INFO - Offloading reranker back to CPU...
2025-11-07 16:06:24,522 - INFO - Step 3: Applying 'small-to-big' retrieval logic...
2025-11-07 16:06:24,522 - INFO - Fetching parent chunk 'cdf276ed-a82f-411a-abbf-486060adecac' for child 'af3014c6-bbf6-4b49-a6b8-c1bd0769a5d7'
2025-11-07 16:06:24,537 - INFO - Fetching parent chunk '800f1dbd-d802-4f7b-88a7-80a85343affc' for child 'cdf276ed-a82f-411a-abbf-486060adecac'
2025-11-07 16:06:24,544 - INFO - Fetching parent chunk 'ae4ccf4d-9fd1-466d-b488-c9a3b1d6f74d' for child 'bc5a2435-8fc3-479b-9d1c-8fd0c00be7a9'
2025-11-07 16:06:24,551 - INFO - Retrieved 4 final context chunks.
2025-11-07 16:09:10,235 - INFO - Setting up Elasticsearch client at: http://localhost:9200
2025-11-07 16:09:10,937 - INFO - Preferred device: cuda
2025-11-07 16:09:10,937 - INFO - Loading tokenizer: BAAI/bge-base-en-v1.5
2025-11-07 16:09:11,765 - INFO - Loading embedding model on CPU: BAAI/bge-base-en-v1.5
2025-11-07 16:09:12,196 - INFO - Loading reranker model on CPU: BAAI/bge-reranker-base
2025-11-07 16:09:14,935 - INFO - --- Query: 'd-block elements' ---
2025-11-07 16:09:14,948 - INFO - Moving embedding model to compute device for embedding...
2025-11-07 16:09:15,496 - INFO - Offloading embedding model back to CPU...
2025-11-07 16:09:15,656 - INFO - Step 1: Retrieving top 20 hybrid results from Elasticsearch...
2025-11-07 16:09:15,735 - INFO - Step 2: Reranking 20 results...
2025-11-07 16:09:15,735 - INFO - Moving reranker to compute device for reranking...
2025-11-07 16:09:17,094 - INFO - Offloading reranker back to CPU...
2025-11-07 16:09:17,501 - INFO - Step 3: Applying 'small-to-big' retrieval logic...
2025-11-07 16:09:17,502 - INFO - Fetching parent chunk 'cdf276ed-a82f-411a-abbf-486060adecac' for child 'af3014c6-bbf6-4b49-a6b8-c1bd0769a5d7'
2025-11-07 16:09:17,518 - INFO - Fetching parent chunk '800f1dbd-d802-4f7b-88a7-80a85343affc' for child 'cdf276ed-a82f-411a-abbf-486060adecac'
2025-11-07 16:09:17,525 - INFO - Fetching parent chunk 'ae4ccf4d-9fd1-466d-b488-c9a3b1d6f74d' for child 'bc5a2435-8fc3-479b-9d1c-8fd0c00be7a9'
2025-11-07 16:09:17,530 - INFO - Retrieved 4 final context chunks.
2025-11-07 16:16:14,921 - INFO - Setting up Elasticsearch client at: http://localhost:9200
2025-11-07 16:16:15,629 - INFO - Preferred device: cuda
2025-11-07 16:16:15,629 - INFO - Loading tokenizer: BAAI/bge-base-en-v1.5
2025-11-07 16:16:16,518 - INFO - Loading embedding model on CPU: BAAI/bge-base-en-v1.5
2025-11-07 16:16:16,901 - INFO - Loading reranker model on CPU: BAAI/bge-reranker-base
2025-11-07 16:16:19,676 - INFO - --- Query: 'd-block elements' ---
2025-11-07 16:16:19,689 - INFO - Moving embedding model to compute device for embedding...
2025-11-07 16:16:20,138 - INFO - Offloading embedding model back to CPU...
2025-11-07 16:16:20,352 - INFO - Step 1: Retrieving top 20 hybrid results from Elasticsearch...
2025-11-07 16:16:20,520 - INFO - Step 2: Reranking 20 results...
2025-11-07 16:16:20,520 - INFO - Moving reranker to compute device for reranking...
2025-11-07 16:16:21,618 - INFO - Offloading reranker back to CPU...
2025-11-07 16:16:25,465 - INFO - Step 3: Applying 'small-to-big' retrieval logic...
2025-11-07 16:16:25,466 - INFO - Fetching parent chunk 'cdf276ed-a82f-411a-abbf-486060adecac' for child 'af3014c6-bbf6-4b49-a6b8-c1bd0769a5d7'
2025-11-07 16:16:25,492 - INFO - Fetching parent chunk '800f1dbd-d802-4f7b-88a7-80a85343affc' for child 'cdf276ed-a82f-411a-abbf-486060adecac'
2025-11-07 16:16:25,500 - INFO - Fetching parent chunk 'ae4ccf4d-9fd1-466d-b488-c9a3b1d6f74d' for child 'bc5a2435-8fc3-479b-9d1c-8fd0c00be7a9'
2025-11-07 16:16:25,513 - INFO - Retrieved 4 final context chunks.
2025-11-07 16:23:59,595 - INFO - Setting up Elasticsearch client at: http://localhost:9200
2025-11-07 16:24:00,294 - INFO - Preferred device: cuda
2025-11-07 16:24:00,294 - INFO - Loading tokenizer: BAAI/bge-base-en-v1.5
2025-11-07 16:24:01,313 - INFO - Loading embedding model on CPU: BAAI/bge-base-en-v1.5
2025-11-07 16:24:01,703 - INFO - Loading reranker model on CPU: BAAI/bge-reranker-base
2025-11-07 16:24:04,466 - INFO - --- Query: 'd-block elements' ---
2025-11-07 16:24:04,477 - INFO - Moving embedding model to compute device for embedding...
2025-11-07 16:24:05,019 - INFO - Offloading embedding model back to CPU...
2025-11-07 16:24:05,179 - INFO - Step 1: Retrieving top 20 hybrid results from Elasticsearch...
2025-11-07 16:24:05,261 - INFO - Step 2: Reranking 20 results...
2025-11-07 16:24:05,261 - INFO - Moving reranker to compute device for reranking...
2025-11-07 16:24:06,499 - INFO - Offloading reranker back to CPU...
2025-11-07 16:24:06,895 - INFO - Step 3: Applying 'small-to-big' retrieval logic...
2025-11-07 16:24:06,895 - INFO - Fetching parent chunk 'cdf276ed-a82f-411a-abbf-486060adecac' for child 'af3014c6-bbf6-4b49-a6b8-c1bd0769a5d7'
2025-11-07 16:24:06,909 - INFO - Fetching parent chunk '800f1dbd-d802-4f7b-88a7-80a85343affc' for child 'cdf276ed-a82f-411a-abbf-486060adecac'
2025-11-07 16:24:06,915 - INFO - Fetching parent chunk 'ae4ccf4d-9fd1-466d-b488-c9a3b1d6f74d' for child 'bc5a2435-8fc3-479b-9d1c-8fd0c00be7a9'
2025-11-07 16:24:06,942 - INFO - Retrieved 4 final context chunks.
2025-11-07 16:27:10,662 - INFO - Setting up Elasticsearch client at: http://localhost:9200
2025-11-07 16:27:11,356 - INFO - Preferred device: cuda
2025-11-07 16:27:11,356 - INFO - Loading tokenizer: BAAI/bge-base-en-v1.5
2025-11-07 16:27:12,498 - INFO - Loading embedding model on CPU: BAAI/bge-base-en-v1.5
2025-11-07 16:27:13,038 - INFO - Loading reranker model on CPU: BAAI/bge-reranker-base
2025-11-07 16:27:15,563 - INFO - --- Query: 'd-block elements' ---
2025-11-07 16:27:15,575 - INFO - Moving embedding model to compute device for embedding...
2025-11-07 16:27:16,125 - INFO - Offloading embedding model back to CPU...
2025-11-07 16:27:16,288 - INFO - Step 1: Retrieving top 20 hybrid results from Elasticsearch...
2025-11-07 16:27:16,352 - INFO - Step 2: Reranking 20 results...
2025-11-07 16:27:16,352 - INFO - Moving reranker to compute device for reranking...
2025-11-07 16:27:17,516 - INFO - Offloading reranker back to CPU...
2025-11-07 16:27:17,940 - INFO - Step 3: Applying 'small-to-big' retrieval logic...
2025-11-07 16:27:17,940 - INFO - Fetching parent chunk 'cdf276ed-a82f-411a-abbf-486060adecac' for child 'af3014c6-bbf6-4b49-a6b8-c1bd0769a5d7'
2025-11-07 16:27:17,949 - INFO - Fetching parent chunk '800f1dbd-d802-4f7b-88a7-80a85343affc' for child 'cdf276ed-a82f-411a-abbf-486060adecac'
2025-11-07 16:27:17,956 - INFO - Fetching parent chunk 'ae4ccf4d-9fd1-466d-b488-c9a3b1d6f74d' for child 'bc5a2435-8fc3-479b-9d1c-8fd0c00be7a9'
2025-11-07 16:27:17,964 - INFO - Retrieved 4 final context chunks.
2025-11-07 16:29:22,979 - INFO - Setting up Elasticsearch client at: http://localhost:9200
2025-11-07 16:29:23,673 - INFO - Preferred device: cuda
2025-11-07 16:29:23,674 - INFO - Loading tokenizer: BAAI/bge-base-en-v1.5
2025-11-07 16:29:24,581 - INFO - Loading embedding model on CPU: BAAI/bge-base-en-v1.5
2025-11-07 16:29:25,496 - INFO - Loading reranker model on CPU: BAAI/bge-reranker-base
2025-11-07 16:29:28,252 - INFO - --- Query: 'd-block elements' ---
2025-11-07 16:29:28,264 - INFO - Moving embedding model to compute device for embedding...
2025-11-07 16:29:28,575 - INFO - Offloading embedding model back to CPU...
2025-11-07 16:29:28,735 - INFO - Step 1: Retrieving top 20 hybrid results from Elasticsearch...
2025-11-07 16:29:28,810 - INFO - Step 2: Reranking 20 results...
2025-11-07 16:29:28,810 - INFO - Moving reranker to compute device for reranking...
2025-11-07 16:29:29,615 - INFO - Offloading reranker back to CPU...
2025-11-07 16:29:29,993 - INFO - Step 3: Applying 'small-to-big' retrieval logic...
2025-11-07 16:29:29,993 - INFO - Fetching parent chunk 'cdf276ed-a82f-411a-abbf-486060adecac' for child 'af3014c6-bbf6-4b49-a6b8-c1bd0769a5d7'
2025-11-07 16:29:30,013 - INFO - Fetching parent chunk '800f1dbd-d802-4f7b-88a7-80a85343affc' for child 'cdf276ed-a82f-411a-abbf-486060adecac'
2025-11-07 16:29:30,022 - INFO - Fetching parent chunk 'ae4ccf4d-9fd1-466d-b488-c9a3b1d6f74d' for child 'bc5a2435-8fc3-479b-9d1c-8fd0c00be7a9'
2025-11-07 16:29:30,029 - INFO - Retrieved 4 final context chunks.
2025-11-07 22:41:45,968 - INFO - Setting up Elasticsearch client at: http://localhost:9200
2025-11-07 22:41:46,090 - INFO - Preferred device: cuda
2025-11-07 22:41:46,090 - INFO - Loading tokenizer: BAAI/bge-base-en-v1.5
2025-11-07 22:41:46,761 - INFO - Loading embedding model on CPU: BAAI/bge-base-en-v1.5
2025-11-07 22:41:47,144 - INFO - Loading reranker model on CPU: BAAI/bge-reranker-base
2025-11-07 22:41:49,630 - INFO - --- Query: 'd-block elements' ---
2025-11-07 22:41:49,635 - INFO - Moving embedding model to compute device for embedding...
2025-11-07 22:41:50,715 - INFO - Offloading embedding model back to CPU...
2025-11-07 22:41:50,983 - INFO - Step 1: Retrieving top 20 hybrid results from Elasticsearch...
2025-11-07 22:41:51,581 - INFO - Step 2: Reranking 20 results...
2025-11-07 22:41:51,581 - INFO - Moving reranker to compute device for reranking...
2025-11-07 22:41:53,346 - INFO - Offloading reranker back to CPU...
2025-11-07 22:41:54,277 - INFO - Step 3: Applying 'small-to-big' retrieval logic...
2025-11-07 22:41:54,277 - INFO - Fetching parent chunk 'cdf276ed-a82f-411a-abbf-486060adecac' for child 'af3014c6-bbf6-4b49-a6b8-c1bd0769a5d7'
2025-11-07 22:41:54,290 - INFO - Fetching parent chunk '800f1dbd-d802-4f7b-88a7-80a85343affc' for child 'cdf276ed-a82f-411a-abbf-486060adecac'
2025-11-07 22:41:54,294 - INFO - Fetching parent chunk 'ae4ccf4d-9fd1-466d-b488-c9a3b1d6f74d' for child 'bc5a2435-8fc3-479b-9d1c-8fd0c00be7a9'
2025-11-07 22:41:54,298 - INFO - Retrieved 4 final context chunks.
2025-11-07 22:44:27,806 - INFO - Setting up Elasticsearch client at: http://localhost:9200
2025-11-07 22:44:27,897 - INFO - Preferred device: cuda
2025-11-07 22:44:27,897 - INFO - Loading tokenizer: BAAI/bge-base-en-v1.5
2025-11-07 22:44:28,735 - INFO - Loading embedding model on CPU: BAAI/bge-base-en-v1.5
2025-11-07 22:44:29,272 - INFO - Loading reranker model on CPU: BAAI/bge-reranker-base
2025-11-07 22:44:31,851 - INFO - --- Query: 'd-block elements' ---
2025-11-07 22:44:31,875 - INFO - Moving embedding model to compute device for embedding...
2025-11-07 22:44:32,278 - INFO - Offloading embedding model back to CPU...
2025-11-07 22:44:32,438 - INFO - Step 1: Retrieving top 20 hybrid results from Elasticsearch...
2025-11-07 22:44:32,633 - INFO - Step 2: Reranking 20 results...
2025-11-07 22:44:32,633 - INFO - Moving reranker to compute device for reranking...
2025-11-07 22:44:33,722 - INFO - Offloading reranker back to CPU...
2025-11-07 22:44:34,210 - INFO - Step 3: Applying 'small-to-big' retrieval logic...
2025-11-07 22:44:34,210 - INFO - Fetching parent chunk 'cdf276ed-a82f-411a-abbf-486060adecac' for child 'af3014c6-bbf6-4b49-a6b8-c1bd0769a5d7'
2025-11-07 22:44:34,230 - INFO - Fetching parent chunk '800f1dbd-d802-4f7b-88a7-80a85343affc' for child 'cdf276ed-a82f-411a-abbf-486060adecac'
2025-11-07 22:44:34,236 - INFO - Fetching parent chunk 'ae4ccf4d-9fd1-466d-b488-c9a3b1d6f74d' for child 'bc5a2435-8fc3-479b-9d1c-8fd0c00be7a9'
2025-11-07 22:44:34,242 - INFO - Retrieved 4 final context chunks.
2025-11-11 00:45:58,552 - INFO - Setting up Elasticsearch client at: http://localhost:9200
2025-11-11 00:45:58,557 - ERROR - Failed to connect to Elasticsearch: Could not connect to Elasticsearch.
2025-11-11 00:46:44,365 - INFO - Setting up Elasticsearch client at: http://localhost:9200
2025-11-11 00:46:44,496 - INFO - Preferred device: cuda
2025-11-11 00:46:44,496 - INFO - Loading tokenizer: BAAI/bge-base-en-v1.5
2025-11-11 00:46:45,183 - INFO - Loading embedding model on CPU: BAAI/bge-base-en-v1.5
2025-11-11 00:46:45,578 - INFO - Loading reranker model on CPU: BAAI/bge-reranker-base
2025-11-11 00:46:47,760 - INFO - --- Query: 'berellium' ---
2025-11-11 00:46:47,766 - INFO - Moving embedding model to compute device for embedding...
2025-11-11 00:46:50,178 - INFO - Offloading embedding model back to CPU...
2025-11-11 00:46:50,481 - INFO - Step 1: Retrieving top 20 hybrid results from Elasticsearch...
2025-11-11 00:46:50,916 - INFO - Step 2: Reranking 20 results...
2025-11-11 00:46:50,917 - INFO - Moving reranker to compute device for reranking...
2025-11-11 00:46:52,828 - INFO - Offloading reranker back to CPU...
2025-11-11 00:46:56,066 - INFO - Step 3: Applying 'small-to-big' retrieval logic...
2025-11-11 00:46:56,070 - INFO - Fetching parent chunk 'ee35de00-4dd9-457e-81c5-7885e76f3fc2' for child 'e19a91e7-b4bc-459c-9320-6b811a7eaac0'
2025-11-11 00:46:56,110 - INFO - Fetching parent chunk 'c6aae579-9aaa-4e02-a31b-55d7d3b59e45' for child '2e44e111-6c73-49dd-9733-ba8a4b63567d'
2025-11-11 00:46:56,114 - INFO - Fetching parent chunk '003d8e15-2725-41b7-afc2-0902e0890a2b' for child '3275f9c5-983f-452f-a247-40f7725780f8'
2025-11-11 00:46:56,117 - INFO - Fetching parent chunk 'f2fe9a4b-1fcb-4bac-9c86-9536fe1b0460' for child '59876923-6c66-4601-872c-12c440c8304b'
2025-11-11 00:46:56,122 - INFO - Fetching parent chunk '0ffee4de-383d-48b7-b21a-99520f535ea2' for child '5bee5ca0-c01c-45ad-9f49-daba3c7dc8b3'
2025-11-11 00:46:56,126 - INFO - Retrieved 5 final context chunks.
2025-11-11 00:53:04,642 - INFO - Setting up Elasticsearch client at: http://localhost:9200
2025-11-11 00:53:05,345 - INFO - Preferred device: cuda
2025-11-11 00:53:05,345 - INFO - Loading tokenizer: BAAI/bge-base-en-v1.5
2025-11-11 00:53:06,012 - INFO - Loading embedding model on CPU: BAAI/bge-base-en-v1.5
2025-11-11 00:53:06,389 - INFO - Loading reranker model on CPU: BAAI/bge-reranker-base
2025-11-11 00:53:08,628 - INFO - --- Query: 'f-block elements' ---
2025-11-11 00:53:08,631 - INFO - Moving embedding model to compute device for embedding...
2025-11-11 00:53:09,324 - INFO - Offloading embedding model back to CPU...
2025-11-11 00:53:09,650 - INFO - Step 1: Retrieving top 20 hybrid results from Elasticsearch...
2025-11-11 00:53:09,714 - INFO - Step 2: Reranking 20 results...
2025-11-11 00:53:09,714 - INFO - Moving reranker to compute device for reranking...
2025-11-11 00:53:11,336 - INFO - Offloading reranker back to CPU...
2025-11-11 00:53:11,916 - INFO - Step 3: Applying 'small-to-big' retrieval logic...
2025-11-11 00:53:11,916 - INFO - Fetching parent chunk 'bc5a2435-8fc3-479b-9d1c-8fd0c00be7a9' for child '2807fd9a-c45e-4021-85bc-4c56dcce8abb'
2025-11-11 00:53:12,048 - INFO - Fetching parent chunk 'ae4ccf4d-9fd1-466d-b488-c9a3b1d6f74d' for child 'bc5a2435-8fc3-479b-9d1c-8fd0c00be7a9'
2025-11-11 00:53:12,054 - INFO - Fetching parent chunk '800f1dbd-d802-4f7b-88a7-80a85343affc' for child 'cdf276ed-a82f-411a-abbf-486060adecac'
2025-11-11 00:53:12,059 - INFO - Retrieved 5 final context chunks.
2025-11-11 00:56:21,593 - INFO - --- Query: 'periodic table introductory topics' ---
2025-11-11 00:56:21,608 - INFO - Moving embedding model to compute device for embedding...
2025-11-11 00:56:21,711 - INFO - Offloading embedding model back to CPU...
2025-11-11 00:56:21,907 - INFO - Step 1: Retrieving top 20 hybrid results from Elasticsearch...
2025-11-11 00:56:22,056 - INFO - Step 2: Reranking 20 results...
2025-11-11 00:56:22,056 - INFO - Moving reranker to compute device for reranking...
2025-11-11 00:56:22,861 - INFO - Offloading reranker back to CPU...
2025-11-11 00:56:23,335 - INFO - Step 3: Applying 'small-to-big' retrieval logic...
2025-11-11 00:56:23,336 - INFO - Fetching parent chunk '2e886769-0d4b-4889-a20b-ca2ac0b1d77f' for child '0f5fd2b6-b2ee-4206-995c-672be52f134c'
2025-11-11 00:56:23,346 - INFO - Fetching parent chunk '47d89168-9968-4d5a-987e-d1b19e60a221' for child '7843daef-4e8e-4c4a-bcaa-03c4765d7405'
2025-11-11 00:56:23,355 - INFO - Fetching parent chunk '7280e3be-e4f8-4b6a-9521-9fc7a6a05b57' for child '298ec6c2-fe66-459e-8d0b-0baf4ddaac4f'
2025-11-11 00:56:23,366 - INFO - Fetching parent chunk 'c42a1c10-1015-4a61-bb5f-020b979485f1' for child '7e24acb0-90a2-4794-8696-e29f19c0895a'
2025-11-11 00:56:23,378 - INFO - Fetching parent chunk 'd0b86469-bd96-41ae-9e1a-8042af18d0db' for child '82400f82-801c-44cb-914b-117c3465461a'
2025-11-11 00:56:23,452 - INFO - Retrieved 5 final context chunks.
2025-11-11 01:17:58,608 - INFO - Setting up Elasticsearch client at: http://localhost:9200
2025-11-11 01:17:59,453 - INFO - Preferred device: cuda
2025-11-11 01:17:59,453 - INFO - Loading tokenizer: BAAI/bge-base-en-v1.5
2025-11-11 01:18:00,098 - INFO - Loading embedding model on CPU: BAAI/bge-base-en-v1.5
2025-11-11 01:18:00,434 - INFO - Loading reranker model on CPU: BAAI/bge-reranker-base
2025-11-11 01:18:02,746 - INFO - --- Query: 'elements of periodic tables, their atomic and mass numbers' ---
2025-11-11 01:18:02,763 - INFO - Moving embedding model to compute device for embedding...
2025-11-11 01:18:03,119 - INFO - Offloading embedding model back to CPU...
2025-11-11 01:18:03,308 - INFO - Step 1: Retrieving top 20 hybrid results from Elasticsearch...
2025-11-11 01:18:03,432 - INFO - Step 2: Reranking 20 results...
2025-11-11 01:18:03,432 - INFO - Moving reranker to compute device for reranking...
2025-11-11 01:18:04,276 - INFO - Offloading reranker back to CPU...
2025-11-11 01:18:04,730 - INFO - Step 3: Applying 'small-to-big' retrieval logic...
2025-11-11 01:18:04,730 - INFO - Fetching parent chunk 'e5221e95-326e-4617-a43b-3391133b3bbc' for child 'f7c6947e-d176-4646-a5d2-c8765e5020f2'
2025-11-11 01:18:04,755 - INFO - Fetching parent chunk '1dcf5d6f-285a-48de-96ac-d882655f9b99' for child '2e886769-0d4b-4889-a20b-ca2ac0b1d77f'
2025-11-11 01:18:04,760 - INFO - Fetching parent chunk '9edb12b7-b8d5-4a99-ad64-fc18f4f54026' for child 'c12c7400-6570-420e-b859-e763b60ff2ab'
2025-11-11 01:18:04,767 - INFO - Fetching parent chunk 'd9397e29-c641-43cb-8939-44f386cd43b1' for child '2c38d9ee-ed60-4f72-8a3d-e3f183358510'
2025-11-11 01:18:04,775 - INFO - Retrieved 5 final context chunks.
2025-11-11 01:26:46,399 - INFO - Setting up Elasticsearch client at: http://localhost:9200
2025-11-11 01:26:47,118 - INFO - Preferred device: cuda
2025-11-11 01:26:47,118 - INFO - Loading tokenizer: BAAI/bge-base-en-v1.5
2025-11-11 01:26:47,800 - INFO - Loading embedding model on CPU: BAAI/bge-base-en-v1.5
2025-11-11 01:26:48,185 - INFO - Loading reranker model on CPU: BAAI/bge-reranker-base
2025-11-11 01:26:50,692 - INFO - --- Query: 'beryllium' ---
2025-11-11 01:26:50,705 - INFO - Moving embedding model to compute device for embedding...
2025-11-11 01:26:51,210 - INFO - Offloading embedding model back to CPU...
2025-11-11 01:26:51,436 - INFO - Step 1: Retrieving top 20 hybrid results from Elasticsearch...
2025-11-11 01:26:51,517 - INFO - Step 2: Reranking 20 results...
2025-11-11 01:26:51,517 - INFO - Moving reranker to compute device for reranking...
2025-11-11 01:26:53,092 - INFO - Offloading reranker back to CPU...
2025-11-11 01:26:53,652 - INFO - Step 3: Applying 'small-to-big' retrieval logic...
2025-11-11 01:26:53,652 - INFO - Fetching parent chunk '58b6bc94-1e4c-4a80-aa67-11cc2807c836' for child 'fbac0a09-3ea7-40e6-b901-76966c6cb749'
2025-11-11 01:26:53,686 - INFO - Fetching parent chunk '5e0532f6-9302-4071-ba7b-cb19d8a4ac83' for child '60fe6df2-f24e-49fb-9b44-88d3e207d8f6'
2025-11-11 01:26:53,693 - INFO - Fetching parent chunk 'c6aae579-9aaa-4e02-a31b-55d7d3b59e45' for child '72d4bca1-028b-4bf5-8238-6ecd660094a4'
2025-11-11 01:26:53,701 - INFO - Fetching parent chunk '2e44e111-6c73-49dd-9733-ba8a4b63567d' for child '247f16f2-8986-42d8-8430-efa17878de0b'
2025-11-11 01:26:53,713 - INFO - Retrieved 5 final context chunks.
2025-11-11 01:32:24,074 - INFO - Setting up Elasticsearch client at: http://localhost:9200
2025-11-11 01:32:24,775 - INFO - Preferred device: cuda
2025-11-11 01:32:24,776 - INFO - Loading tokenizer: BAAI/bge-base-en-v1.5
2025-11-11 01:32:25,465 - INFO - Loading embedding model on CPU: BAAI/bge-base-en-v1.5
2025-11-11 01:32:25,945 - INFO - Loading reranker model on CPU: BAAI/bge-reranker-base
2025-11-11 01:32:28,327 - INFO - --- Query: 'f-block elements' ---
2025-11-11 01:32:28,350 - INFO - Moving embedding model to compute device for embedding...
2025-11-11 01:32:28,999 - INFO - Offloading embedding model back to CPU...
2025-11-11 01:32:29,188 - INFO - Step 1: Retrieving top 20 hybrid results from Elasticsearch...
2025-11-11 01:32:29,277 - INFO - Step 2: Reranking 20 results...
2025-11-11 01:32:29,277 - INFO - Moving reranker to compute device for reranking...
2025-11-11 01:32:30,740 - INFO - Offloading reranker back to CPU...
2025-11-11 01:32:31,366 - INFO - Step 3: Applying 'small-to-big' retrieval logic...
2025-11-11 01:32:31,366 - INFO - Fetching parent chunk 'bc5a2435-8fc3-479b-9d1c-8fd0c00be7a9' for child '2807fd9a-c45e-4021-85bc-4c56dcce8abb'
2025-11-11 01:32:31,380 - INFO - Fetching parent chunk 'ae4ccf4d-9fd1-466d-b488-c9a3b1d6f74d' for child 'bc5a2435-8fc3-479b-9d1c-8fd0c00be7a9'
2025-11-11 01:32:31,386 - INFO - Fetching parent chunk '800f1dbd-d802-4f7b-88a7-80a85343affc' for child 'cdf276ed-a82f-411a-abbf-486060adecac'
2025-11-11 01:32:31,394 - INFO - Retrieved 5 final context chunks.
2025-11-11 15:55:51,680 - INFO - Setting up Elasticsearch client at: http://localhost:9200
2025-11-11 15:55:51,688 - ERROR - Failed to connect to Elasticsearch: Could not connect to Elasticsearch.
2025-11-11 15:56:56,411 - INFO - Setting up Elasticsearch client at: http://localhost:9200
2025-11-11 15:56:56,621 - INFO - Preferred device: cuda
2025-11-11 15:56:56,621 - INFO - Loading tokenizer: BAAI/bge-base-en-v1.5
2025-11-11 15:57:09,138 - INFO - Loading embedding model on CPU: BAAI/bge-base-en-v1.5
2025-11-11 15:57:10,067 - INFO - Loading reranker model on CPU: BAAI/bge-reranker-base
2025-11-11 15:57:13,815 - INFO - --- Query: 'questions that can be asked from d block elements' ---
2025-11-11 15:57:13,821 - INFO - Moving embedding model to compute device for embedding...
2025-11-11 15:57:17,931 - INFO - Offloading embedding model back to CPU...
2025-11-11 15:57:18,272 - INFO - Step 1: Retrieving top 20 hybrid results from Elasticsearch...
2025-11-11 15:57:18,617 - INFO - Step 2: Reranking 20 results...
2025-11-11 15:57:18,618 - INFO - Moving reranker to compute device for reranking...
2025-11-11 15:57:20,590 - INFO - Offloading reranker back to CPU...
2025-11-11 15:57:21,474 - INFO - Step 3: Applying 'small-to-big' retrieval logic...
2025-11-11 15:57:21,477 - INFO - Fetching parent chunk '7280e3be-e4f8-4b6a-9521-9fc7a6a05b57' for child 'fbb856cc-7e44-46d8-adcd-3ae5efca4b20'
2025-11-11 15:57:21,536 - INFO - Fetching parent chunk '800f1dbd-d802-4f7b-88a7-80a85343affc' for child 'cdf276ed-a82f-411a-abbf-486060adecac'
2025-11-11 15:57:21,541 - INFO - Retrieved 3 final context chunks.
2025-11-11 22:03:41,957 - INFO - Setting up Elasticsearch client at: http://localhost:9200
2025-11-11 22:03:41,964 - ERROR - Failed to connect to Elasticsearch: Could not connect to Elasticsearch.
2025-11-11 22:05:53,121 - INFO - Setting up Elasticsearch client at: http://localhost:9200
2025-11-11 22:05:53,211 - INFO - Preferred device: cuda
2025-11-11 22:05:53,211 - INFO - Loading tokenizer: BAAI/bge-base-en-v1.5
2025-11-11 22:05:54,210 - INFO - Loading embedding model on CPU: BAAI/bge-base-en-v1.5
2025-11-11 22:05:54,789 - INFO - Loading reranker model on CPU: BAAI/bge-reranker-base
2025-11-11 22:05:57,773 - INFO - --- Query: 'd and f block elements' ---
2025-11-11 22:05:57,781 - INFO - Moving embedding model to compute device for embedding...
2025-11-11 22:05:58,914 - INFO - Offloading embedding model back to CPU...
2025-11-11 22:05:59,219 - INFO - Step 1: Retrieving top 20 hybrid results from Elasticsearch...
2025-11-11 22:05:59,838 - INFO - Step 2: Reranking 20 results...
2025-11-11 22:05:59,839 - INFO - Moving reranker to compute device for reranking...
2025-11-11 22:06:01,455 - INFO - Offloading reranker back to CPU...
2025-11-11 22:06:02,268 - INFO - Step 3: Applying 'small-to-big' retrieval logic...
2025-11-11 22:06:02,269 - INFO - Fetching parent chunk 'cdf276ed-a82f-411a-abbf-486060adecac' for child 'af3014c6-bbf6-4b49-a6b8-c1bd0769a5d7'
2025-11-11 22:06:02,288 - INFO - Fetching parent chunk '800f1dbd-d802-4f7b-88a7-80a85343affc' for child 'cdf276ed-a82f-411a-abbf-486060adecac'
2025-11-11 22:06:02,295 - INFO - Fetching parent chunk 'ae4ccf4d-9fd1-466d-b488-c9a3b1d6f74d' for child 'bc5a2435-8fc3-479b-9d1c-8fd0c00be7a9'
2025-11-11 22:06:02,301 - INFO - Retrieved 4 final context chunks.
2025-11-11 22:58:51,947 - INFO - Setting up Elasticsearch client at: http://localhost:9200
2025-11-11 22:58:51,987 - INFO - Preferred device: cuda
2025-11-11 22:58:51,987 - INFO - Loading tokenizer: BAAI/bge-base-en-v1.5
2025-11-11 22:58:52,941 - INFO - Loading embedding model on CPU: BAAI/bge-base-en-v1.5
2025-11-11 22:58:53,342 - INFO - Loading reranker model on CPU: BAAI/bge-reranker-base
2025-11-11 22:58:56,212 - INFO - --- Query: 'dblock elements' ---
2025-11-11 22:58:56,224 - INFO - Moving embedding model to compute device for embedding...
2025-11-11 22:58:56,618 - INFO - Offloading embedding model back to CPU...
2025-11-11 22:58:56,817 - INFO - Step 1: Retrieving top 20 hybrid results from Elasticsearch...
2025-11-11 22:58:56,858 - INFO - Step 2: Reranking 20 results...
2025-11-11 22:58:56,858 - INFO - Moving reranker to compute device for reranking...
2025-11-11 22:58:57,716 - INFO - Offloading reranker back to CPU...
2025-11-11 22:58:58,494 - INFO - Step 3: Applying 'small-to-big' retrieval logic...
2025-11-11 22:58:58,494 - INFO - Fetching parent chunk 'cdf276ed-a82f-411a-abbf-486060adecac' for child 'af3014c6-bbf6-4b49-a6b8-c1bd0769a5d7'
2025-11-11 22:58:58,516 - INFO - Fetching parent chunk 'bc5a2435-8fc3-479b-9d1c-8fd0c00be7a9' for child '88eacfa2-45f9-4a8d-9f76-723669c4db46'
2025-11-11 22:58:58,528 - INFO - Fetching parent chunk '800f1dbd-d802-4f7b-88a7-80a85343affc' for child 'cdf276ed-a82f-411a-abbf-486060adecac'
2025-11-11 22:58:58,535 - INFO - Retrieved 4 final context chunks.
2025-11-15 23:59:14,809 - INFO - Setting up Elasticsearch client at: http://localhost:9200
2025-11-15 23:59:14,815 - ERROR - Failed to connect to Elasticsearch: Could not connect to Elasticsearch.
2025-11-15 23:59:59,937 - INFO - Setting up Elasticsearch client at: http://localhost:9200
2025-11-16 00:00:00,030 - INFO - Preferred device: cuda
2025-11-16 00:00:00,030 - INFO - Loading tokenizer: BAAI/bge-base-en-v1.5
2025-11-16 00:00:00,670 - INFO - Loading embedding model on CPU: BAAI/bge-base-en-v1.5
2025-11-16 00:00:01,068 - INFO - Loading reranker model on CPU: BAAI/bge-reranker-base
2025-11-16 00:00:03,335 - INFO - --- Query: 'f and d block elements' ---
2025-11-16 00:00:03,342 - INFO - Moving embedding model to compute device for embedding...
2025-11-16 00:00:04,155 - INFO - Offloading embedding model back to CPU...
2025-11-16 00:00:04,343 - INFO - Step 1: Retrieving top 20 hybrid results from Elasticsearch...
2025-11-16 00:00:04,602 - INFO - Step 2: Reranking 20 results...
2025-11-16 00:00:04,602 - INFO - Moving reranker to compute device for reranking...
2025-11-16 00:00:07,915 - INFO - Offloading reranker back to CPU...
2025-11-16 00:00:09,075 - INFO - Step 3: Applying 'small-to-big' retrieval logic...
2025-11-16 00:00:09,077 - INFO - Fetching parent chunk '800f1dbd-d802-4f7b-88a7-80a85343affc' for child 'cdf276ed-a82f-411a-abbf-486060adecac'
2025-11-16 00:00:09,113 - INFO - Fetching parent chunk 'cdf276ed-a82f-411a-abbf-486060adecac' for child 'af3014c6-bbf6-4b49-a6b8-c1bd0769a5d7'
2025-11-16 00:00:09,120 - INFO - Retrieved 3 final context chunks.
2025-11-16 00:01:48,403 - INFO - Setting up Elasticsearch client at: http://localhost:9200
2025-11-16 00:01:48,451 - INFO - Preferred device: cuda
2025-11-16 00:01:48,451 - INFO - Loading tokenizer: BAAI/bge-base-en-v1.5
2025-11-16 00:01:49,091 - INFO - Loading embedding model on CPU: BAAI/bge-base-en-v1.5
2025-11-16 00:01:49,448 - INFO - Loading reranker model on CPU: BAAI/bge-reranker-base
2025-11-16 00:01:51,590 - INFO - --- Query: 'f and d block elements' ---
2025-11-16 00:01:51,597 - INFO - Moving embedding model to compute device for embedding...
2025-11-16 00:01:51,929 - INFO - Offloading embedding model back to CPU...
2025-11-16 00:01:53,000 - INFO - Step 1: Retrieving top 20 hybrid results from Elasticsearch...
2025-11-16 00:01:53,578 - INFO - Step 2: Reranking 20 results...
2025-11-16 00:01:53,579 - INFO - Moving reranker to compute device for reranking...
2025-11-16 00:01:54,390 - INFO - Offloading reranker back to CPU...
2025-11-16 00:01:55,418 - INFO - Step 3: Applying 'small-to-big' retrieval logic...
2025-11-16 00:01:55,418 - INFO - Fetching parent chunk '800f1dbd-d802-4f7b-88a7-80a85343affc' for child 'cdf276ed-a82f-411a-abbf-486060adecac'
2025-11-16 00:01:55,451 - INFO - Fetching parent chunk 'cdf276ed-a82f-411a-abbf-486060adecac' for child 'af3014c6-bbf6-4b49-a6b8-c1bd0769a5d7'
2025-11-16 00:01:55,456 - INFO - Retrieved 3 final context chunks.
2025-11-16 00:04:24,107 - INFO - Setting up Elasticsearch client at: http://localhost:9200
2025-11-16 00:04:24,820 - INFO - Preferred device: cuda
2025-11-16 00:04:24,820 - INFO - Loading tokenizer: BAAI/bge-base-en-v1.5
2025-11-16 00:04:25,485 - INFO - Loading embedding model on CPU: BAAI/bge-base-en-v1.5
2025-11-16 00:04:25,844 - INFO - Loading reranker model on CPU: BAAI/bge-reranker-base
2025-11-16 00:04:28,677 - INFO - --- Query: 'f and d block elements' ---
2025-11-16 00:04:28,681 - INFO - Moving embedding model to compute device for embedding...
2025-11-16 00:04:29,301 - INFO - Offloading embedding model back to CPU...
2025-11-16 00:04:29,505 - INFO - Step 1: Retrieving top 20 hybrid results from Elasticsearch...
2025-11-16 00:04:29,618 - INFO - Step 2: Reranking 20 results...
2025-11-16 00:04:29,619 - INFO - Moving reranker to compute device for reranking...
2025-11-16 00:04:31,293 - INFO - Offloading reranker back to CPU...
2025-11-16 00:04:31,853 - INFO - Step 3: Applying 'small-to-big' retrieval logic...
2025-11-16 00:04:31,853 - INFO - Fetching parent chunk '800f1dbd-d802-4f7b-88a7-80a85343affc' for child 'cdf276ed-a82f-411a-abbf-486060adecac'
2025-11-16 00:04:31,895 - INFO - Fetching parent chunk 'cdf276ed-a82f-411a-abbf-486060adecac' for child 'af3014c6-bbf6-4b49-a6b8-c1bd0769a5d7'
2025-11-16 00:04:31,901 - INFO - Retrieved 3 final context chunks.
2025-11-16 00:07:23,226 - INFO - --- Query: 'f and d block elements' ---
2025-11-16 00:07:23,240 - INFO - Moving embedding model to compute device for embedding...
2025-11-16 00:07:23,351 - INFO - Offloading embedding model back to CPU...
2025-11-16 00:07:23,516 - INFO - Step 1: Retrieving top 20 hybrid results from Elasticsearch...
2025-11-16 00:07:23,589 - INFO - Step 2: Reranking 20 results...
2025-11-16 00:07:23,589 - INFO - Moving reranker to compute device for reranking...
2025-11-16 00:07:24,452 - INFO - Offloading reranker back to CPU...
2025-11-16 00:07:24,875 - INFO - Step 3: Applying 'small-to-big' retrieval logic...
2025-11-16 00:07:24,875 - INFO - Fetching parent chunk '800f1dbd-d802-4f7b-88a7-80a85343affc' for child 'cdf276ed-a82f-411a-abbf-486060adecac'
2025-11-16 00:07:24,884 - INFO - Fetching parent chunk 'cdf276ed-a82f-411a-abbf-486060adecac' for child 'af3014c6-bbf6-4b49-a6b8-c1bd0769a5d7'
2025-11-16 00:07:24,891 - INFO - Retrieved 3 final context chunks.
2025-11-16 00:13:51,503 - INFO - Setting up Elasticsearch client at: http://localhost:9200
2025-11-16 00:13:51,626 - INFO - Preferred device: cuda
2025-11-16 00:13:51,626 - INFO - Loading tokenizer: BAAI/bge-base-en-v1.5
2025-11-16 00:13:52,258 - INFO - Loading embedding model on CPU: BAAI/bge-base-en-v1.5
2025-11-16 00:13:52,632 - INFO - Loading reranker model on CPU: BAAI/bge-reranker-base
2025-11-16 00:13:55,104 - INFO - --- Query: 'd block and f block elements' ---
2025-11-16 00:13:55,116 - INFO - Moving embedding model to compute device for embedding...
2025-11-16 00:13:55,717 - INFO - Offloading embedding model back to CPU...
2025-11-16 00:13:55,908 - INFO - Step 1: Retrieving top 20 hybrid results from Elasticsearch...
2025-11-16 00:13:55,962 - INFO - Step 2: Reranking 20 results...
2025-11-16 00:13:55,962 - INFO - Moving reranker to compute device for reranking...
2025-11-16 00:13:57,232 - INFO - Offloading reranker back to CPU...
2025-11-16 00:13:57,947 - INFO - Step 3: Applying 'small-to-big' retrieval logic...
2025-11-16 00:13:57,947 - INFO - Fetching parent chunk 'cdf276ed-a82f-411a-abbf-486060adecac' for child 'af3014c6-bbf6-4b49-a6b8-c1bd0769a5d7'
2025-11-16 00:13:57,970 - INFO - Fetching parent chunk '800f1dbd-d802-4f7b-88a7-80a85343affc' for child 'cdf276ed-a82f-411a-abbf-486060adecac'
2025-11-16 00:13:57,977 - INFO - Retrieved 3 final context chunks.
2025-11-16 00:17:24,509 - INFO - Setting up Elasticsearch client at: http://localhost:9200
2025-11-16 00:17:25,296 - INFO - Preferred device: cuda
2025-11-16 00:17:25,296 - INFO - Loading tokenizer: BAAI/bge-base-en-v1.5
2025-11-16 00:17:25,926 - INFO - Loading embedding model on CPU: BAAI/bge-base-en-v1.5
2025-11-16 00:17:26,291 - INFO - Loading reranker model on CPU: BAAI/bge-reranker-base
2025-11-16 00:17:28,630 - INFO - --- Query: 'd block and f block elements' ---
2025-11-16 00:17:28,645 - INFO - Moving embedding model to compute device for embedding...
2025-11-16 00:17:29,085 - INFO - Offloading embedding model back to CPU...
2025-11-16 00:17:29,275 - INFO - Step 1: Retrieving top 20 hybrid results from Elasticsearch...
2025-11-16 00:17:29,475 - INFO - Step 2: Reranking 20 results...
2025-11-16 00:17:29,475 - INFO - Moving reranker to compute device for reranking...
2025-11-16 00:17:30,427 - INFO - Offloading reranker back to CPU...
2025-11-16 00:17:30,882 - INFO - Step 3: Applying 'small-to-big' retrieval logic...
2025-11-16 00:17:30,882 - INFO - Fetching parent chunk 'cdf276ed-a82f-411a-abbf-486060adecac' for child 'af3014c6-bbf6-4b49-a6b8-c1bd0769a5d7'
2025-11-16 00:17:30,912 - INFO - Fetching parent chunk '800f1dbd-d802-4f7b-88a7-80a85343affc' for child 'cdf276ed-a82f-411a-abbf-486060adecac'
2025-11-16 00:17:30,925 - INFO - Retrieved 3 final context chunks.
2025-11-16 00:28:09,013 - INFO - Setting up Elasticsearch client at: http://localhost:9200
2025-11-16 00:28:09,705 - INFO - Preferred device: cuda
2025-11-16 00:28:09,705 - INFO - Loading tokenizer: BAAI/bge-base-en-v1.5
2025-11-16 00:28:10,367 - INFO - Loading embedding model on CPU: BAAI/bge-base-en-v1.5
2025-11-16 00:28:10,707 - INFO - Loading reranker model on CPU: BAAI/bge-reranker-base
2025-11-16 00:28:12,908 - INFO - --- Query: 'periodic table' ---
2025-11-16 00:28:12,911 - INFO - Moving embedding model to compute device for embedding...
2025-11-16 00:28:13,324 - INFO - Offloading embedding model back to CPU...
2025-11-16 00:28:13,489 - INFO - Step 1: Retrieving top 20 hybrid results from Elasticsearch...
2025-11-16 00:28:13,562 - INFO - Step 2: Reranking 20 results...
2025-11-16 00:28:13,562 - INFO - Moving reranker to compute device for reranking...
2025-11-16 00:28:14,809 - INFO - Offloading reranker back to CPU...
2025-11-16 00:28:15,209 - INFO - Step 3: Applying 'small-to-big' retrieval logic...
2025-11-16 00:28:15,209 - INFO - Fetching parent chunk 'e5221e95-326e-4617-a43b-3391133b3bbc' for child '84fb4e3a-31b2-4e01-8387-ecb86dd16fd8'
2025-11-16 00:28:15,235 - INFO - Fetching parent chunk '2e886769-0d4b-4889-a20b-ca2ac0b1d77f' for child '0f5fd2b6-b2ee-4206-995c-672be52f134c'
2025-11-16 00:28:15,240 - INFO - Fetching parent chunk '1dcf5d6f-285a-48de-96ac-d882655f9b99' for child '2e886769-0d4b-4889-a20b-ca2ac0b1d77f'
2025-11-16 00:28:15,245 - INFO - Fetching parent chunk 'd9397e29-c641-43cb-8939-44f386cd43b1' for child 'dfef914f-560d-4bcd-88a4-80f3c7a7daca'
2025-11-16 00:28:15,258 - INFO - Retrieved 5 final context chunks.
2025-11-16 00:31:07,500 - INFO - Setting up Elasticsearch client at: http://localhost:9200
2025-11-16 00:31:08,216 - INFO - Preferred device: cuda
2025-11-16 00:31:08,216 - INFO - Loading tokenizer: BAAI/bge-base-en-v1.5
2025-11-16 00:31:08,843 - INFO - Loading embedding model on CPU: BAAI/bge-base-en-v1.5
2025-11-16 00:31:09,258 - INFO - Loading reranker model on CPU: BAAI/bge-reranker-base
2025-11-16 00:31:11,709 - INFO - --- Query: 'periodic table' ---
2025-11-16 00:31:11,721 - INFO - Moving embedding model to compute device for embedding...
2025-11-16 00:31:12,358 - INFO - Offloading embedding model back to CPU...
2025-11-16 00:31:12,560 - INFO - Step 1: Retrieving top 20 hybrid results from Elasticsearch...
2025-11-16 00:31:12,610 - INFO - Step 2: Reranking 20 results...
2025-11-16 00:31:12,610 - INFO - Moving reranker to compute device for reranking...
2025-11-16 00:31:13,923 - INFO - Offloading reranker back to CPU...
2025-11-16 00:31:14,496 - INFO - Step 3: Applying 'small-to-big' retrieval logic...
2025-11-16 00:31:14,496 - INFO - Fetching parent chunk 'e5221e95-326e-4617-a43b-3391133b3bbc' for child '84fb4e3a-31b2-4e01-8387-ecb86dd16fd8'
2025-11-16 00:31:14,515 - INFO - Fetching parent chunk '2e886769-0d4b-4889-a20b-ca2ac0b1d77f' for child '0f5fd2b6-b2ee-4206-995c-672be52f134c'
2025-11-16 00:31:14,521 - INFO - Fetching parent chunk '1dcf5d6f-285a-48de-96ac-d882655f9b99' for child '2e886769-0d4b-4889-a20b-ca2ac0b1d77f'
2025-11-16 00:31:14,528 - INFO - Fetching parent chunk 'd9397e29-c641-43cb-8939-44f386cd43b1' for child 'dfef914f-560d-4bcd-88a4-80f3c7a7daca'
2025-11-16 00:31:14,536 - INFO - Retrieved 5 final context chunks.
2025-11-16 00:39:36,790 - INFO - --- Query: 'the periodic table' ---
2025-11-16 00:39:36,812 - INFO - Moving embedding model to compute device for embedding...
2025-11-16 00:39:36,926 - INFO - Offloading embedding model back to CPU...
2025-11-16 00:39:37,089 - INFO - Step 1: Retrieving top 20 hybrid results from Elasticsearch...
2025-11-16 00:39:37,210 - INFO - Step 2: Reranking 20 results...
2025-11-16 00:39:37,210 - INFO - Moving reranker to compute device for reranking...
2025-11-16 00:39:38,073 - INFO - Offloading reranker back to CPU...
2025-11-16 00:39:38,495 - INFO - Step 3: Applying 'small-to-big' retrieval logic...
2025-11-16 00:39:38,495 - INFO - Fetching parent chunk 'e5221e95-326e-4617-a43b-3391133b3bbc' for child '84fb4e3a-31b2-4e01-8387-ecb86dd16fd8'
2025-11-16 00:39:38,505 - INFO - Fetching parent chunk '2e886769-0d4b-4889-a20b-ca2ac0b1d77f' for child '0f5fd2b6-b2ee-4206-995c-672be52f134c'
2025-11-16 00:39:38,513 - INFO - Fetching parent chunk 'd9397e29-c641-43cb-8939-44f386cd43b1' for child 'dfef914f-560d-4bcd-88a4-80f3c7a7daca'
2025-11-16 00:39:38,520 - INFO - Fetching parent chunk '9c56acb4-3544-4723-aa08-f18f8fba6549' for child 'f83db6ce-05ae-4a8e-9c56-46eab1b2d150'
2025-11-16 00:39:38,528 - INFO - Retrieved 5 final context chunks.
2025-11-16 16:58:16,473 - INFO - Setting up Elasticsearch client at: http://localhost:9200
2025-11-16 16:58:16,653 - INFO - Preferred device: cuda
2025-11-16 16:58:16,653 - INFO - Loading tokenizer: BAAI/bge-base-en-v1.5
2025-11-16 16:58:17,860 - INFO - Loading embedding model on CPU: BAAI/bge-base-en-v1.5
2025-11-16 16:58:18,305 - INFO - Loading reranker model on CPU: BAAI/bge-reranker-base
2025-11-16 16:58:21,072 - INFO - --- Query: 'periodic table' ---
2025-11-16 16:58:21,085 - INFO - Moving embedding model to compute device for embedding...
2025-11-16 16:58:22,182 - INFO - Offloading embedding model back to CPU...
2025-11-16 16:58:22,754 - INFO - Step 1: Retrieving top 20 hybrid results from Elasticsearch...
2025-11-16 16:58:23,745 - INFO - Step 2: Reranking 20 results...
2025-11-16 16:58:23,745 - INFO - Moving reranker to compute device for reranking...
2025-11-16 16:58:25,788 - INFO - Offloading reranker back to CPU...
2025-11-16 16:58:28,691 - INFO - Step 3: Applying 'small-to-big' retrieval logic...
2025-11-16 16:58:28,691 - INFO - Fetching parent chunk 'e5221e95-326e-4617-a43b-3391133b3bbc' for child '84fb4e3a-31b2-4e01-8387-ecb86dd16fd8'
2025-11-16 16:58:29,637 - INFO - Fetching parent chunk '2e886769-0d4b-4889-a20b-ca2ac0b1d77f' for child '0f5fd2b6-b2ee-4206-995c-672be52f134c'
2025-11-16 16:58:29,653 - INFO - Fetching parent chunk '1dcf5d6f-285a-48de-96ac-d882655f9b99' for child '2e886769-0d4b-4889-a20b-ca2ac0b1d77f'
2025-11-16 16:58:29,694 - INFO - Fetching parent chunk 'd9397e29-c641-43cb-8939-44f386cd43b1' for child 'dfef914f-560d-4bcd-88a4-80f3c7a7daca'
2025-11-16 16:58:29,702 - INFO - Retrieved 5 final context chunks.
